,show_id,type,director,country,date_added,release_year,content_rating,duration_value,duration_type
0,s1,Movie,Kirsten Johnson,United States,"September 25, 2021",2020,Parents Strongly Cautioned,90,Minutes
7,s8,Movie,Haile Gerima,United States,"September 24, 2021",1993,Mature Adults,125,Minutes
8,s9,TV Show,Andy Devonshire,United Kingdom,"September 24, 2021",2021,14+ Teens,9,Seasons
9,s10,Movie,Theodore Melfi,United States,"September 24, 2021",2021,Parents Strongly Cautioned,104,Minutes
12,s13,Movie,Christian Schwochow,Germany,"September 23, 2021",2021,Mature Adults,127,Minutes
24,s25,Movie,S. Shankar,India,"September 21, 2021",1998,14+ Teens,166,Minutes
27,s28,Movie,Dennis Dugan,United States,"September 20, 2021",2010,Parents Strongly Cautioned,103,Minutes
28,s29,Movie,Scott Stewart,United States,"September 19, 2021",2013,Parents Strongly Cautioned,97,Minutes
29,s30,Movie,Robert Luketic,United States,"September 19, 2021",2013,Parents Strongly Cautioned,106,Minutes
38,s39,Movie,George Nolfi,China,"September 16, 2021",2017,Parents Strongly Cautioned,96,Minutes
41,s42,Movie,Steven Spielberg,United States,"September 16, 2021",1975,Parental Guidance,124,Minutes
42,s43,Movie,Jeannot Szwarc,United States,"September 16, 2021",1978,Parental Guidance,116,Minutes
43,s44,Movie,Joe Alves,United States,"September 16, 2021",1983,Parental Guidance,98,Minutes
44,s45,Movie,Joseph Sargent,United States,"September 16, 2021",1987,Parents Strongly Cautioned,91,Minutes
46,s47,Movie,Daniel Espinosa,South Africa,"September 16, 2021",2012,Restricted,115,Minutes
48,s49,Movie,Antoine Fuqua,United States,"September 16, 2021",2001,Restricted,122,Minutes
51,s52,Movie,Toshiya Shinohara,Japan,"September 15, 2021",2002,14+ Teens,99,Minutes
52,s53,Movie,Toshiya Shinohara,Japan,"September 15, 2021",2003,14+ Teens,99,Minutes
53,s54,Movie,Toshiya Shinohara,Japan,"September 15, 2021",2004,Parental Guidance,88,Minutes
54,s55,Movie,Toshiya Shinohara,Japan,"September 15, 2021",2001,Parental Guidance,100,Minutes
56,s57,Movie,Masahiko Murata,Japan,"September 15, 2021",2011,14+ Teens,102,Minutes
57,s58,Movie,Hajime Kamegaki,Japan,"September 15, 2021",2008,Parental Guidance,93,Minutes
58,s59,Movie,Masahiko Murata,Japan,"September 15, 2021",2009,Parental Guidance,96,Minutes
59,s60,Movie,Hajime Kamegaki,Japan,"September 15, 2021",2007,Parental Guidance,95,Minutes
60,s61,Movie,Masahiko Murata,Japan,"September 15, 2021",2010,14+ Teens,85,Minutes
61,s62,Movie,Hirotsugu Kawasaki,Japan,"September 15, 2021",2005,Parental Guidance,97,Minutes
62,s63,Movie,Toshiyuki Tsuru,Japan,"September 15, 2021",2006,Parental Guidance,95,Minutes
63,s64,Movie,Tensai Okamura,Japan,"September 15, 2021",2004,Parental Guidance,83,Minutes
73,s74,Movie,Kemi Adetiba,Nigeria,"September 14, 2021",2018,Mature Adults,182,Minutes
81,s82,Movie,Cedric Nicolas-Troyan,United States,"September 10, 2021",2021,Restricted,106,Minutes
84,s85,Movie,"JJC Skillz, Funke Akindele",Nigeria,"September 10, 2021",2020,Mature Adults,147,Minutes
90,s91,Movie,Alice Waddington,Spain,"September 9, 2021",2019,Mature Adults,95,Minutes
91,s92,Movie,"Mona Achache, Patricia Tourancheau",France,"September 9, 2021",2021,14+ Teens,92,Minutes
94,s95,Movie,Raja Gosnell,United Kingdom,"September 8, 2021",2018,Parental Guidance,90,Minutes
96,s97,Movie,Stephen Kijak,United States,"September 7, 2021",2018,Mature Adults,97,Minutes
101,s102,Movie,"Chapman Way, Maclain Way",United States,"September 7, 2021",2021,Mature Adults,80,Minutes
105,s106,Movie,Lijo Jose Pellissery,India,"September 5, 2021",2017,14+ Teens,128,Minutes
107,s108,Movie,David de Vos,United States,"September 4, 2021",2018,General,90,Minutes
114,s115,Movie,Rahul Rawail,India,"September 2, 2021",1994,14+ Teens,143,Minutes
115,s116,Movie,Jane Campion,United Kingdom,"September 2, 2021",2009,Parental Guidance,119,Minutes
116,s117,Movie,Nagesh Kukunoor,India,"September 2, 2021",2015,Parental Guidance,114,Minutes
117,s118,Movie,Luke Holland,United Kingdom,"September 2, 2021",2021,Parents Strongly Cautioned,94,Minutes
118,s119,Movie,Shanker Raman,India,"September 2, 2021",2017,14+ Teens,106,Minutes
122,s123,Movie,Jane Campion,United Kingdom,"September 2, 2021",2003,Restricted,118,Minutes
126,s127,Movie,Vidhu Vinod Chopra,India,"September 2, 2021",2020,14+ Teens,115,Minutes
127,s128,Movie,Mark Rosman,United States,"September 1, 2021",2004,Parental Guidance,95,Minutes
129,s130,Movie,Lasse Hallström,Germany,"September 1, 2021",2005,Parents Strongly Cautioned,108,Minutes
131,s132,Movie,Ridley Scott,United States,"September 1, 2021",1982,Restricted,117,Minutes
133,s134,Movie,Neill Blomkamp,South Africa,"September 1, 2021",2015,Restricted,121,Minutes
134,s135,Movie,Phillip Noyce,United States,"September 1, 2021",1994,Parents Strongly Cautioned,142,Minutes
135,s136,Movie,Renny Harlin,United States,"September 1, 2021",1993,Restricted,113,Minutes
136,s137,Movie,Anthony Minghella,United States,"September 1, 2021",2003,Restricted,154,Minutes
137,s138,Movie,Simon Wincer,Australia,"September 1, 2021",2001,Parental Guidance,95,Minutes
138,s139,Movie,Lasse Hallström,United States,"September 1, 2021",2010,Parents Strongly Cautioned,108,Minutes
139,s140,Movie,Spike Lee,United States,"September 1, 2021",1989,Restricted,120,Minutes
140,s141,Movie,Sebastián Schindel,Argentina,"September 1, 2021",2014,Mature Adults,100,Minutes
141,s142,Movie,Steven C. Miller,United States,"September 1, 2021",2015,Restricted,82,Minutes
142,s143,Movie,Richard LaGravenese,Germany,"September 1, 2021",2007,Parents Strongly Cautioned,124,Minutes
143,s144,Movie,Martin Campbell,United States,"September 1, 2021",2011,Parents Strongly Cautioned,114,Minutes
144,s145,Movie,Reginald Hudlin,United States,"September 1, 2021",1990,Restricted,104,Minutes
145,s146,Movie,"George Jackson, Doug McHenry",United States,"September 1, 2021",1991,Restricted,94,Minutes
146,s147,Movie,Eric Meza,United States,"September 1, 2021",1994,Restricted,94,Minutes
149,s150,Movie,Michael Martin,United States,"September 1, 2021",1998,Restricted,93,Minutes
150,s151,Movie,Michael Rymer,United States,"September 1, 2021",1999,Restricted,97,Minutes
151,s152,Movie,"Andrew Lau Wai-keung, Alan Mak",China,"September 1, 2021",2005,14+ Teens,109,Minutes
152,s153,Movie,Brett Weiner,United States,"September 1, 2021",2016,Mature Adults,88,Minutes
155,s156,Movie,Jim Henson,United Kingdom,"September 1, 2021",1986,Parental Guidance,101,Minutes
156,s157,Movie,Gary Winick,United States,"September 1, 2021",2010,Parental Guidance,105,Minutes
157,s158,Movie,Danishka Esterhazy,Canada,"September 1, 2021",2018,14+ Teens,102,Minutes
158,s159,Movie,Troy Byer,United States,"September 1, 2021",2003,Parents Strongly Cautioned,101,Minutes
159,s160,Movie,Pang Ho-cheung,Hong Kong,"September 1, 2021",2010,Mature Adults,103,Minutes
161,s162,Movie,Tim Burton,United States,"September 1, 2021",1996,Parents Strongly Cautioned,106,Minutes
162,s163,Movie,Reginald Hudlin,United States,"September 1, 2021",2017,Parents Strongly Cautioned,118,Minutes
163,s164,Movie,David Zucker,United States,"September 1, 2021",2003,Restricted,86,Minutes
164,s165,Movie,Kinka Usher,United States,"September 1, 2021",1999,Parents Strongly Cautioned,121,Minutes
166,s167,Movie,Sergio Leone,Italy,"September 1, 2021",1984,Restricted,229,Minutes
167,s168,Movie,"Matthew O'Callaghan, Todd Wilderman",United States,"September 1, 2021",2008,Parental Guidance,76,Minutes
168,s169,Movie,"Bobby Farrelly, Peter Farrelly",United States,"September 1, 2021",2001,Parental Guidance,95,Minutes
169,s170,Movie,Wolfgang Petersen,United States,"September 1, 2021",2006,Parents Strongly Cautioned,98,Minutes
170,s171,Movie,Peter Spirer,United States,"September 1, 2021",1997,Restricted,89,Minutes
171,s172,Movie,Michael Carney,United States,"September 1, 2021",2017,Parents Strongly Cautioned,120,Minutes
172,s173,Movie,Richard Linklater,United States,"September 1, 2021",2003,Parents Strongly Cautioned,110,Minutes
173,s174,Movie,Amy Rice,United States,"September 1, 2021",2015,Parents Strongly Cautioned,83,Minutes
174,s175,Movie,Antoine Fuqua,United States,"September 1, 2021",2003,Restricted,121,Minutes
175,s176,Movie,Randal Kleiser,United States,"September 1, 2021",1980,Restricted,105,Minutes
176,s177,Movie,Michael Ritchie,United States,"September 1, 2021",1986,Parents Strongly Cautioned,94,Minutes
177,s178,Movie,J. Lee Thompson,United Kingdom,"September 1, 2021",1961,14+ Teens,156,Minutes
178,s179,Movie,"Evan Goldberg, Seth Rogen",United States,"September 1, 2021",2014,Restricted,112,Minutes
179,s180,Movie,Tom Shadyac,United States,"September 1, 2021",1996,Parents Strongly Cautioned,95,Minutes
182,s183,Movie,Malcolm D. Lee,United States,"September 1, 2021",2008,Parents Strongly Cautioned,114,Minutes
183,s184,Movie,Wolfgang Petersen,United States,"August 31, 2021",1993,Restricted,129,Minutes
188,s189,Movie,"Ramzy Bedia, Éric Judor",France,"August 28, 2021",2008,Mature Adults,97,Minutes
190,s191,Movie,Sharan Koppisetty,India,"August 28, 2021",2021,14+ Teens,125,Minutes
191,s192,Movie,Taylor Sheridan,United Kingdom,"August 28, 2021",2017,Restricted,107,Minutes
192,s193,Movie,Sachin Yardi,India,"August 27, 2021",2008,14+ Teens,127,Minutes
195,s196,Movie,Saurabh Kabra,India,"August 27, 2021",2008,14+ Teens,128,Minutes
198,s199,TV Show,Kemi Adetiba,Nigeria,"August 27, 2021",2021,Mature Adults,1,Seasons
199,s200,Movie,Partho Mitra,India,"August 27, 2021",2006,14+ Teens,135,Minutes
200,s201,Movie,Santram Varma,India,"August 27, 2021",2004,14+ Teens,124,Minutes
201,s202,Movie,"Anil V. Kumar, Anurag Basu",India,"August 27, 2021",2003,14+ Teens,136,Minutes
202,s203,Movie,Sangeeth Sivan,India,"August 27, 2021",2005,Mature Adults,165,Minutes
203,s204,Movie,Umesh Ghadge,India,"August 27, 2021",2016,Mature Adults,124,Minutes
204,s205,Movie,Sachin Yardi,India,"August 27, 2021",2012,Mature Adults,136,Minutes
205,s206,Movie,David Dhawan,India,"August 27, 2021",2001,14+ Teens,150,Minutes
206,s207,Movie,Dibakar Banerjee,India,"August 27, 2021",2010,Mature Adults,112,Minutes
207,s208,Movie,Apoorva Lakhia,India,"August 27, 2021",2008,14+ Teens,119,Minutes
208,s209,Movie,Milan Luthria,India,"August 27, 2021",2010,14+ Teens,133,Minutes
209,s210,Movie,Milan Luthria,India,"August 27, 2021",2013,14+ Teens,142,Minutes
210,s211,Movie,Pawan Kripalani,India,"August 27, 2021",2011,Mature Adults,93,Minutes
211,s212,Movie,Bhushan Patel,India,"August 27, 2021",2014,Mature Adults,113,Minutes
215,s216,Movie,Apoorva Lakhia,India,"August 27, 2021",2007,Mature Adults,116,Minutes
216,s217,Movie,"Raj Nidimoru, Krishna D.K.",India,"August 27, 2021",2011,14+ Teens,106,Minutes
217,s218,Movie,Milan Luthria,India,"August 27, 2021",2011,14+ Teens,145,Minutes
227,s228,Movie,Angel Kristi Williams,United States,"August 25, 2021",2020,Mature Adults,95,Minutes
228,s229,Movie,Roger Donaldson,United States,"August 25, 2021",2014,Restricted,108,Minutes
229,s230,Movie,Christopher Alender,United States,"August 25, 2021",2020,Mature Adults,90,Minutes
231,s232,Movie,David Oyelowo,United States,"August 25, 2021",2021,Parental Guidance,92,Minutes
233,s234,Movie,Mark Lo,United Kingdom,"August 24, 2021",2021,Mature Adults,82,Minutes
247,s248,Movie,Brian Andrew Mendoza,United States,"August 20, 2021",2021,Restricted,110,Minutes
251,s252,Movie,Drake Doremus,United States,"August 19, 2021",2011,Parents Strongly Cautioned,91,Minutes
253,s254,Movie,Mani Ratnam,India,"August 18, 2021",1995,14+ Teens,135,Minutes
259,s260,Movie,Paakhi Tyrewala,India,"August 18, 2021",2018,Parental Guidance,82,Minutes
264,s265,Movie,Steve Brill,United States,"August 16, 2021",2014,Restricted,94,Minutes
267,s268,Movie,Jane Campion,New Zealand,"August 15, 2021",1993,Restricted,121,Minutes
270,s271,Movie,Ferdinando Cito Filomarino,Italy,"August 13, 2021",2021,Mature Adults,110,Minutes
273,s274,TV Show,Juan Carlos Medina,France,"August 13, 2021",2021,Mature Adults,1,Seasons
276,s277,TV Show,Inma Torrente,Spain,"August 13, 2021",2021,Mature Adults,2,Seasons
278,s279,Movie,Julián Gaviria,Colombia,"August 12, 2021",2021,Mature Adults,64,Minutes
279,s280,Movie,Steven Yamamoto,United States,"August 12, 2021",2021,Parental Guidance,59,Minutes
281,s282,Movie,Charles Uwagbai,Nigeria,"August 11, 2021",2016,14+ Teens,101,Minutes
282,s283,Movie,Julián Hernández,Mexico,"August 11, 2021",2020,Mature Adults,127,Minutes
283,s284,Movie,Sam Hobkinson,Belgium,"August 11, 2021",2021,Parents Strongly Cautioned,90,Minutes
284,s285,Movie,Vince Marcello,United Kingdom,"August 11, 2021",2021,14+ Teens,114,Minutes
285,s286,Movie,Jonathan Teplitzky,Switzerland,"August 11, 2021",2013,Restricted,108,Minutes
290,s291,Movie,Floyd Russ,United States,"August 10, 2021",2021,Mature Adults,70,Minutes
292,s293,Movie,Dustin Hoffman,United Kingdom,"August 8, 2021",2012,Parents Strongly Cautioned,98,Minutes
293,s294,Movie,Adze Ugah,South Africa,"August 8, 2021",2021,Mature Adults,86,Minutes
295,s296,Movie,Quoc Bao Tran,United States,"August 7, 2021",2021,Parents Strongly Cautioned,111,Minutes
297,s298,TV Show,"Bejoy Nambiar, Priyadarshan, Karthik Narain, Vasanth Sai, Karthik Subbaraj, Arvind Swamy, Rathindran R Prasad, Sarjun, Gautham Vasudev Menon",India,"August 6, 2021",2021,Mature Adults,1,Seasons
298,s299,Movie,Kayode Kasum,Nigeria,"August 6, 2021",2020,Mature Adults,115,Minutes
299,s300,Movie,Just Philippot,France,"August 6, 2021",2021,14+ Teens,102,Minutes
300,s301,Movie,"Kirk DeMicco, Brandon Jeffords",Canada,"August 6, 2021",2021,Parental Guidance,100,Minutes
301,s302,Movie,Rohit Shetty,India,"August 5, 2021",2013,14+ Teens,135,Minutes
302,s303,Movie,"Cavi Borges, Luciano Vidigal",Brazil,"August 5, 2021",2013,Mature Adults,69,Minutes
303,s304,Movie,Alejandro Doria,Argentina,"August 5, 2021",1985,Mature Adults,95,Minutes
304,s305,Movie,Laura Fairrie,United Kingdom,"August 5, 2021",2021,14+ Teens,97,Minutes
305,s306,Movie,Marcelo Piñeyro,Argentina,"August 5, 2021",1993,Mature Adults,124,Minutes
306,s307,Movie,Izu Ojukwu,Nigeria,"August 4, 2021",2016,Parental Guidance,118,Minutes
307,s308,Movie,Peter Winther,United States,"August 4, 2021",2021,Mature Adults,115,Minutes
308,s309,Movie,Susan Lacy,United States,"August 4, 2021",2012,Mature Adults,115,Minutes
310,s311,TV Show,Billy Corben,United States,"August 4, 2021",2021,Mature Adults,1,Seasons
314,s315,Movie,James Mangold,United States,"August 3, 2021",1995,Restricted,104,Minutes
315,s316,Movie,Chineze Anyaene,United States,"August 3, 2021",2010,Mature Adults,106,Minutes
316,s317,TV Show,Hsu Fu-chun,Taiwan,"August 3, 2021",2011,14+ Teens,1,Seasons
317,s318,Movie,Kristine Stolakis,United States,"August 3, 2021",2021,Parents Strongly Cautioned,102,Minutes
325,s326,Movie,Brian Levant,United States,"August 1, 2021",1992,Parental Guidance,87,Minutes
326,s327,Movie,Rod Daniel,United States,"August 1, 2021",1993,Parental Guidance,88,Minutes
327,s328,Movie,Robert Zemeckis,United States,"August 1, 2021",2007,Parents Strongly Cautioned,114,Minutes
328,s329,Movie,Todor Chapkanov,Bulgaria,"August 1, 2021",2016,Restricted,90,Minutes
329,s330,Movie,Steven Spielberg,United States,"August 1, 2021",2002,Parents Strongly Cautioned,142,Minutes
330,s331,Movie,"Phil Lord, Christopher Miller",United States,"August 1, 2021",2009,Parental Guidance,90,Minutes
332,s333,Movie,Renny Harlin,United States,"August 1, 2021",1999,Restricted,105,Minutes
333,s334,Movie,John Hughes,United States,"August 1, 2021",1986,Parents Strongly Cautioned,103,Minutes
334,s335,Movie,Justin Baldoni,United States,"August 1, 2021",2019,Parents Strongly Cautioned,116,Minutes
335,s336,Movie,Joe Roth,United States,"August 1, 2021",2006,Restricted,113,Minutes
337,s338,Movie,Mark Helfrich,United States,"August 1, 2021",2007,Restricted,99,Minutes
340,s341,Movie,Christopher Nolan,United States,"August 1, 2021",2010,Parents Strongly Cautioned,148,Minutes
341,s342,Movie,Paul Thomas Anderson,United States,"August 1, 2021",1999,Restricted,189,Minutes
342,s343,Movie,Nick Castle,United States,"August 1, 2021",1995,Parents Strongly Cautioned,97,Minutes
343,s344,Movie,Howard Zieff,United States,"August 1, 2021",1991,Parents Strongly Cautioned,102,Minutes
344,s345,Movie,Howard Zieff,United States,"August 1, 2021",1994,Parental Guidance,99,Minutes
345,s346,Movie,David Feiss,United States,"August 1, 2021",2015,Parental Guidance,85,Minutes
346,s347,Movie,David Gordon Green,United States,"August 1, 2021",2008,Restricted,112,Minutes
347,s348,Movie,Jorge Blanco,Spain,"August 1, 2021",2009,Parental Guidance,91,Minutes
348,s349,Movie,Zara Hayes,United Kingdom,"August 1, 2021",2019,Parents Strongly Cautioned,91,Minutes
349,s350,Movie,Gary Ross,United States,"August 1, 2021",2003,Parents Strongly Cautioned,141,Minutes
350,s351,Movie,Clint Eastwood,United States,"August 1, 2021",2000,Parents Strongly Cautioned,130,Minutes
351,s352,Movie,Trey Parker,United States,"August 1, 2021",2004,Restricted,98,Minutes
352,s353,Movie,Kelly Fremon Craig,United States,"August 1, 2021",2016,Restricted,105,Minutes
353,s354,Movie,Tom Elkins,United States,"August 1, 2021",2013,Restricted,101,Minutes
354,s355,Movie,Tony Scott,United States,"August 1, 2021",1991,Restricted,105,Minutes
355,s356,Movie,Brad Furman,United States,"August 1, 2021",2011,Restricted,118,Minutes
356,s357,Movie,Sylvain White,United States,"August 1, 2021",2010,Parents Strongly Cautioned,97,Minutes
357,s358,Movie,Brad Anderson,Spain,"August 1, 2021",2004,Restricted,102,Minutes
358,s359,Movie,Irwin Winkler,United States,"August 1, 2021",1995,Parents Strongly Cautioned,114,Minutes
359,s360,Movie,Spike Lee,United States,"August 1, 2021",2000,Restricted,111,Minutes
360,s361,Movie,Garry Marshall,United States,"August 1, 2021",2010,Parents Strongly Cautioned,125,Minutes
365,s366,Movie,Najwa Najjar,,"July 30, 2021",2014,14+ Teens,103,Minutes
374,s375,Movie,Michelle Bello,Nigeria,"July 29, 2021",2013,Parental Guidance,94,Minutes
377,s378,Movie,Daniel Markowicz,Poland,"July 28, 2021",2021,Mature Adults,92,Minutes
378,s379,Movie,Louie Schwartzberg,United States,"July 28, 2021",2019,14+ Teens,81,Minutes
380,s381,TV Show,Glen Winter,United States,"July 28, 2021",2021,14+ Teens,7,Seasons
383,s384,Movie,Ram Gopal Varma,India,"July 27, 2021",2012,Mature Adults,143,Minutes
389,s390,Movie,Yuval Adler,France,"July 27, 2021",2019,Mature Adults,117,Minutes
392,s393,Movie,Quentin Tarantino,United States,"July 24, 2021",2012,Restricted,165,Minutes
393,s394,Movie,Clay Glen,Australia,"July 23, 2021",2021,Parental Guidance,91,Minutes
402,s403,Movie,Augustine Frizzell,United Kingdom,"July 23, 2021",2021,Mature Adults,111,Minutes
410,s411,Movie,Rajiv Chilaka,India,"July 22, 2021",2013,Kids 7+,64,Minutes
415,s416,Movie,Rajiv Chilaka,India,"July 22, 2021",2009,Kids 7+,68,Minutes
426,s427,Movie,"Ainsley Gardiner, Briar Grace-Smith",New Zealand,"July 22, 2021",2021,Mature Adults,99,Minutes
429,s430,Movie,Seyi Babatope,Nigeria,"July 21, 2021",2020,14+ Teens,105,Minutes
433,s434,Movie,Morgan Ingari,United States,"July 20, 2021",2020,Mature Adults,102,Minutes
436,s437,Movie,Abdulaziz Alshlahei,Saudi Arabia,"July 19, 2021",2021,14+ Teens,91,Minutes
437,s438,Movie,Edward Drake,United States,"July 17, 2021",2021,Restricted,88,Minutes
439,s440,Movie,"Sita Likitvanichkul, Jetarin Ratanaserikiat, Apirak Samudkitpaisan, Thanabodee Uawithya, Adirek Wattaleela",Thailand,"July 16, 2021",2021,Mature Adults,101,Minutes
445,s446,Movie,Sofia Coppola,United States,"July 16, 2021",2017,Restricted,94,Minutes
446,s447,Movie,Colin Trevorrow,United States,"July 16, 2021",2017,Parents Strongly Cautioned,105,Minutes
447,s448,Movie,Bill Condon,United States,"July 16, 2021",2011,Parents Strongly Cautioned,117,Minutes
448,s449,Movie,Bill Condon,United States,"July 16, 2021",2012,Parents Strongly Cautioned,115,Minutes
449,s450,Movie,David Slade,United States,"July 16, 2021",2010,Parents Strongly Cautioned,124,Minutes
450,s451,Movie,Chris Weitz,United States,"July 16, 2021",2009,Parents Strongly Cautioned,131,Minutes
451,s452,Movie,Catherine Hardwicke,United States,"July 16, 2021",2008,Parents Strongly Cautioned,122,Minutes
452,s453,Movie,Hadrah Daeng Ratu,Indonesia,"July 15, 2021",2021,Parental Guidance,113,Minutes
457,s458,Movie,Mayye Zayed,Egypt,"July 15, 2021",2021,Parental Guidance,93,Minutes
460,s461,Movie,"Ash Brannon, Chris Buck",United States,"July 15, 2021",2007,Parental Guidance,86,Minutes
462,s463,Movie,Tom Donahue,United States,"July 15, 2021",2019,Mature Adults,96,Minutes
463,s464,Movie,"Roberto De Feo, Paolo Strippoli",Italy,"July 14, 2021",2021,Mature Adults,95,Minutes
469,s470,Movie,Semi Chellas,United States,"July 13, 2021",2019,Mature Adults,87,Minutes
473,s474,Movie,Viridiana Lieberman,United States,"July 12, 2021",2020,Mature Adults,93,Minutes
474,s475,Movie,Nima Nourizadeh,United States,"July 10, 2021",2015,Restricted,96,Minutes
486,s487,Movie,"Jericca Cleland, Kevin Munroe",Hong Kong,"July 9, 2021",2016,Parental Guidance,94,Minutes
489,s490,Movie,Ahmed Siddiqui,Kuwait,"July 8, 2021",2017,14+ Teens,104,Minutes
491,s492,Movie,Hallie Meyers-Shyer,United States,"July 8, 2021",2017,Parents Strongly Cautioned,97,Minutes
492,s493,Movie,Scott Speer,United States,"July 8, 2021",2018,Parents Strongly Cautioned,91,Minutes
494,s495,Movie,Barry Levinson,United States,"July 8, 2021",2015,Restricted,106,Minutes
496,s497,Movie,Camille Delamarre,France,"July 7, 2021",2014,Parents Strongly Cautioned,90,Minutes
502,s503,Movie,Mahmood Ali-Balogun,Nigeria,"July 7, 2021",2010,14+ Teens,104,Minutes
503,s504,TV Show,Jan Holoubek,Poland,"July 7, 2021",2021,Mature Adults,2,Seasons
506,s507,Movie,Christine Luby,Australia,"July 7, 2021",2021,General Audience,92,Minutes
508,s509,Movie,Yeo Siew Hua,France,"July 6, 2021",2019,Mature Adults,95,Minutes
518,s519,Movie,Hardik Mehta,India,"July 6, 2021",2020,14+ Teens,105,Minutes
528,s529,Movie,"Rajveer Singh Maan, Harpeet Singh",India,"July 6, 2021",2012,14+ Teens,116,Minutes
529,s530,Movie,Youssef Chahine,Egypt,"July 6, 2021",1976,Mature Adults,124,Minutes
531,s532,Movie,"Saw Teong Hin, Nik Amir Mustapha, M.S. Prem Nath",Malaysia,"July 6, 2021",2018,Parental Guidance,101,Minutes
534,s535,Movie,Rano Karno,Indonesia,"July 6, 2021",2019,General Audience,95,Minutes
541,s542,Movie,Pramod Pawar,India,"July 6, 2021",2018,14+ Teens,128,Minutes
542,s543,Movie,Naresh Saigal,India,"July 6, 2021",1959,14+ Teens,143,Minutes
551,s552,Movie,Vinil Mathew,India,"July 2, 2021",2021,Mature Adults,136,Minutes
554,s555,Movie,Ramsey Nouah,Nigeria,"July 2, 2021",2020,Mature Adults,136,Minutes
555,s556,Movie,Bong Joon Ho,South Korea,"July 2, 2021",2013,Restricted,126,Minutes
556,s557,Movie,Kim Tae-hyung,South Korea,"July 2, 2021",2021,14+ Teens,116,Minutes
557,s558,Movie,"Michael Spierig, Peter Spierig",Australia,"July 2, 2021",2018,Parents Strongly Cautioned,100,Minutes
558,s559,Movie,Ernie Barbarash,United States,"July 1, 2021",2012,Restricted,115,Minutes
559,s560,Movie,Wolfgang Petersen,United States,"July 1, 2021",1997,Restricted,125,Minutes
561,s562,Movie,Jay Roach,United States,"July 1, 2021",2002,Parents Strongly Cautioned,94,Minutes
562,s563,Movie,Jay Roach,United States,"July 1, 2021",1997,Parents Strongly Cautioned,90,Minutes
563,s564,Movie,Jay Roach,United States,"July 1, 2021",1999,Parents Strongly Cautioned,95,Minutes
564,s565,Movie,Paul Thomas Anderson,United States,"July 1, 2021",1997,Restricted,155,Minutes
566,s567,Movie,McG,United States,"July 1, 2021",2000,Parents Strongly Cautioned,98,Minutes
567,s568,Movie,Frank Marshall,United States,"July 1, 2021",1995,Parents Strongly Cautioned,108,Minutes
568,s569,Movie,Nick Castle,United States,"July 1, 2021",1993,Parental Guidance,96,Minutes
569,s570,Movie,Victor Vu,Vietnam,"July 1, 2021",2019,14+ Teens,117,Minutes
572,s573,Movie,Joel Hopkins,United Kingdom,"July 1, 2021",2019,Parents Strongly Cautioned,103,Minutes
573,s574,Movie,"John Stevenson, Mark Osborne",United States,"July 1, 2021",2008,Parental Guidance,94,Minutes
574,s575,Movie,Jennifer Yuh Nelson,United States,"July 1, 2021",2011,Parental Guidance,93,Minutes
575,s576,Movie,Greg Berlanti,United States,"July 1, 2021",2010,Parents Strongly Cautioned,115,Minutes
576,s577,Movie,Garth Davis,United Kingdom,"July 1, 2021",2019,Restricted,120,Minutes
578,s579,Movie,Rob Marshall,France,"July 1, 2021",2005,Parents Strongly Cautioned,145,Minutes
579,s580,Movie,Martin Brest,United States,"July 1, 2021",1988,Restricted,126,Minutes
581,s582,Movie,Paul W.S. Anderson,United States,"July 1, 2021",1995,Parents Strongly Cautioned,101,Minutes
582,s583,Movie,Garry Marshall,United States,"July 1, 2021",2016,Parents Strongly Cautioned,118,Minutes
583,s584,Movie,Ivan Reitman,United States,"July 1, 2021",2011,Restricted,109,Minutes
584,s585,Movie,Joel Gallen,United States,"July 1, 2021",2001,Restricted,89,Minutes
585,s586,Movie,Claire McCarthy,United Kingdom,"July 1, 2021",2018,Parents Strongly Cautioned,106,Minutes
589,s590,Movie,Trevor Nunn,United Kingdom,"July 1, 2021",2019,Restricted,101,Minutes
591,s592,Movie,Gabriele Muccino,United States,"July 1, 2021",2008,Parents Strongly Cautioned,123,Minutes
592,s593,Movie,Jim Field Smith,United States,"July 1, 2021",2010,Restricted,106,Minutes
593,s594,Movie,Chris Koch,United States,"July 1, 2021",2000,Parental Guidance,89,Minutes
594,s595,Movie,J.J. Abrams,United States,"July 1, 2021",2009,Parents Strongly Cautioned,128,Minutes
595,s596,Movie,Rob Minkoff,Germany,"July 1, 2021",1999,Parental Guidance,85,Minutes
596,s597,Movie,Lynn Shelton,United States,"July 1, 2021",2019,Restricted,89,Minutes
597,s598,Movie,Adam McKay,United States,"July 1, 2021",2006,Parents Strongly Cautioned,108,Minutes
598,s599,Movie,Anton Corbijn,United States,"July 1, 2021",2010,Restricted,105,Minutes
599,s600,Movie,Robin Bissell,United States,"July 1, 2021",2019,Parents Strongly Cautioned,133,Minutes
600,s601,Movie,David Fincher,United States,"July 1, 2021",1997,Restricted,129,Minutes
601,s602,Movie,John G. Avildsen,United States,"July 1, 2021",1984,Parental Guidance,127,Minutes
602,s603,Movie,John G. Avildsen,United States,"July 1, 2021",1986,Parental Guidance,113,Minutes
603,s604,Movie,John G. Avildsen,United States,"July 1, 2021",1989,Parental Guidance,112,Minutes
604,s605,Movie,Alan Parker,United Kingdom,"July 1, 2021",2003,Restricted,130,Minutes
605,s606,Movie,Walter Hill,United States,"July 1, 2021",1980,Restricted,100,Minutes
606,s607,Movie,Stephen Frears,United Kingdom,"July 1, 2021",2006,Parents Strongly Cautioned,103,Minutes
607,s608,Movie,Bryan Bertino,United States,"July 1, 2021",2008,Restricted,85,Minutes
608,s609,Movie,Phil Alden Robinson,United States,"July 1, 2021",2002,Parents Strongly Cautioned,124,Minutes
609,s610,Movie,Florian Henckel von Donnersmarck,United States,"July 1, 2021",2010,Parents Strongly Cautioned,103,Minutes
610,s611,Movie,Len Wiseman,United States,"July 1, 2021",2003,Restricted,121,Minutes
611,s612,Movie,"Måns Mårlind, Björn Stein",United States,"July 1, 2021",2012,Restricted,89,Minutes
612,s613,Movie,Patrick Tatopoulos,United States,"July 1, 2021",2009,Restricted,92,Minutes
613,s614,Movie,Robert O. Peters,Nigeria,"July 1, 2021",2020,Mature Adults,112,Minutes
614,s615,Movie,Vincent Ward,United States,"July 1, 2021",1998,Parents Strongly Cautioned,114,Minutes
615,s616,Movie,Gregory Nava,United States,"July 1, 2021",1998,Restricted,116,Minutes
618,s619,Movie,Matt Thompson,United States,"June 30, 2021",2021,Mature Adults,98,Minutes
622,s623,Movie,Matt Aselton,United States,"June 30, 2021",2019,Restricted,100,Minutes
630,s631,Movie,Andrew Dominik,United States,"June 28, 2021",2012,Restricted,97,Minutes
634,s635,Movie,Anissa Bonnefont,France,"June 26, 2021",2019,14+ Teens,83,Minutes
635,s636,Movie,Bahij Hojeij,Lebanon,"June 25, 2021",2010,Mature Adults,101,Minutes
636,s637,Movie,Jonathan Hensleigh,United States,"June 25, 2021",2021,Parents Strongly Cautioned,109,Minutes
643,s644,Movie,Justin P. Lange,United States,"June 24, 2021",2021,Restricted,87,Minutes
650,s651,Movie,Jayme Monjardim,Brazil,"June 22, 2021",2016,14+ Teens,96,Minutes
651,s652,Movie,Kingsley Ogoro,Nigeria,"June 22, 2021",2003,Mature Adults,84,Minutes
654,s655,Movie,Cristina Jacob,Romania,"June 21, 2021",2014,Mature Adults,125,Minutes
655,s656,Movie,Cristina Jacob,Romania,"June 21, 2021",2016,Mature Adults,119,Minutes
656,s657,Movie,Cristina Jacob,Romania,"June 21, 2021",2015,Mature Adults,105,Minutes
664,s665,TV Show,Fernando Moro,Spain,"June 19, 2021",2020,Children,2,Seasons
676,s677,TV Show,Rob Seidenglanz,United States,"June 19, 2021",2019,14+ Teens,4,Seasons
681,s682,TV Show,Simon Frederick,United Kingdom,"June 19, 2021",2018,Mature Adults,1,Seasons
685,s686,Movie,Paul Weitz,United States,"June 18, 2021",2021,Parents Strongly Cautioned,111,Minutes
688,s689,Movie,Kayode Kasum,Nigeria,"June 18, 2021",2020,14+ Teens,119,Minutes
694,s695,Movie,Soudade Kaadan,Lebanon,"June 17, 2021",2019,Parental Guidance,13,Minutes
698,s699,Movie,Antoinette Jadaone,Philippines,"June 17, 2021",2020,Mature Adults,101,Minutes
701,s702,Movie,Marie Clements,Canada,"June 17, 2021",2019,Mature Adults,96,Minutes
702,s703,Movie,David O. Russell,United States,"June 17, 2021",2012,Restricted,122,Minutes
705,s706,Movie,Max Jabs,Germany,"June 16, 2021",2019,14+ Teens,89,Minutes
708,s709,Movie,Ricardo de Montreuil,United States,"June 16, 2021",2016,Parents Strongly Cautioned,98,Minutes
711,s712,Movie,Peter Chelsom,Italy,"June 16, 2021",2021,Mature Adults,119,Minutes
716,s717,Movie,Francine Parker,United States,"June 15, 2021",1972,Mature Adults,104,Minutes
718,s719,Movie,Daniel Schechter,United States,"June 15, 2021",2013,Restricted,101,Minutes
721,s722,Movie,Mike Gunther,United States,"June 15, 2021",2020,Restricted,99,Minutes
722,s723,Movie,David Zeiger,United States,"June 15, 2021",2005,Mature Adults,84,Minutes
723,s724,TV Show,Michael Simon,United States,"June 15, 2021",2014,General Audience,1,Seasons
724,s725,Movie,Jerry Rothwell,United States,"June 15, 2021",2021,14+ Teens,82,Minutes
726,s727,TV Show,"Joe Berlinger, Bruce Sinofsky",United States,"June 13, 2021",2014,Mature Adults,1,Seasons
727,s728,Movie,"Ian Cheney, Sharon Shattuck",United States,"June 13, 2021",2020,Mature Adults,97,Minutes
728,s729,Movie,Bradley Parker,United States,"June 13, 2021",2021,Mature Adults,89,Minutes
735,s736,Movie,Prabhakaran,India,"June 11, 2021",2021,Parental Guidance,113,Minutes
736,s737,Movie,Manjari Makijany,United States,"June 11, 2021",2021,Parental Guidance,110,Minutes
737,s738,TV Show,Jay Oliva,Philippines,"June 11, 2021",2021,Mature Adults,1,Seasons
739,s740,Movie,Chris Appelhans,China,"June 11, 2021",2021,Parental Guidance,102,Minutes
740,s741,Movie,Michael Tiddes,United States,"June 10, 2021",2014,Restricted,86,Minutes
741,s742,Movie,Lara Saba,Lebanon,"June 10, 2021",2012,Mature Adults,91,Minutes
742,s743,Movie,"Bao Nhan, Namcito",Vietnam,"June 10, 2021",2021,Mature Adults,117,Minutes
743,s744,Movie,Mark Raso,Canada,"June 10, 2021",2014,Mature Adults,99,Minutes
745,s746,Movie,Tariq Alkazim,United Arab Emirates,"June 10, 2021",2019,14+ Teens,77,Minutes
746,s747,Movie,Mark Raso,United States,"June 9, 2021",2021,Mature Adults,97,Minutes
747,s748,Movie,Kenneth Gyang,Nigeria,"June 9, 2021",2013,Mature Adults,106,Minutes
750,s751,Movie,Yulene Olaizola,Mexico,"June 9, 2021",2021,Mature Adults,97,Minutes
752,s753,Movie,Mark Waters,United States,"June 7, 2021",2014,Parents Strongly Cautioned,104,Minutes
754,s755,Movie,Matthew Heineman,United Kingdom,"June 5, 2021",2018,Restricted,110,Minutes
756,s757,Movie,Robert Peters,Nigeria,"June 5, 2021",2020,Mature Adults,98,Minutes
757,s758,Movie,Jonathan Clay,United States,"June 4, 2021",2021,Parental Guidance,74,Minutes
758,s759,TV Show,Ally Pankiw,United Kingdom,"June 4, 2021",2021,Mature Adults,2,Seasons
762,s763,Movie,Lee Kae-byeok,South Korea,"June 4, 2021",2021,14+ Teens,103,Minutes
764,s765,Movie,Jayan Moodley,South Africa,"June 4, 2021",2021,14+ Teens,94,Minutes
765,s766,Movie,Daniel Benmayor,Spain,"June 4, 2021",2021,Mature Adults,112,Minutes
766,s767,Movie,Alex Díaz,Mexico,"June 3, 2021",2021,Mature Adults,49,Minutes
768,s769,Movie,Helena Bergström,Sweden,"June 3, 2021",2021,Mature Adults,111,Minutes
769,s770,Movie,"Alejandro De Grazia, Juan Stadler",Argentina,"June 3, 2021",2020,General Audience,58,Minutes
770,s771,Movie,Myriam Fares,United Arab Emirates,"June 3, 2021",2021,14+ Teens,72,Minutes
773,s774,Movie,Rae Red,Philippines,"June 3, 2021",2019,Mature Adults,78,Minutes
774,s775,Movie,Lance Hool,United States,"June 2, 2021",2020,Parents Strongly Cautioned,101,Minutes
775,s776,Movie,Nicole Conn,United States,"June 2, 2021",2012,Mature Adults,110,Minutes
776,s777,Movie,Les Mayfield,United States,"June 2, 2021",2001,Parents Strongly Cautioned,94,Minutes
777,s778,Movie,"Ellen Seidler, Megan Siler",United States,"June 2, 2021",2009,Mature Adults,70,Minutes
779,s780,Movie,Roger Christian,United States,"June 2, 2021",2000,Parents Strongly Cautioned,118,Minutes
782,s783,Movie,Lance Young,Canada,"June 2, 2021",1997,Restricted,103,Minutes
783,s784,Movie,Leandro Neri,Brazil,"June 2, 2021",2021,Mature Adults,95,Minutes
784,s785,Movie,Thom Fitzgerald,United States,"June 2, 2021",2011,Mature Adults,93,Minutes
786,s787,Movie,Don Michael Paul,United States,"June 2, 2021",2013,Restricted,101,Minutes
787,s788,Movie,Andrzej Bartkowiak,United States,"June 2, 2021",2003,Restricted,101,Minutes
788,s789,Movie,Harold Becker,United States,"June 2, 2021",2001,Parents Strongly Cautioned,89,Minutes
790,s791,Movie,Andrew Jenks,United States,"June 2, 2021",2015,Mature Adults,109,Minutes
791,s792,Movie,Ric Roman Waugh,United States,"June 2, 2021",2008,Restricted,104,Minutes
792,s793,Movie,Rob Reiner,United States,"June 2, 2021",2010,Parental Guidance,90,Minutes
793,s794,Movie,Andy Tennant,United States,"June 2, 2021",1997,Parents Strongly Cautioned,109,Minutes
794,s795,Movie,Tade Ogidan,Nigeria,"June 2, 2021",2019,14+ Teens,145,Minutes
796,s797,Movie,Scott Spiegel,United States,"June 2, 2021",2011,Restricted,88,Minutes
797,s798,Movie,Jessie Nelson,United States,"June 2, 2021",2001,Parents Strongly Cautioned,132,Minutes
798,s799,Movie,Theodore Witcher,United States,"June 2, 2021",1997,Restricted,109,Minutes
799,s800,Movie,Clint Eastwood,United States,"June 2, 2021",2004,Parents Strongly Cautioned,133,Minutes
800,s801,Movie,Aurora Guerrero,United States,"June 2, 2021",2012,14+ Teens,85,Minutes
801,s802,Movie,Michael Jai White,United States,"June 2, 2021",2011,Restricted,104,Minutes
802,s803,Movie,James McTeigue,Germany,"June 2, 2021",2009,Restricted,99,Minutes
803,s804,TV Show,Takuya Igarashi,Japan,"June 2, 2021",2006,Parental Guidance,1,Seasons
804,s805,Movie,Michelle MacLaren,Canada,"June 2, 2021",2006,Restricted,93,Minutes
808,s809,Movie,Don Michael Paul,United States,"June 2, 2021",2014,Restricted,98,Minutes
809,s810,Movie,Todd Phillips,United States,"June 2, 2021",2004,Parents Strongly Cautioned,101,Minutes
810,s811,Movie,Walter Hill,United States,"June 2, 2021",1984,Parental Guidance,94,Minutes
812,s813,Movie,Dominic Sena,United States,"June 2, 2021",2001,Restricted,99,Minutes
814,s815,Movie,Alan Alda,United States,"June 2, 2021",1981,Parental Guidance,108,Minutes
816,s817,Movie,Sydney Pollack,United Kingdom,"June 2, 2021",2005,Parents Strongly Cautioned,128,Minutes
817,s818,Movie,Lorene Scafaria,United States,"June 2, 2021",2015,Parents Strongly Cautioned,104,Minutes
818,s819,Movie,Barbra Streisand,United States,"June 2, 2021",1996,Parents Strongly Cautioned,127,Minutes
819,s820,Movie,Clint Eastwood,United States,"June 2, 2021",1976,Parental Guidance,136,Minutes
821,s822,Movie,Michael Winterbottom,United Kingdom,"June 2, 2021",2018,Restricted,97,Minutes
822,s823,Movie,Emma Tammi,United States,"June 2, 2021",2019,Restricted,88,Minutes
823,s824,Movie,Peter Hutchings,United States,"June 2, 2021",2019,Mature Adults,97,Minutes
824,s825,Movie,George Ratliff,United States,"June 2, 2021",2018,Restricted,97,Minutes
826,s827,Movie,Bo Burnham,United States,"May 30, 2021",2021,Mature Adults,88,Minutes
828,s829,Movie,David Frankel,United States,"May 28, 2021",2016,Parents Strongly Cautioned,97,Minutes
834,s835,Movie,Julio Quintana,United States,"May 27, 2021",2021,Parental Guidance,97,Minutes
836,s837,Movie,Paween Purijitpanya,Thailand,"May 27, 2021",2021,Mature Adults,118,Minutes
838,s839,Movie,Pablo Faro,Argentina,"May 27, 2021",2021,Mature Adults,70,Minutes
839,s840,Movie,Soudade Kaadan,Syria,"May 27, 2021",2018,Mature Adults,91,Minutes
840,s841,Movie,Letizia Lamartire,Italy,"May 26, 2021",2021,Mature Adults,92,Minutes
846,s847,Movie,Tim Johnson,United States,"May 25, 2021",2015,Parental Guidance,94,Minutes
850,s851,Movie,Vishwesh Krishnamoorthy,India,"May 21, 2021",2021,14+ Teens,131,Minutes
853,s854,Movie,Zack Snyder,United States,"May 21, 2021",2021,Restricted,148,Minutes
859,s860,Movie,Amr Salama,Egypt,"May 20, 2021",2011,14+ Teens,92,Minutes
860,s861,Movie,Christopher Amos,Australia,"May 20, 2021",2020,Mature Adults,91,Minutes
863,s864,Movie,Robert Rodriguez,United States,"May 20, 2021",2011,Parental Guidance,88,Minutes
865,s866,Movie,David Ayer,United States,"May 19, 2021",2014,Restricted,109,Minutes
866,s867,Movie,"Eshom Nelms, Ian Nelms",United States,"May 19, 2021",2017,Restricted,92,Minutes
867,s868,Movie,James Moll,United States,"May 19, 2021",1998,Parents Strongly Cautioned,87,Minutes
870,s871,Movie,James Redford,United States,"May 18, 2021",2021,14+ Teens,101,Minutes
871,s872,Movie,Kaashvie Nair,India,"May 18, 2021",2021,14+ Teens,140,Minutes
872,s873,Movie,J.D. Dillard,United States,"May 16, 2021",2016,Restricted,89,Minutes
873,s874,Movie,Nikhil Pherwani,India,"May 15, 2021",2021,Mature Adults,81,Minutes
877,s878,Movie,Praveen Kandregula,India,"May 14, 2021",2021,Mature Adults,99,Minutes
878,s879,Movie,Cecilia Verheyden,Belgium,"May 14, 2021",2021,Mature Adults,107,Minutes
879,s880,TV Show,Daniel Minahan,United States,"May 14, 2021",2021,Mature Adults,1,Seasons
881,s882,Movie,Donovan Marsh,South Africa,"May 14, 2021",2021,Mature Adults,107,Minutes
882,s883,Movie,Brent Dawes,Mauritius,"May 14, 2021",2021,Kids 7+,90,Minutes
885,s886,Movie,Leli Maki,Canada,"May 14, 2021",2018,Mature Adults,104,Minutes
887,s888,Movie,Daniel Prochaska,Austria,"May 14, 2021",2020,Mature Adults,100,Minutes
889,s890,Movie,Joe Wright,United States,"May 14, 2021",2021,Restricted,102,Minutes
891,s892,Movie,Matthew Vaughn,United Kingdom,"May 13, 2021",2004,Restricted,105,Minutes
892,s893,Movie,Aditya Kripalani,India,"May 13, 2021",2018,Mature Adults,107,Minutes
894,s895,Movie,David Pablos,Mexico,"May 12, 2021",2021,Mature Adults,99,Minutes
895,s896,Movie,Alexandre Aja,France,"May 12, 2021",2021,14+ Teens,102,Minutes
899,s900,Movie,Ramon Térmens,Spain,"May 11, 2021",2020,Mature Adults,119,Minutes
901,s902,Movie,Svetlana Cvetko,United States,"May 10, 2021",2019,Parental Guidance,86,Minutes
903,s904,Movie,Martin Prakkat,India,"May 9, 2021",2021,Mature Adults,122,Minutes
904,s905,Movie,Baran bo Odar,United States,"May 8, 2021",2017,Restricted,95,Minutes
905,s906,Movie,Zhang Chong,China,"May 8, 2021",2021,14+ Teens,104,Minutes
906,s907,Movie,Yılmaz Erdoğan,Turkey,"May 7, 2021",1999,Mature Adults,118,Minutes
907,s908,Movie,Shantrelle P. Lewis,United States,"May 7, 2021",2020,Mature Adults,85,Minutes
909,s910,Movie,Ivan Ayr,India,"May 7, 2021",2021,14+ Teens,98,Minutes
910,s911,Movie,Anthony Mandler,United States,"May 7, 2021",2021,Mature Adults,99,Minutes
911,s912,TV Show,Vijay Roche,India,"May 7, 2021",2017,Kids 7+,2,Seasons
913,s914,Movie,Stanley Menino D'Costa,India,"May 7, 2021",2020,Parental Guidance,107,Minutes
914,s915,Movie,Jennifer Brea,United Kingdom,"May 7, 2021",2017,Mature Adults,97,Minutes
915,s916,Movie,Julia von Heinz,Germany,"May 6, 2021",2020,Mature Adults,112,Minutes
916,s917,Movie,Niels Arden Oplev,United States,"May 6, 2021",2013,Restricted,118,Minutes
917,s918,Movie,"Don Argott, Sheena M. Joyce",United States,"May 5, 2021",2019,Mature Adults,109,Minutes
919,s920,TV Show,Joshua Zeman,United States,"May 5, 2021",2021,Mature Adults,1,Seasons
922,s923,Movie,Duncan Skiles,United States,"May 4, 2021",2018,Mature Adults,109,Minutes
924,s925,Movie,Sean McNamara,United States,"May 1, 2021",2020,Parental Guidance,88,Minutes
926,s927,Movie,Vondie Curtis-Hall,United States,"May 1, 2021",2006,Restricted,97,Minutes
928,s929,Movie,Robert Radler,United States,"May 1, 2021",1989,Parents Strongly Cautioned,97,Minutes
930,s931,Movie,Todd Phillips,United States,"May 1, 2021",2010,Restricted,95,Minutes
931,s932,Movie,Dean Parisot,United States,"May 1, 2021",2005,Parents Strongly Cautioned,91,Minutes
932,s933,Movie,Paul Greengrass,United Kingdom,"May 1, 2021",2010,Restricted,115,Minutes
933,s934,Movie,Lasse Hallström,United Kingdom,"May 1, 2021",2009,General,93,Minutes
934,s935,Movie,Justin Kelly,United Kingdom,"May 1, 2021",2018,Restricted,109,Minutes
935,s936,Movie,"Eric Darnell, Tom McGrath, Conrad Vernon",United States,"May 1, 2021",2012,Parental Guidance,96,Minutes
942,s943,Movie,Clint Eastwood,United States,"May 1, 2021",2003,Restricted,138,Minutes
943,s944,Movie,Jeff Wadlow,United States,"May 1, 2021",2008,Parents Strongly Cautioned,113,Minutes
944,s945,Movie,Charles Martin,China,"May 1, 2021",2018,Mature Adults,94,Minutes
945,s946,Movie,Stella Corradi,United Kingdom,"May 1, 2021",2020,Mature Adults,89,Minutes
946,s947,Movie,Roland Emmerich,United States,"May 1, 2021",1994,Parents Strongly Cautioned,121,Minutes
947,s948,Movie,Kevin Macdonald,United States,"May 1, 2021",2009,Parents Strongly Cautioned,127,Minutes
948,s949,Movie,Ann Deborah Fishman,United States,"May 1, 2021",2018,14+ Teens,94,Minutes
949,s950,Movie,Chris Gorak,United States,"May 1, 2021",2011,Parents Strongly Cautioned,89,Minutes
950,s951,Movie,Peter Jackson,United States,"May 1, 2021",2009,Parents Strongly Cautioned,136,Minutes
951,s952,Movie,Roger Kumble,United States,"May 1, 2021",2002,Restricted,89,Minutes
952,s953,Movie,Jonathan Lynn,United States,"May 1, 2021",2000,Restricted,99,Minutes
953,s954,Movie,Courtney Hunt,United States,"May 1, 2021",2016,Restricted,93,Minutes
954,s955,Movie,"Pierre Greco, Nancy Florence Savard",Canada,"May 1, 2021",2018,Parental Guidance,85,Minutes
955,s956,Movie,Andrew Davis,France,"May 1, 2021",1992,Restricted,102,Minutes
956,s957,Movie,Kevin Smith,United States,"May 1, 2021",2008,Restricted,101,Minutes
959,s960,Movie,Chaitanya Tamhane,India,"April 30, 2021",2021,Mature Adults,128,Minutes
962,s963,Movie,Johannes Roberts,United States,"April 30, 2021",2018,Restricted,85,Minutes
966,s967,Movie,Pedro Antonio,Brazil,"April 28, 2021",2021,Mature Adults,95,Minutes
969,s970,Movie,John Wells,United States,"April 27, 2021",2014,Restricted,121,Minutes
970,s971,Movie,Jonathan Liebesman,United States,"April 27, 2021",2011,Parents Strongly Cautioned,116,Minutes
971,s972,Movie,Maria Pulera,Spain,"April 27, 2021",2018,Restricted,91,Minutes
973,s974,Movie,Santhosh Viswanath,India,"April 27, 2021",2020,Parental Guidance,149,Minutes
974,s975,Movie,Seema Pahwa,India,"April 24, 2021",2019,14+ Teens,113,Minutes
976,s977,Movie,Ozan Açıktan,Turkey,"April 23, 2021",2017,14+ Teens,127,Minutes
977,s978,Movie,Meltem Bozoflu,Turkey,"April 23, 2021",2016,14+ Teens,101,Minutes
978,s979,Movie,Hakan Algül,Turkey,"April 23, 2021",2014,Mature Adults,102,Minutes
979,s980,Movie,"Selçuk Aydemir, Birkan Pusa",Turkey,"April 23, 2021",2013,Mature Adults,102,Minutes
980,s981,Movie,Selçuk Aydemir,Turkey,"April 23, 2021",2015,Mature Adults,107,Minutes
981,s982,Movie,Ömer Faruk Sorak,Turkey,"April 23, 2021",2004,Mature Adults,123,Minutes
982,s983,Movie,Şenol Sönmez,Turkey,"April 23, 2021",2015,14+ Teens,98,Minutes
983,s984,Movie,Alexis Morante,Spain,"April 23, 2021",2021,Mature Adults,95,Minutes
984,s985,Movie,Burak Aksak,Turkey,"April 23, 2021",2015,Mature Adults,101,Minutes
985,s986,Movie,Kıvanç Baruönü,Turkey,"April 23, 2021",2015,Mature Adults,104,Minutes
986,s987,Movie,Kıvanç Baruönü,Turkey,"April 23, 2021",2016,14+ Teens,104,Minutes
988,s989,TV Show,Kongkiat Khomsiri,Thailand,"April 23, 2021",2021,14+ Teens,1,Seasons
989,s990,Movie,Bedran Güzel,Turkey,"April 23, 2021",2017,Mature Adults,111,Minutes
990,s991,Movie,Hakan Algül,Turkey,"April 23, 2021",2015,Mature Adults,102,Minutes
991,s992,Movie,Marwan Nabil,Egypt,"April 23, 2021",2020,General Audience,15,Minutes
994,s995,Movie,Kayode Kasum,Nigeria,"April 23, 2021",2020,14+ Teens,120,Minutes
995,s996,Movie,"Yılmaz Erdoğan, Ömer Faruk Sorak",Turkey,"April 23, 2021",2001,Mature Adults,106,Minutes
996,s997,Movie,Takashi Shimizu,Japan,"April 22, 2021",2021,Mature Adults,116,Minutes
999,s1000,Movie,Joe Penna,Germany,"April 22, 2021",2021,Mature Adults,116,Minutes
1001,s1002,Movie,Curtis Graham,Canada,"April 21, 2021",2015,14+ Teens,86,Minutes
1002,s1003,Movie,Gerardo Gatica,Mexico,"April 21, 2021",2021,Mature Adults,97,Minutes
1013,s1014,Movie,John Madden,France,"April 19, 2021",2016,Restricted,132,Minutes
1015,s1016,Movie,Edward James Olmos,United States,"April 17, 2021",1992,Restricted,126,Minutes
1016,s1017,Movie,Abhinay Deo,India,"April 17, 2021",2011,Mature Adults,101,Minutes
1017,s1018,Movie,Kiran Rao,India,"April 17, 2021",2010,Mature Adults,102,Minutes
1018,s1019,Movie,Abbas Tyrewala,India,"April 17, 2021",2008,14+ Teens,147,Minutes
1019,s1020,Movie,Ashutosh Gowariker,India,"April 17, 2021",2001,Parental Guidance,224,Minutes
1020,s1021,Movie,Satyajit Bhatkal,India,"April 17, 2021",2004,14+ Teens,141,Minutes
1021,s1022,Movie,"Anusha Rizvi, Mahmood Farooqui",India,"April 17, 2021",2010,Mature Adults,109,Minutes
1022,s1023,Movie,Aamir Khan,India,"April 17, 2021",2007,Parental Guidance,162,Minutes
1023,s1024,Movie,"Shashank Khaitan, Raj Mehta, Neeraj Ghaywan, Kayoze Irani",India,"April 16, 2021",2021,Mature Adults,142,Minutes
1024,s1025,Movie,Ryan Crego,United States,"April 16, 2021",2021,Kids 7+,93,Minutes
1026,s1027,Movie,Cassi Simonds,United States,"April 16, 2021",2021,Children,60,Minutes
1027,s1028,Movie,Guillermo del Toro,Canada,"April 16, 2021",2015,Restricted,119,Minutes
1029,s1030,Movie,Tony Abulu,United States,"April 16, 2021",2013,Mature Adults,96,Minutes
1030,s1031,Movie,Mae Czarina Cruz,Philippines,"April 16, 2021",2020,Mature Adults,116,Minutes
1031,s1032,Movie,Stefan Westerwelle,Germany,"April 16, 2021",2020,14+ Teens,102,Minutes
1033,s1034,Movie,Ron Howard,United Kingdom,"April 16, 2021",2013,Restricted,123,Minutes
1034,s1035,Movie,"Justin Benson, Aaron Moorhead",United States,"April 16, 2021",2020,Restricted,102,Minutes
1035,s1036,Movie,Niki Caro,Czech Republic,"April 16, 2021",2017,Parents Strongly Cautioned,127,Minutes
1036,s1037,Movie,"Mark Dennis, Ben Foster",United States,"April 16, 2021",2017,14+ Teens,88,Minutes
1037,s1038,Movie,Taranveer Singh,India,"April 16, 2021",2021,14+ Teens,106,Minutes
1039,s1040,Movie,TT The Artist,United States,"April 15, 2021",2020,Mature Adults,65,Minutes
1041,s1042,Movie,"Keiichi Sato, Yasushi Kawamura",Japan,"April 15, 2021",2016,Mature Adults,96,Minutes
1042,s1043,TV Show,Glenn Weiss,United States,"April 15, 2021",2019,Parental Guidance,1,Seasons
1046,s1047,Movie,Michael Civille,United States,"April 15, 2021",2019,14+ Teens,88,Minutes
1050,s1051,Movie,Ryuichi Hiroki,Japan,"April 15, 2021",2021,Mature Adults,143,Minutes
1052,s1053,Movie,Paul Thomas Anderson,United States,"April 15, 2021",2012,Restricted,137,Minutes
1053,s1054,Movie,One9,United States,"April 15, 2021",2014,Mature Adults,75,Minutes
1055,s1056,Movie,Luis Valdez,United States,"April 15, 2021",1981,Restricted,103,Minutes
1066,s1067,Movie,Cheng Wei-hao,China,"April 14, 2021",2021,Mature Adults,130,Minutes
1067,s1068,TV Show,Pass Patthanakumjon,Thailand,"April 14, 2021",2020,Mature Adults,1,Seasons
1069,s1070,Movie,Buchi Babu Sana,India,"April 14, 2021",2020,14+ Teens,145,Minutes
1070,s1071,Movie,Fredrick Munk,United States,"April 14, 2021",2021,Mature Adults,84,Minutes
1075,s1076,TV Show,"Moyoung Jin, Caroline Sá, Deepti Kakkar, Fahad Mustafa, Hikaru Toda, Chico Pereira, Elaine McMillion Sheldon",United States,"April 13, 2021",2021,Parental Guidance,1,Seasons
1080,s1081,Movie,Zhao Ji,China,"April 12, 2021",2021,14+ Teens,118,Minutes
1083,s1084,Movie,Jamie Babbit,United States,"April 10, 2021",2020,Restricted,102,Minutes
1085,s1086,Movie,Park Hoon-jung,South Korea,"April 9, 2021",2021,Mature Adults,132,Minutes
1086,s1087,Movie,Dare Olaitan,Nigeria,"April 9, 2021",2016,Mature Adults,108,Minutes
1087,s1088,Movie,Hardik Mehta,India,"April 9, 2021",2021,14+ Teens,133,Minutes
1088,s1089,Movie,Ben Falcone,United States,"April 9, 2021",2021,Parents Strongly Cautioned,107,Minutes
1089,s1090,Movie,"Travon Free, Martin Desmond Roe",United States,"April 9, 2021",2021,Mature Adults,32,Minutes
1090,s1091,Movie,Angga Dwimas Sasongko,Indonesia,"April 8, 2021",2020,Parental Guidance,78,Minutes
1097,s1098,Movie,Shalini Kantayya,United States,"April 5, 2021",2020,Mature Adults,86,Minutes
1098,s1099,Movie,Madonne Ashwin,India,"April 5, 2021",2021,14+ Teens,140,Minutes
1099,s1100,Movie,Enah Johnscott,Cameroon,"April 4, 2021",2020,Mature Adults,143,Minutes
1100,s1101,Movie,Braden R. Duemmler,United States,"April 4, 2021",2020,Mature Adults,88,Minutes
1101,s1102,Movie,Cal Brunker,United States,"April 3, 2021",2013,Parental Guidance,89,Minutes
1102,s1103,Movie,Steve Pink,United States,"April 2, 2021",2006,Parents Strongly Cautioned,93,Minutes
1103,s1104,Movie,Xiao Feng,China,"April 2, 2021",2018,Restricted,97,Minutes
1104,s1105,Movie,Vince Marcello,United States,"April 2, 2021",2012,Children,94,Minutes
1105,s1106,Movie,Ricky Staub,United Kingdom,"April 2, 2021",2021,Restricted,112,Minutes
1106,s1107,Movie,"Patrick Durham, Paul G. Volk",United States,"April 2, 2021",2019,Restricted,100,Minutes
1107,s1108,Movie,BB Sasore,Nigeria,"April 2, 2021",2018,Mature Adults,120,Minutes
1108,s1109,Movie,Naseef Yusuf Izuddin,India,"April 2, 2021",2021,Mature Adults,91,Minutes
1109,s1110,Movie,"Appie Boudellah, Aram van de Rest",Netherlands,"April 2, 2021",2021,Mature Adults,98,Minutes
1110,s1111,Movie,Sylvie Verheyde,France,"April 2, 2021",2021,Mature Adults,113,Minutes
1111,s1112,Movie,Nick Moore,United States,"April 2, 2021",2008,Parents Strongly Cautioned,98,Minutes
1112,s1113,Movie,Alex Zamm,United States,"April 2, 2021",2017,Parental Guidance,91,Minutes
1113,s1114,Movie,Roland Emmerich,United States,"April 1, 2021",2009,Parents Strongly Cautioned,158,Minutes
1114,s1115,Movie,Rajkumar Hirani,India,"April 1, 2021",2009,Parents Strongly Cautioned,164,Minutes
1115,s1116,Movie,Rajesh Mapuskar,India,"April 1, 2021",2012,Parental Guidance,133,Minutes
1117,s1118,Movie,Lina Al Abed,Lebanon,"April 1, 2021",2019,Parental Guidance,75,Minutes
1118,s1119,Movie,James Wan,United States,"April 1, 2021",2010,Parents Strongly Cautioned,103,Minutes
1119,s1120,Movie,David Hackl,United States,"April 1, 2021",2015,Restricted,90,Minutes
1120,s1121,Movie,Takeshi Nozue,Japan,"April 1, 2021",2016,Parents Strongly Cautioned,116,Minutes
1121,s1122,Movie,Robert Luketic,United States,"April 1, 2021",2001,Parents Strongly Cautioned,96,Minutes
1122,s1123,Movie,Subhash Kapoor,India,"April 1, 2021",2020,14+ Teens,121,Minutes
1124,s1125,Movie,Ringo Lam,United States,"April 1, 2021",1996,Restricted,101,Minutes
1126,s1127,Movie,George Cukor,United States,"April 1, 2021",1964,General,173,Minutes
1128,s1129,Movie,Tony Giglio,United States,"April 1, 2021",2017,Restricted,89,Minutes
1131,s1132,Movie,Hidenori Inoue,Japan,"April 1, 2021",2017,14+ Teens,181,Minutes
1133,s1134,Movie,Don Michael Paul,United States,"April 1, 2021",2016,Restricted,99,Minutes
1134,s1135,Movie,"Shinji Aramaki, Masaru Matsumoto",United States,"April 1, 2021",2017,Restricted,88,Minutes
1135,s1136,Movie,John Luessenhop,United States,"April 1, 2021",2010,Parents Strongly Cautioned,107,Minutes
1136,s1137,Movie,"Hanung Bramantyo, Pandu Adjisurya",Indonesia,"April 1, 2021",2021,14+ Teens,114,Minutes
1137,s1138,Movie,Bashir El Deek,Egypt,"April 1, 2021",2019,Parental Guidance,96,Minutes
1138,s1139,Movie,Roman Polański,United Kingdom,"April 1, 2021",2002,Restricted,149,Minutes
1139,s1140,Movie,Nelson McCormick,United States,"April 1, 2021",2009,Parents Strongly Cautioned,102,Minutes
1140,s1141,Movie,Mic Rodgers,United States,"April 1, 2021",1999,Restricted,83,Minutes
1141,s1142,Movie,Bejoy Nambiar,India,"April 1, 2021",2016,14+ Teens,98,Minutes
1142,s1143,Movie,Shawn Rech,United States,"April 1, 2021",2017,Mature Adults,83,Minutes
1144,s1145,Movie,Peyton Reed,United States,"April 1, 2021",2008,Parents Strongly Cautioned,104,Minutes
1145,s1146,Movie,Julian Schnabel,Ireland,"March 31, 2021",2018,Parents Strongly Cautioned,111,Minutes
1146,s1147,TV Show,Adrián García Bogliano,United States,"March 31, 2021",2021,14+ Teens,1,Seasons
1147,s1148,Movie,Jose Gomez,United Kingdom,"March 31, 2021",2020,Mature Adults,98,Minutes
1150,s1151,Movie,Jonathon Link,United States,"March 30, 2021",2021,Parental Guidance,93,Minutes
1151,s1152,Movie,Blair Simmons,China,"March 30, 2021",2021,Children,73,Minutes
1153,s1154,Movie,Justin Chadwick,United Kingdom,"March 29, 2021",2013,Parents Strongly Cautioned,141,Minutes
1154,s1155,Movie,John Hillcoat,United States,"March 28, 2021",2012,Restricted,116,Minutes
1155,s1156,Movie,Nadine Ibrahim,Nigeria,"March 28, 2021",2021,Parental Guidance,21,Minutes
1156,s1157,Movie,Roman White,United States,"March 26, 2021",2021,Parental Guidance,98,Minutes
1160,s1161,Movie,Mike Hodges,Ireland,"March 26, 2021",1998,Mature Adults,95,Minutes
1162,s1163,Movie,Eylem Kaftan,Turkey,"March 26, 2021",2020,14+ Teens,93,Minutes
1164,s1165,Movie,Fernando Ayllón,Spain,"March 26, 2021",2020,Mature Adults,97,Minutes
1165,s1166,Movie,Umesh Bist,India,"March 26, 2021",2021,Parental Guidance,114,Minutes
1167,s1168,Movie,Massimiliano Camaiti,Italy,"March 25, 2021",2021,14+ Teens,100,Minutes
1170,s1171,Movie,Aleksey Tsitsilin,Russia,"March 25, 2021",2021,Kids 7+,105,Minutes
1171,s1172,Movie,Ali Tabrizi,United States,"March 24, 2021",2021,14+ Teens,90,Minutes
1172,s1173,Movie,Kagiso Lediga,South Africa,"March 23, 2021",2021,Mature Adults,60,Minutes
1173,s1174,TV Show,Jung-ah Im,South Korea,"March 23, 2021",2021,14+ Teens,6,Seasons
1175,s1176,Movie,Stephen Frears,United Kingdom,"March 22, 2021",2013,Parents Strongly Cautioned,98,Minutes
1176,s1177,Movie,Takuma Sato,Japan,"March 20, 2021",2020,Mature Adults,108,Minutes
1177,s1178,Movie,Brody Chu,Taiwan,"March 20, 2021",2020,Mature Adults,90,Minutes
1178,s1179,Movie,Dimitri Logothetis,United States,"March 20, 2021",2020,Restricted,102,Minutes
1184,s1185,Movie,Li Weiran,China,"March 19, 2021",2021,14+ Teens,120,Minutes
1185,s1186,Movie,Chinaza Onuzo,Nigeria,"March 19, 2021",2020,Mature Adults,106,Minutes
1187,s1188,Movie,Anna Elizabeth James,United States,"March 18, 2021",2021,Restricted,115,Minutes
1188,s1189,Movie,Vitor Brandt,Brazil,"March 18, 2021",2021,14+ Teens,98,Minutes
1189,s1190,Movie,Troy Miller,United States,"March 18, 2021",2021,General Audience,60,Minutes
1190,s1191,Movie,Liam O'Donnell,United Kingdom,"March 18, 2021",2020,Restricted,113,Minutes
1191,s1192,Movie,"Manny Rodriguez, Jay Lavender",United States,"March 18, 2021",2014,Parents Strongly Cautioned,101,Minutes
1192,s1193,Movie,Farah Nabulsi,United Kingdom,"March 18, 2021",2020,Mature Adults,24,Minutes
1194,s1195,Movie,Walter Taylaur,Nigeria,"March 17, 2021",2017,14+ Teens,80,Minutes
1195,s1196,Movie,Chris Smith,United States,"March 17, 2021",2021,Restricted,100,Minutes
1196,s1197,TV Show,Alain Brunard,Belgium,"March 17, 2021",2021,14+ Teens,1,Seasons
1197,s1198,Movie,Tate Taylor,United Kingdom,"March 16, 2021",2014,Parents Strongly Cautioned,139,Minutes
1198,s1199,Movie,Ladislaus Kiraly,Germany,"March 16, 2021",2021,Mature Adults,74,Minutes
1199,s1200,Movie,Oliver Stone,United States,"March 16, 2021",2012,Restricted,131,Minutes
1202,s1203,Movie,Hemambar Jasti,India,"March 15, 2021",2021,14+ Teens,131,Minutes
1203,s1204,Movie,Steven Spielberg,United States,"March 15, 2021",2016,Parental Guidance,118,Minutes
1204,s1205,Movie,Taylor Morden,United States,"March 15, 2021",2020,14+ Teens,87,Minutes
1208,s1209,Movie,Muharrem Gülmez,Turkey,"March 12, 2021",2015,Mature Adults,97,Minutes
1209,s1210,Movie,Dolapo Adeleke,Kenya,"March 12, 2021",2020,General Audience,92,Minutes
1211,s1212,Movie,Mahsun Kırmızıgül,Turkey,"March 12, 2021",2015,14+ Teens,136,Minutes
1212,s1213,Movie,Can Ulkay,Turkey,"March 12, 2021",2021,Mature Adults,97,Minutes
1215,s1216,Movie,Ketche,Turkey,"March 12, 2021",2010,Mature Adults,110,Minutes
1216,s1217,Movie,Erol Özlevi,Turkey,"March 12, 2021",2013,Mature Adults,105,Minutes
1218,s1219,Movie,Miguel Arteta,United States,"March 12, 2021",2021,Parental Guidance,90,Minutes
1219,s1220,Movie,Tolga Örnek,Turkey,"March 12, 2021",2016,Parental Guidance,107,Minutes
1220,s1221,Movie,Pablo Agüero,Spain,"March 11, 2021",2021,Mature Adults,92,Minutes
1221,s1222,Movie,Mohammad Irfan Ramly,Indonesia,"March 11, 2021",2020,14+ Teens,94,Minutes
1222,s1223,Movie,"Kevin McManus, Matthew McManus",United States,"March 11, 2021",2020,Mature Adults,99,Minutes
1223,s1224,TV Show,"Ange Basterga, Nicolas Lopez",France,"March 10, 2021",2021,Mature Adults,1,Seasons
1228,s1229,Movie,Gitanjali Rao,India,"March 8, 2021",2021,Parents Strongly Cautioned,97,Minutes
1230,s1231,Movie,Halitha Shameem,India,"March 5, 2021",2021,14+ Teens,151,Minutes
1232,s1233,Movie,Carlos Moreno,Colombia,"March 5, 2021",2021,Mature Adults,108,Minutes
1233,s1234,Movie,Kayode Kasum,Nigeria,"March 5, 2021",2020,14+ Teens,113,Minutes
1234,s1235,TV Show,Maribel Sánchez-Maroto,Spain,"March 5, 2021",2021,Mature Adults,1,Seasons
1236,s1237,Movie,Julien Leclercq,France,"March 5, 2021",2021,Mature Adults,81,Minutes
1237,s1238,Movie,Fajar Bustomi,Indonesia,"March 4, 2021",2020,14+ Teens,116,Minutes
1239,s1240,Movie,Taylor Hackford,United States,"March 4, 2021",2013,Restricted,119,Minutes
1240,s1241,Movie,Lasse Hallström,United States,"March 4, 2021",2013,Parents Strongly Cautioned,116,Minutes
1241,s1242,Movie,Amy Poehler,United States,"March 3, 2021",2021,Parents Strongly Cautioned,112,Minutes
1242,s1243,TV Show,"Jared Hess, Tyler Measom",United States,"March 3, 2021",2021,14+ Teens,1,Seasons
1243,s1244,Movie,Mike Binder,United States,"March 2, 2021",2014,Parents Strongly Cautioned,121,Minutes
1244,s1245,Movie,Abir Sengupta,India,"March 2, 2021",2020,14+ Teens,115,Minutes
1248,s1249,Movie,Emmett Malloy,United States,"March 1, 2021",2021,Restricted,98,Minutes
1251,s1252,Movie,Kevin Costner,United States,"March 1, 2021",1990,Parents Strongly Cautioned,181,Minutes
1252,s1253,Movie,Marco Petry,Germany,"March 1, 2021",2018,14+ Teens,100,Minutes
1253,s1254,Movie,"Andrew Duncan, Ken Cunningham",United States,"March 1, 2021",2019,Children,22,Minutes
1254,s1255,Movie,Barry Levinson,United States,"March 1, 2021",1988,Restricted,134,Minutes
1256,s1257,Movie,Liam Lynch,United States,"March 1, 2021",2006,Restricted,94,Minutes
1258,s1259,Movie,"Jérémie Degruson, Ben Stassen",Belgium,"February 26, 2021",2021,Kids 7+,88,Minutes
1259,s1260,Movie,Matt Ross,United States,"February 26, 2021",2016,Restricted,119,Minutes
1260,s1261,Movie,Dani de la Orden,Spain,"February 26, 2021",2021,Mature Adults,107,Minutes
1261,s1262,Movie,Pablo Larraín,Argentina,"February 26, 2021",2006,Mature Adults,112,Minutes
1263,s1264,Movie,John Erick Dowdle,United States,"February 26, 2021",2015,Restricted,103,Minutes
1264,s1265,Movie,Jesse Peretz,United States,"February 26, 2021",2011,Restricted,90,Minutes
1265,s1266,Movie,Ribhu Dasgupta,India,"February 26, 2021",2021,Mature Adults,120,Minutes
1266,s1267,Movie,Pablo Larraín,Chile,"February 26, 2021",2008,Mature Adults,97,Minutes
1267,s1268,Movie,Baran bo Odar,Germany,"February 26, 2021",2014,Mature Adults,102,Minutes
1269,s1270,Movie,Rizki Balki,Indonesia,"February 25, 2021",2021,Parental Guidance,106,Minutes
1273,s1274,Movie,Shunsuke Kariyama,Japan,"February 24, 2021",2020,14+ Teens,119,Minutes
1278,s1279,Movie,Troy Miller,United States,"February 23, 2021",2021,General Audience,58,Minutes
1279,s1280,Movie,Barry Avrich,Canada,"February 23, 2021",2020,14+ Teens,90,Minutes
1280,s1281,Movie,"David Tryhorn, Ben Nicholas",United Kingdom,"February 23, 2021",2021,14+ Teens,109,Minutes
1281,s1282,Movie,Tirumala Kishore,India,"February 23, 2021",2021,14+ Teens,143,Minutes
1283,s1284,Movie,James Wan,United States,"February 21, 2021",2013,Restricted,112,Minutes
1284,s1285,Movie,James Wan,Canada,"February 21, 2021",2016,Restricted,134,Minutes
1286,s1287,Movie,Huang Hsin-Yao,Taiwan,"February 20, 2021",2020,Mature Adults,123,Minutes
1288,s1289,Movie,Chris Weitz,United States,"February 20, 2021",2018,Parents Strongly Cautioned,123,Minutes
1290,s1291,Movie,J Blakeson,United Kingdom,"February 19, 2021",2021,Restricted,118,Minutes
1291,s1292,Movie,Khalid Rahman,India,"February 19, 2021",2020,14+ Teens,91,Minutes
1292,s1293,Movie,Luis Ara,Uruguay,"February 19, 2021",2017,Parental Guidance,76,Minutes
1293,s1294,TV Show,"Tharun Bhascker Dhaassyam, B. V. Nandini Reddy, Nag Ashwin, Sankalp Reddy",India,"February 19, 2021",2021,Mature Adults,1,Seasons
1295,s1296,Movie,Prateek Vats,India,"February 18, 2021",2019,Mature Adults,97,Minutes
1297,s1298,Movie,Alex Merkin,United States,"February 18, 2021",2018,14+ Teens,85,Minutes
1303,s1304,Movie,Ian Cheney,United States,"February 17, 2021",2018,Parental Guidance,92,Minutes
1304,s1305,Movie,Ben Simms,United States,"February 16, 2021",2021,Parental Guidance,139,Minutes
1305,s1306,Movie,Vikram Bhatt,India,"February 16, 2021",2002,14+ Teens,162,Minutes
1307,s1308,Movie,Dallas Jenkins,United States,"February 16, 2021",2017,Parental Guidance,92,Minutes
1309,s1310,Movie,Damián Romay,United States,"February 15, 2021",2018,14+ Teens,86,Minutes
1311,s1312,Movie,Hamisha Daryani Ahuja,Nigeria,"February 14, 2021",2021,14+ Teens,107,Minutes
1312,s1313,Movie,Hong Khaou,United Kingdom,"February 13, 2021",2020,Mature Adults,85,Minutes
1315,s1316,Movie,Mario Briongos,Spain,"February 12, 2021",2021,Mature Adults,83,Minutes
1316,s1317,Movie,Vinay Bharadwaj,India,"February 12, 2021",2019,Mature Adults,104,Minutes
1318,s1319,Movie,Michael Fimognari,United States,"February 12, 2021",2021,14+ Teens,116,Minutes
1319,s1320,Movie,Eric D. Cabello Díaz,Mexico,"February 12, 2021",2021,Kids 7+,87,Minutes
1322,s1323,Movie,Clara Martínez-Lázaro,Spain,"February 11, 2021",2018,14+ Teens,91,Minutes
1323,s1324,Movie,Monty Tiwa,Indonesia,"February 11, 2021",2020,14+ Teens,119,Minutes
1324,s1325,Movie,Ava DuVernay,United States,"February 11, 2021",2012,Restricted,102,Minutes
1325,s1326,Movie,Alain Darborg,Sweden,"February 11, 2021",2021,Mature Adults,86,Minutes
1326,s1327,Movie,Filip Zylber,Poland,"February 11, 2021",2021,14+ Teens,102,Minutes
1327,s1328,Movie,Ava DuVernay,United States,"February 11, 2021",2008,Mature Adults,98,Minutes
1328,s1329,TV Show,Joe Berlinger,United States,"February 10, 2021",2021,Mature Adults,1,Seasons
1329,s1330,Movie,Julien Royal,France,"February 10, 2021",2021,Mature Adults,99,Minutes
1330,s1331,Movie,Brian Baugh,United States,"February 10, 2021",2019,Parental Guidance,108,Minutes
1333,s1334,Movie,Todd Phillips,United States,"February 8, 2021",2016,Restricted,114,Minutes
1334,s1335,Movie,Henri Wong,China,"February 7, 2021",2020,14+ Teens,104,Minutes
1336,s1337,Movie,Maïa Sandoz,France,"February 5, 2021",2017,Mature Adults,88,Minutes
1337,s1338,Movie,Mostofa Sarwar Farooki,Bangladesh,"February 5, 2021",2017,Parental Guidance,104,Minutes
1340,s1341,Movie,Joseph Hsu,Taiwan,"February 5, 2021",2020,14+ Teens,123,Minutes
1341,s1342,Movie,Sam Levinson,United States,"February 5, 2021",2021,Restricted,106,Minutes
1342,s1343,Movie,Jo Sung-hee,South Korea,"February 5, 2021",2021,Mature Adults,138,Minutes
1343,s1344,Movie,Michèle Ohayon,United States,"February 5, 2021",2021,Restricted,113,Minutes
1344,s1345,Movie,Rocco Ricciardulli,Italy,"February 5, 2021",2020,Mature Adults,107,Minutes
1345,s1346,Movie,Guo Jingming,China,"February 5, 2021",2021,14+ Teens,133,Minutes
1346,s1347,Movie,Jan Belcl,Poland,"February 3, 2021",2020,Mature Adults,97,Minutes
1347,s1348,Movie,Esteban Crespo,Spain,"February 3, 2021",2020,Mature Adults,116,Minutes
1351,s1352,Movie,Noé González,Mexico,"February 2, 2021",2020,Parental Guidance,123,Minutes
1353,s1354,Movie,Dennis Dugan,United States,"February 1, 2021",1997,Parents Strongly Cautioned,89,Minutes
1357,s1358,Movie,Sarah Gavron,United Kingdom,"February 1, 2021",2019,Mature Adults,93,Minutes
1358,s1359,Movie,Martin Scorsese,United States,"February 1, 2021",2010,Restricted,139,Minutes
1359,s1360,Movie,Roger Donaldson,United Kingdom,"February 1, 2021",2008,Restricted,112,Minutes
1360,s1361,TV Show,Richard Arellano,Philippines,"February 1, 2021",2020,Mature Adults,1,Seasons
1364,s1365,Movie,Jon Favreau,United States,"February 1, 2021",2005,Parental Guidance,101,Minutes
1366,s1367,Movie,Marco Pontecorvo,Portugal,"January 31, 2021",2020,Parents Strongly Cautioned,113,Minutes
1367,s1368,Movie,Gregory Plotkin,United States,"January 31, 2021",2018,Restricted,89,Minutes
1368,s1369,Movie,Lluís Quílez,Spain,"January 29, 2021",2021,Mature Adults,107,Minutes
1369,s1370,Movie,Jude Weng,United States,"January 29, 2021",2021,Parental Guidance,123,Minutes
1370,s1371,Movie,Simon Stone,United Kingdom,"January 29, 2021",2021,Parents Strongly Cautioned,113,Minutes
1372,s1373,Movie,Noviandra Santosa,Indonesia,"January 28, 2021",2021,Parental Guidance,90,Minutes
1374,s1375,Movie,Jeremy Grant,United States,"January 27, 2021",2021,14+ Teens,52,Minutes
1376,s1377,Movie,Jeo Baby,India,"January 27, 2021",2020,Mature Adults,127,Minutes
1378,s1379,Movie,Glendyn Ivin,Australia,"January 27, 2021",2021,14+ Teens,95,Minutes
1379,s1380,Movie,Okey Oku,Nigeria,"January 26, 2021",2018,14+ Teens,121,Minutes
1386,s1387,Movie,Ángeles Reiné,Portugal,"January 22, 2021",2020,Mature Adults,95,Minutes
1387,s1388,Movie,Paul Haggis,United States,"January 22, 2021",2010,Parents Strongly Cautioned,133,Minutes
1388,s1389,Movie,Ramin Bahrani,India,"January 22, 2021",2021,Restricted,127,Minutes
1389,s1390,Movie,Nicol Paone,United States,"January 21, 2021",2020,Restricted,95,Minutes
1390,s1391,Movie,Nick Rowland,United Kingdom,"January 21, 2021",2020,Restricted,101,Minutes
1391,s1392,Movie,RZA,United States,"January 20, 2021",2020,Restricted,123,Minutes
1393,s1394,Movie,Cooper Karl,United States,"January 20, 2021",2020,14+ Teens,89,Minutes
1396,s1397,Movie,Gary Fleder,United States,"January 18, 2021",2013,Restricted,100,Minutes
1397,s1398,Movie,J.A. Bayona,United Kingdom,"January 16, 2021",2016,Parents Strongly Cautioned,108,Minutes
1398,s1399,Movie,Darren Lynn Bousman,United States,"January 16, 2021",2020,Restricted,94,Minutes
1399,s1400,Movie,"Lydia Dean Pilcher, Ginny Mohler",United States,"January 16, 2021",2018,14+ Teens,103,Minutes
1403,s1404,Movie,Cris D'Amato,Brazil,"January 15, 2021",2020,General Audience,105,Minutes
1405,s1406,Movie,Mikael Håfström,Hungary,"January 15, 2021",2021,Restricted,116,Minutes
1406,s1407,Movie,"Eric Darnell, Simon J. Smith",United States,"January 15, 2021",2014,Parental Guidance,92,Minutes
1407,s1408,Movie,Byeon Hee-sun,United States,"January 15, 2021",2019,Children,65,Minutes
1409,s1410,Movie,Peter Facinelli,United States,"January 15, 2021",2020,Restricted,115,Minutes
1410,s1411,Movie,Renuka Shahane,India,"January 15, 2021",2021,Mature Adults,96,Minutes
1411,s1412,Movie,Ross Kauffman,United States,"January 15, 2021",2021,14+ Teens,32,Minutes
1412,s1413,Movie,Sung Do-jun,South Korea,"January 15, 2021",2021,Parental Guidance,102,Minutes
1413,s1414,Movie,Hanung Bramantyo,Indonesia,"January 14, 2021",2011,Mature Adults,102,Minutes
1414,s1415,Movie,"Charles Gozali, Bagus Bramanti",Indonesia,"January 14, 2021",2020,14+ Teens,101,Minutes
1415,s1416,Movie,James Toback,United States,"January 13, 2021",2017,Restricted,71,Minutes
1416,s1417,TV Show,Tiller Russell,United States,"January 13, 2021",2021,Mature Adults,1,Seasons
1417,s1418,Movie,Francisco D'Eufemia,Argentina,"January 12, 2021",2019,Mature Adults,81,Minutes
1419,s1420,TV Show,Juliet May,United Kingdom,"January 12, 2021",2020,Mature Adults,4,Seasons
1420,s1421,Movie,Stanley Nelson,United States,"January 11, 2021",2021,Mature Adults,90,Minutes
1421,s1422,Movie,"Olivier Nakache, Éric Toledano",France,"January 11, 2021",2011,Restricted,112,Minutes
1422,s1423,Movie,Prakash Jha,India,"January 8, 2021",2005,14+ Teens,161,Minutes
1423,s1424,Movie,Rohan Sippy,India,"January 8, 2021",2005,14+ Teens,129,Minutes
1424,s1425,Movie,Ross Venokur,Canada,"January 8, 2021",2021,Kids 7+,85,Minutes
1426,s1427,Movie,Prakash Jha,India,"January 8, 2021",2003,Mature Adults,148,Minutes
1428,s1429,Movie,Rohena Gera,India,"January 8, 2021",2018,Mature Adults,99,Minutes
1432,s1433,TV Show,Maite Ruiz De Austri,Spain,"January 8, 2021",2021,14+ Teens,2,Seasons
1433,s1434,Movie,Jastis Arimba,Indonesia,"January 7, 2021",2020,14+ Teens,101,Minutes
1434,s1435,Movie,"Eric Summer, Éric Warin",France,"January 7, 2021",2016,Parental Guidance,89,Minutes
1435,s1436,Movie,Kornél Mundruczó,Canada,"January 7, 2021",2020,Restricted,128,Minutes
1438,s1439,Movie,Florent Bodin,France,"January 6, 2021",2020,14+ Teens,99,Minutes
1441,s1442,Movie,Sohail Khan,India,"January 4, 2021",1999,14+ Teens,126,Minutes
1444,s1445,Movie,Gabriele Muccino,United States,"January 3, 2021",2012,Parents Strongly Cautioned,106,Minutes
1445,s1446,Movie,Hallvard Bræin,Norway,"January 2, 2021",2020,14+ Teens,101,Minutes
1446,s1447,Movie,Jeff Tremaine,United States,"January 1, 2021",2014,Mature Adults,87,Minutes
1447,s1448,Movie,Christian Alvart,United States,"January 1, 2021",2009,Restricted,111,Minutes
1450,s1451,Movie,Robert Townsend,United States,"January 1, 2021",1987,Restricted,90,Minutes
1451,s1452,Movie,Jeff Deverett,United States,"January 1, 2021",2020,Children,91,Minutes
1452,s1453,Movie,Ron Krauss,United States,"January 1, 2021",2013,Parents Strongly Cautioned,101,Minutes
1453,s1454,Movie,Brian Robbins,United States,"January 1, 2021",1997,Parental Guidance,96,Minutes
1454,s1455,Movie,Jeff Stilson,United States,"January 1, 2021",2009,Parents Strongly Cautioned,96,Minutes
1456,s1457,Movie,Sean Penn,United States,"January 1, 2021",2007,Restricted,148,Minutes
1458,s1459,Movie,Mark McQueen,United Kingdom,"January 1, 2021",2017,Restricted,96,Minutes
1459,s1460,Movie,Melanie Mayron,United States,"January 1, 2021",2011,Parents Strongly Cautioned,98,Minutes
1461,s1462,Movie,Donald Petrie,United States,"January 1, 2021",1988,Restricted,104,Minutes
1463,s1464,TV Show,Tony Collingwood,Canada,"January 1, 2021",2014,Children,1,Seasons
1464,s1465,Movie,"Jennifer Beamish, Toby Trackman",United States,"January 1, 2021",2019,14+ Teens,53,Minutes
1467,s1468,Movie,Jaume Collet-Serra,United Kingdom,"January 1, 2021",2011,Parents Strongly Cautioned,113,Minutes
1468,s1469,Movie,Kim Dong-kyu,South Korea,"January 1, 2021",2021,Mature Adults,102,Minutes
1469,s1470,Movie,Lasse Hallström,United States,"January 1, 2021",1993,Parents Strongly Cautioned,118,Minutes
1470,s1471,Movie,Shaz Bennett,United States,"December 31, 2020",2017,Mature Adults,83,Minutes
1472,s1473,Movie,Samar Shaikh,India,"December 31, 2020",2014,14+ Teens,116,Minutes
1474,s1475,Movie,Archie Hekagery,Indonesia,"December 31, 2020",2020,Parental Guidance,116,Minutes
1475,s1476,Movie,Sabrina Rochelle Kalangie,Indonesia,"December 31, 2020",2019,14+ Teens,106,Minutes
1479,s1480,TV Show,Cosima Spender,Italy,"December 30, 2020",2020,Mature Adults,1,Seasons
1481,s1482,Movie,Liao Shih-han,Taiwan,"December 30, 2020",2020,Mature Adults,105,Minutes
1484,s1485,Movie,"Arnon Manor, Timothy Ware-Hill",United States,"December 28, 2020",2020,Parents Strongly Cautioned,8,Minutes
1485,s1486,Movie,Gore Verbinski,United States,"December 28, 2020",2011,Parental Guidance,110,Minutes
1486,s1487,Movie,"Al Campbell, Alice Mathias",United States,"December 27, 2020",2020,Mature Adults,71,Minutes
1488,s1489,Movie,Maïwenn,France,"December 26, 2020",2020,Mature Adults,91,Minutes
1490,s1491,Movie,Richard Weston,Canada,"December 26, 2020",2020,Children,46,Minutes
1491,s1492,Movie,Vikramaditya Motwane,India,"December 25, 2020",2020,Mature Adults,109,Minutes
1493,s1494,Movie,Prime Cruz,Philippines,"December 25, 2020",2019,General Audience,102,Minutes
1494,s1495,Movie,Robert Rodriguez,United States,"December 25, 2020",2020,Parental Guidance,101,Minutes
1495,s1496,Movie,Andibachtiar Yusuf,Indonesia,"December 24, 2020",2019,Mature Adults,94,Minutes
1496,s1497,Movie,Yandy Laurens,Indonesia,"December 24, 2020",2018,General Audience,110,Minutes
1497,s1498,Movie,Cathy Garcia-Molina,Philippines,"December 24, 2020",2019,14+ Teens,117,Minutes
1498,s1499,Movie,"John Mitchell, Jeremy Kipp Walker",United States,"December 23, 2020",2012,14+ Teens,85,Minutes
1499,s1500,Movie,George Clooney,United States,"December 23, 2020",2020,Parents Strongly Cautioned,119,Minutes
1500,s1501,Movie,Liu Kuang-hui,Taiwan,"December 23, 2020",2020,Mature Adults,115,Minutes
1501,s1502,Movie,Roger Kumble,United States,"December 22, 2020",2020,Restricted,105,Minutes
1502,s1503,Movie,Kristian Mercado,United States,"December 22, 2020",2020,Mature Adults,68,Minutes
1504,s1505,Movie,"Daan Jansen, Stijn Verlinde",Netherlands,"December 22, 2020",2020,14+ Teens,57,Minutes
1507,s1508,Movie,Jay Grace,United Kingdom,"December 22, 2020",2020,Children,28,Minutes
1509,s1510,Movie,Paul Dugdale,United States,"December 21, 2020",2020,Mature Adults,98,Minutes
1510,s1511,Movie,James Haslam,United States,"December 21, 2020",2018,Restricted,95,Minutes
1511,s1512,Movie,Muhammad Ali,Egypt,"December 20, 2020",2019,14+ Teens,96,Minutes
1512,s1513,Movie,Thomas Toby Parkinson,United Kingdom,"December 20, 2020",2020,Mature Adults,66,Minutes
1513,s1514,Movie,John Putch,United States,"December 19, 2020",2012,Parents Strongly Cautioned,112,Minutes
1515,s1516,Movie,Sam Macaroni,United States,"December 18, 2020",2020,Restricted,84,Minutes
1517,s1518,Movie,George C. Wolfe,United States,"December 18, 2020",2020,Restricted,94,Minutes
1519,s1520,Movie,Yasmin Ahmad,Malaysia,"December 18, 2020",2006,Parental Guidance,98,Minutes
1520,s1521,TV Show,"Sudha Kongara, Vignesh Shivan, Gautham Vasudev Menon, Vetri Maaran",India,"December 18, 2020",2020,Mature Adults,1,Seasons
1521,s1522,Movie,Yasmin Ahmad,Malaysia,"December 18, 2020",2004,Parental Guidance,85,Minutes
1522,s1523,Movie,Yasmin Ahmad,Malaysia,"December 18, 2020",2009,14+ Teens,120,Minutes
1523,s1524,Movie,Juan Camilo Pinzon,Colombia,"December 17, 2020",2020,14+ Teens,83,Minutes
1524,s1525,Movie,Lin Oeding,Canada,"December 17, 2020",2018,Restricted,94,Minutes
1525,s1526,Movie,Naya Anindita,Indonesia,"December 17, 2020",2019,14+ Teens,102,Minutes
1526,s1527,Movie,Antoinette Jadaone,Philippines,"December 17, 2020",2017,14+ Teens,111,Minutes
1529,s1530,Movie,JP Habac,Philippines,"December 17, 2020",2019,14+ Teens,90,Minutes
1530,s1531,TV Show,Alexx Media,United States,"December 17, 2020",2020,Mature Adults,1,Seasons
1532,s1533,TV Show,"Andrucha Waddington, Pedro Waddington",Brazil,"December 16, 2020",2020,Mature Adults,1,Seasons
1534,s1535,Movie,Jun Lana,Philippines,"December 16, 2020",2012,Mature Adults,110,Minutes
1536,s1537,Movie,Brad Peyton,United States,"December 16, 2020",2016,Parents Strongly Cautioned,87,Minutes
1537,s1538,Movie,Lee Daniels,United States,"December 16, 2020",2013,Parents Strongly Cautioned,132,Minutes
1540,s1541,Movie,Tom Ford,United States,"December 16, 2020",2016,Restricted,117,Minutes
1541,s1542,TV Show,"Ellena Wood, Jesse Vile",United Kingdom,"December 16, 2020",2020,Mature Adults,1,Seasons
1542,s1543,Movie,Vir Das,India,"December 16, 2020",2020,Mature Adults,50,Minutes
1544,s1545,Movie,Miranda de Pencier,Canada,"December 15, 2020",2018,Restricted,106,Minutes
1549,s1550,Movie,Farhad Safinia,Ireland,"December 15, 2020",2019,14+ Teens,125,Minutes
1550,s1551,Movie,Shaun Paul Piccinino,United States,"December 14, 2020",2020,Parents Strongly Cautioned,107,Minutes
1557,s1558,Movie,Frank E. Abney III,United States,"December 11, 2020",2020,General,9,Minutes
1558,s1559,Movie,"James D. Stern, Fernando Villena",United States,"December 11, 2020",2020,Parents Strongly Cautioned,91,Minutes
1560,s1561,Movie,Ryan Murphy,United States,"December 11, 2020",2020,Parents Strongly Cautioned,132,Minutes
1561,s1562,Movie,Girish Malik,India,"December 11, 2020",2020,Mature Adults,133,Minutes
1563,s1564,Movie,Deepa Mehta,Canada,"December 10, 2020",2020,Mature Adults,109,Minutes
1565,s1566,Movie,Theodore Boborol,Philippines,"December 10, 2020",2016,General Audience,107,Minutes
1566,s1567,Movie,Mae Czarina Cruz,Philippines,"December 10, 2020",2013,14+ Teens,111,Minutes
1567,s1568,Movie,Jun Lana,Philippines,"December 10, 2020",2019,Mature Adults,108,Minutes
1568,s1569,Movie,Jun Lana,Philippines,"December 9, 2020",2019,Mature Adults,105,Minutes
1571,s1572,Movie,Sydney Sibilia,Italy,"December 9, 2020",2020,14+ Teens,119,Minutes
1575,s1576,Movie,Josiah Ng,Singapore,"December 8, 2020",2020,Parental Guidance,104,Minutes
1576,s1577,Movie,Kirk Wise,United States,"December 8, 2020",2020,Parental Guidance,83,Minutes
1580,s1581,Movie,"Beth Sleven, Allan Jacobsen, Kevin Wotton",United States,"December 8, 2020",2020,Kids 7+,79,Minutes
1582,s1583,Movie,John Hillcoat,United States,"December 8, 2020",2016,Restricted,115,Minutes
1584,s1585,Movie,Tate Taylor,United States,"December 7, 2020",2020,Restricted,97,Minutes
1586,s1587,TV Show,Jalil Lespert,France,"December 7, 2020",2020,Mature Adults,1,Seasons
1587,s1588,TV Show,"Su I-Hsuan, Chuang Shiang-an, Liu Yi",Taiwan,"December 5, 2020",2020,Mature Adults,1,Seasons
1588,s1589,Movie,Clint Butler,Canada,"December 5, 2020",2020,Children,26,Minutes
1591,s1592,Movie,"Erik Kling, Kevin Peaty",United States,"December 4, 2020",2020,Kids 7+,46,Minutes
1592,s1593,Movie,Detlev Buck,Germany,"December 4, 2020",2020,Mature Adults,106,Minutes
1595,s1596,Movie,David Fincher,United States,"December 4, 2020",2020,Restricted,133,Minutes
1597,s1598,Movie,Amanda Raymond,United States,"December 4, 2020",2020,Parental Guidance,93,Minutes
1598,s1599,Movie,Jason Paul Laxamana,Philippines,"December 3, 2020",2019,14+ Teens,108,Minutes
1599,s1600,Movie,Marc Fouchard,France,"December 3, 2020",2018,Mature Adults,96,Minutes
1601,s1602,Movie,Roberto Santucci,Brazil,"December 3, 2020",2020,Mature Adults,101,Minutes
1602,s1603,Movie,Dado C. Lumibao,Philippines,"December 3, 2020",2013,14+ Teens,106,Minutes
1604,s1605,Movie,August Jakobsson,Iceland,"December 2, 2020",2020,Mature Adults,54,Minutes
1606,s1607,Movie,Anna Wieczur-Bluszcz,Poland,"December 2, 2020",2020,Mature Adults,118,Minutes
1608,s1609,Movie,McG,United States,"December 1, 2020",2014,Parents Strongly Cautioned,117,Minutes
1609,s1610,Movie,Damien O’Connor,United States,"December 1, 2020",2020,Children,48,Minutes
1610,s1611,Movie,Ron Howard,United States,"December 1, 2020",2009,Parents Strongly Cautioned,139,Minutes
1612,s1613,Movie,Jon Favreau,United States,"December 1, 2020",2014,Restricted,115,Minutes
1613,s1614,Movie,Richard Laxton,United Kingdom,"December 1, 2020",2014,Parents Strongly Cautioned,109,Minutes
1616,s1617,Movie,Gil Kenan,United States,"December 1, 2020",2006,Parental Guidance,91,Minutes
1617,s1618,Movie,Phil Burgers,United States,"December 1, 2020",2020,Mature Adults,60,Minutes
1620,s1621,Movie,Pierre Morel,Hong Kong,"December 1, 2020",2018,Restricted,102,Minutes
1621,s1622,Movie,Simon Wincer,Australia,"December 1, 2020",1990,Parents Strongly Cautioned,120,Minutes
1624,s1625,Movie,Ron Howard,United States,"December 1, 2020",2006,Parents Strongly Cautioned,149,Minutes
1626,s1627,Movie,Brian Henson,United States,"December 1, 2020",2018,Restricted,91,Minutes
1629,s1630,Movie,Derick Cabrido,Philippines,"December 1, 2020",2020,Mature Adults,99,Minutes
1630,s1631,Movie,Marla M. Ancheta,Philippines,"November 30, 2020",2020,Parental Guidance,106,Minutes
1631,s1632,Movie,Jen McGowan,United States,"November 30, 2020",2018,Restricted,108,Minutes
1632,s1633,Movie,Bernie Denk,United States,"November 30, 2020",2019,Children,45,Minutes
1633,s1634,Movie,Brian Skiba,United States,"November 30, 2020",2020,Mature Adults,93,Minutes
1635,s1636,Movie,"Stanley Moore, Alex Woo",United States,"November 27, 2020",2020,Children,22,Minutes
1636,s1637,Movie,Oliver Bokelberg,United States,"November 27, 2020",2020,Parental Guidance,81,Minutes
1637,s1638,Movie,Ángel Gómez Hernández,Spain,"November 27, 2020",2020,Mature Adults,98,Minutes
1642,s1643,Movie,Ludovico Di Martino,Italy,"November 27, 2020",2020,Mature Adults,100,Minutes
1643,s1644,Movie,Lee Chung-hyun,South Korea,"November 27, 2020",2020,Mature Adults,112,Minutes
1644,s1645,Movie,Barry Gonzalez,Philippines,"November 26, 2020",2018,Parental Guidance,114,Minutes
1645,s1646,Movie,Brian Volk-Weiss,United States,"November 26, 2020",2020,14+ Teens,68,Minutes
1646,s1647,Movie,Matthew Michael Carnahan,United States,"November 26, 2020",2020,Mature Adults,103,Minutes
1647,s1648,Movie,Cathy Garcia-Molina,Philippines,"November 26, 2020",2017,14+ Teens,121,Minutes
1648,s1649,Movie,Eric Bress,United Kingdom,"November 25, 2020",2020,Restricted,95,Minutes
1650,s1651,Movie,Paul Dugdale,United Kingdom,"November 25, 2020",2020,Parental Guidance,87,Minutes
1651,s1652,Movie,Chris Columbus,Canada,"November 25, 2020",2020,Parental Guidance,115,Minutes
1653,s1654,Movie,V Vignarajan,India,"November 24, 2020",2020,14+ Teens,171,Minutes
1654,s1655,TV Show,BB Sasore,Nigeria,"November 24, 2020",2015,Mature Adults,1,Seasons
1655,s1656,Movie,"Greg Rankin, TJ Sullivan",United States,"November 24, 2020",2020,Children,46,Minutes
1656,s1657,Movie,Ron Howard,United States,"November 24, 2020",2020,Restricted,117,Minutes
1657,s1658,Movie,Carlos Sorín,Argentina,"November 24, 2020",2020,Mature Adults,84,Minutes
1659,s1660,Movie,Matt Eskandari,United States,"November 23, 2020",2020,Restricted,98,Minutes
1660,s1661,Movie,Grant Singer,United States,"November 23, 2020",2020,Mature Adults,83,Minutes
1662,s1663,Movie,Mohammad Adel,Egypt,"November 23, 2020",2018,14+ Teens,97,Minutes
1663,s1664,Movie,Debbie Allen,United States,"November 22, 2020",2020,Parental Guidance,99,Minutes
1664,s1665,Movie,Robert Rodriguez,United States,"November 22, 2020",2013,Restricted,108,Minutes
1665,s1666,Movie,Victor Gatonye,Kenya,"November 20, 2020",2019,14+ Teens,93,Minutes
1666,s1667,Movie,Stephen Chiodo,United States,"November 20, 2020",2020,Children,42,Minutes
1669,s1670,Movie,"Will McCormack, Michael Govier",United States,"November 20, 2020",2020,Parental Guidance,13,Minutes
1671,s1672,Movie,Monica Floyd,United States,"November 20, 2020",2020,Parental Guidance,64,Minutes
1673,s1674,Movie,Anurag Kashyap,India,"November 19, 2020",2004,Mature Adults,162,Minutes
1674,s1675,Movie,Siddique,India,"November 19, 2020",2011,14+ Teens,130,Minutes
1675,s1676,Movie,Danish Aslam,India,"November 19, 2020",2010,14+ Teens,108,Minutes
1676,s1677,Movie,Vibhu Virender Puri,India,"November 19, 2020",2015,14+ Teens,129,Minutes
1677,s1678,Movie,Cathy Garcia-Molina,Philippines,"November 19, 2020",2010,14+ Teens,105,Minutes
1678,s1679,Movie,Anurag Kashyap,India,"November 19, 2020",2016,Mature Adults,133,Minutes
1679,s1680,Movie,Rohit Shetty,India,"November 19, 2020",2011,14+ Teens,142,Minutes
1680,s1681,Movie,Ribhu Dasgupta,India,"November 19, 2020",2016,14+ Teens,128,Minutes
1681,s1682,Movie,Mike Rohl,United States,"November 19, 2020",2020,General Audience,97,Minutes
1682,s1683,Movie,Cathy Garcia-Molina,Philippines,"November 19, 2020",2018,General Audience,107,Minutes
1683,s1684,Movie,Shyam Benegal,India,"November 19, 2020",2009,14+ Teens,135,Minutes
1685,s1686,Movie,Takeshi Fukunaga,United States,"November 17, 2020",2020,Parental Guidance,84,Minutes
1686,s1687,Movie,Leslie Small,United States,"November 17, 2020",2020,Mature Adults,70,Minutes
1689,s1690,Movie,Jeff Nichols,United Kingdom,"November 16, 2020",2016,Parents Strongly Cautioned,124,Minutes
1690,s1691,Movie,"Sabaah Folayan, Damon Davis",United States,"November 16, 2020",2017,Restricted,102,Minutes
1691,s1692,Movie,Justin G. Dyck,United States,"November 15, 2020",2017,General Audience,84,Minutes
1694,s1695,Movie,"Cody Cameron, Kris Pearn",United States,"November 15, 2020",2013,Parental Guidance,95,Minutes
1695,s1696,Movie,Justin G. Dyck,Canada,"November 15, 2020",2018,General Audience,84,Minutes
1699,s1700,Movie,Michael Curtiz,United States,"November 15, 2020",1954,General Audience,120,Minutes
1700,s1701,Movie,Damián Romay,United States,"November 14, 2020",2019,14+ Teens,87,Minutes
1702,s1703,Movie,Avinash Walzade,India,"November 13, 2020",2020,Kids 7+,75,Minutes
1703,s1704,Movie,David E. Talbert,United States,"November 13, 2020",2020,Parental Guidance,124,Minutes
1704,s1705,Movie,Renata Terra,Brazil,"November 13, 2020",2020,Parental Guidance,92,Minutes
1705,s1706,Movie,Edoardo Ponti,Italy,"November 13, 2020",2020,Parents Strongly Cautioned,95,Minutes
1706,s1707,TV Show,Mateo Gil,Spain,"November 13, 2020",2020,Mature Adults,1,Seasons
1707,s1708,Movie,Cathy Garcia-Molina,Philippines,"November 12, 2020",2008,General Audience,107,Minutes
1709,s1710,Movie,Paul Soriano,Philippines,"November 12, 2020",2018,Mature Adults,123,Minutes
1710,s1711,Movie,Ryan Coogler,United States,"November 12, 2020",2013,Restricted,85,Minutes
1712,s1713,Movie,Anurag Basu,India,"November 12, 2020",2020,Mature Adults,150,Minutes
1713,s1714,Movie,Lucas Santa Ana,Argentina,"November 12, 2020",2019,Mature Adults,97,Minutes
1714,s1715,Movie,Nelson McCormick,United States,"November 12, 2020",2008,Parents Strongly Cautioned,88,Minutes
1715,s1716,TV Show,Carla Barros,Brazil,"November 11, 2020",2020,14+ Teens,1,Seasons
1720,s1721,Movie,Ulrike Kofler,Austria,"November 11, 2020",2020,Mature Adults,93,Minutes
1721,s1722,TV Show,"Steven Bognar, Julia Reichert",United States,"November 10, 2020",2006,14+ Teens,1,Seasons
1725,s1726,Movie,Kunle Afolayan,Nigeria,"November 6, 2020",2020,Mature Adults,151,Minutes
1727,s1728,Movie,Weica Wang,Taiwan,"November 6, 2020",2020,Mature Adults,82,Minutes
1728,s1729,Movie,"Aitor Arregi, Jon Garaño, Jose Mari Goenaga",Spain,"November 6, 2020",2019,Mature Adults,148,Minutes
1729,s1730,Movie,Kevin Pollak,United States,"November 6, 2020",2016,Restricted,95,Minutes
1731,s1732,Movie,Otoja Abit,United States,"November 5, 2020",2020,Mature Adults,90,Minutes
1732,s1733,Movie,Antoinette Jadaone,Philippines,"November 5, 2020",2019,14+ Teens,103,Minutes
1733,s1734,TV Show,Alejandro Hartmann,Argentina,"November 5, 2020",2020,14+ Teens,1,Seasons
1734,s1735,Movie,Maxwell McGuire,Canada,"November 5, 2020",2020,General Audience,87,Minutes
1735,s1736,Movie,Ruel S. Bayani,Philippines,"November 5, 2020",2012,14+ Teens,102,Minutes
1736,s1737,Movie,Martin Wood,United States,"November 5, 2020",2020,General Audience,96,Minutes
1739,s1740,Movie,Justin G. Dyck,Canada,"November 4, 2020",2018,Parental Guidance,86,Minutes
1741,s1742,Movie,Narendra Nath,India,"November 4, 2020",2020,Parental Guidance,136,Minutes
1742,s1743,Movie,Jan-Peter Horns,Germany,"November 3, 2020",2020,Mature Adults,60,Minutes
1743,s1744,Movie,Tatsushi Omori,Japan,"November 3, 2020",2020,14+ Teens,127,Minutes
1747,s1748,Movie,"Zeek Earl, Christopher Caldwell",Canada,"November 2, 2020",2018,Restricted,100,Minutes
1749,s1750,Movie,Michael Kampa,United States,"November 1, 2020",2019,Parental Guidance,87,Minutes
1751,s1752,Movie,Chanda Bell,United States,"November 1, 2020",2020,Children,28,Minutes
1752,s1753,Movie,Chanda Bell,United States,"November 1, 2020",2020,Children,27,Minutes
1753,s1754,Movie,Jennifer Westcott,Canada,"November 1, 2020",2018,Parental Guidance,90,Minutes
1761,s1762,Movie,Richard Greenberg,United States,"November 1, 2020",1989,Parental Guidance,102,Minutes
1762,s1763,Movie,Peter Berg,United States,"November 1, 2020",2018,Restricted,94,Minutes
1763,s1764,Movie,Nicolas Pesce,United States,"November 1, 2020",2018,Restricted,81,Minutes
1764,s1765,Movie,Oliver Stone,United Kingdom,"November 1, 2020",2016,Restricted,134,Minutes
1767,s1768,Movie,J.A. Bayona,Spain,"November 1, 2020",2012,Parents Strongly Cautioned,114,Minutes
1768,s1769,Movie,Christopher Cain,United States,"November 1, 2020",1994,Parental Guidance,107,Minutes
1770,s1771,Movie,Shaun Paul Piccinino,United States,"November 1, 2020",2020,Restricted,107,Minutes
1771,s1772,TV Show,Juliana Vicente,Brazil,"October 31, 2020",2017,Parental Guidance,1,Seasons
1772,s1773,Movie,Harald Zwart,Norway,"October 31, 2020",2018,Mature Adults,130,Minutes
1774,s1775,Movie,Stacia Crawford,United States,"October 30, 2020",2019,14+ Teens,87,Minutes
1775,s1776,Movie,Remi Weekes,United Kingdom,"October 30, 2020",2020,14+ Teens,93,Minutes
1776,s1777,Movie,Tope Oshin,Nigeria,"October 30, 2020",2017,14+ Teens,114,Minutes
1777,s1778,Movie,Terrie Samundra,India,"October 30, 2020",2020,14+ Teens,91,Minutes
1780,s1781,Movie,Olivier Marchal,France,"October 30, 2020",2020,Mature Adults,116,Minutes
1783,s1784,Movie,Santiago Alvarado Ilarri,Mexico,"October 30, 2020",2020,Mature Adults,93,Minutes
1784,s1785,Movie,Frasco Mortiz,Philippines,"October 29, 2020",2013,14+ Teens,106,Minutes
1785,s1786,Movie,John Whitesell,United States,"October 28, 2020",2020,Mature Adults,105,Minutes
1787,s1788,Movie,Nimród Antal,United States,"October 28, 2020",2013,Restricted,93,Minutes
1788,s1789,Movie,Bartosz M. Kowalski,Poland,"October 28, 2020",2020,Mature Adults,103,Minutes
1789,s1790,Movie,James Tovell,United States,"October 28, 2020",2020,Parental Guidance,114,Minutes
1792,s1793,Movie,Matías Gueilburt,Argentina,"October 27, 2020",2020,14+ Teens,95,Minutes
1793,s1794,Movie,Natasha Lyonne,United States,"October 27, 2020",2020,Mature Adults,50,Minutes
1794,s1795,TV Show,"Chang Chin-jung, Chen Rong-hui",Taiwan,"October 26, 2020",2020,14+ Teens,1,Seasons
1795,s1796,Movie,Rajkumar Santoshi,India,"October 25, 2020",2009,14+ Teens,150,Minutes
1796,s1797,Movie,Lance Daly,Ireland,"October 24, 2020",2018,Restricted,100,Minutes
1797,s1798,Movie,Unjoo Moon,Australia,"October 24, 2020",2019,Mature Adults,117,Minutes
1798,s1799,Movie,Gil Baroni,Brazil,"October 23, 2020",2019,Mature Adults,87,Minutes
1800,s1801,TV Show,"Thierry Demaizière, Alban Teurlai",United States,"October 23, 2020",2020,Mature Adults,1,Seasons
1801,s1802,Movie,Glen Keane,China,"October 23, 2020",2020,Parental Guidance,100,Minutes
1802,s1803,Movie,Chris Sivertson,United States,"October 23, 2020",2018,14+ Teens,86,Minutes
1805,s1806,Movie,"Kief Davidson, Pedro Kos",United States,"October 22, 2020",2017,Mature Adults,102,Minutes
1806,s1807,Movie,Jarand Herdal,Norway,"October 22, 2020",2020,Mature Adults,87,Minutes
1807,s1808,Movie,Dan Villegas,Philippines,"October 22, 2020",2018,Mature Adults,103,Minutes
1808,s1809,Movie,Chris Foggin,United Kingdom,"October 22, 2020",2019,Parents Strongly Cautioned,112,Minutes
1809,s1810,Movie,Cathy Garcia-Molina,Philippines,"October 22, 2020",2018,14+ Teens,120,Minutes
1810,s1811,Movie,Kim Nguyen,Canada,"October 22, 2020",2018,Restricted,111,Minutes
1811,s1812,Movie,Karen Maine,United States,"October 22, 2020",2020,Restricted,78,Minutes
1812,s1813,Movie,Tim Neeves,Canada,"October 21, 2020",2020,Parental Guidance,51,Minutes
1814,s1815,Movie,Ben Wheatley,United Kingdom,"October 21, 2020",2020,Parents Strongly Cautioned,123,Minutes
1815,s1816,Movie,Richard Weston,Canada,"October 20, 2020",2020,Children,46,Minutes
1816,s1817,Movie,Don Michael Paul,United States,"October 20, 2020",2020,Parents Strongly Cautioned,102,Minutes
1817,s1818,Movie,Maroun Baghdadi,Lebanon,"October 19, 2020",1975,14+ Teens,106,Minutes
1818,s1819,Movie,Philippe Aractingi,Lebanon,"October 19, 2020",2005,14+ Teens,112,Minutes
1819,s1820,Movie,Amin Dora,Lebanon,"October 19, 2020",2013,Mature Adults,101,Minutes
1820,s1821,Movie,Philippe Aractingi,Lebanon,"October 19, 2020",2014,14+ Teens,96,Minutes
1821,s1822,Movie,Philippe Aractingi,Lebanon,"October 19, 2020",2017,Mature Adults,103,Minutes
1822,s1823,Movie,Maroun Baghdadi,France,"October 19, 2020",1991,Mature Adults,94,Minutes
1823,s1824,Movie,Rana Eid,Lebanon,"October 19, 2020",2017,Mature Adults,69,Minutes
1824,s1825,Movie,Daniel Joseph,Lebanon,"October 19, 2020",2012,Mature Adults,81,Minutes
1825,s1826,Movie,Randa Chahal Sabbag,Lebanon,"October 19, 2020",2003,Mature Adults,76,Minutes
1826,s1827,Movie,Maroun Baghdadi,France,"October 19, 2020",1982,14+ Teens,108,Minutes
1827,s1828,Movie,Philippe Aractingi,France,"October 19, 2020",2007,Mature Adults,94,Minutes
1829,s1830,Movie,Ziad Doueiri,France,"October 19, 2020",1999,Mature Adults,106,Minutes
1830,s1831,Movie,Shady Hanna,Lebanon,"October 19, 2020",2018,14+ Teens,98,Minutes
1831,s1832,Movie,Maroun Baghdadi,Lebanon,"October 19, 2020",1980,14+ Teens,93,Minutes
1832,s1833,Movie,Josef Fares,Sweden,"October 19, 2020",2005,Mature Adults,99,Minutes
1833,s1834,Movie,"Sam Fell, Chris Butler",United States,"October 18, 2020",2012,Parental Guidance,93,Minutes
1835,s1836,Movie,Ross Boyask,United Kingdom,"October 17, 2020",2020,Restricted,82,Minutes
1836,s1837,Movie,"David 'Tosh' Gitonga, Michael Jones",Kenya,"October 16, 2020",2018,Mature Adults,107,Minutes
1838,s1839,Movie,Ti West,United States,"October 16, 2020",2016,Restricted,104,Minutes
1840,s1841,TV Show,Manolo Caro,Mexico,"October 16, 2020",2020,Mature Adults,1,Seasons
1842,s1843,Movie,Aaron Sorkin,United States,"October 16, 2020",2020,Restricted,130,Minutes
1843,s1844,Movie,Levan Gabriadze,United States,"October 16, 2020",2014,Restricted,83,Minutes
1844,s1845,Movie,Rachel Talalay,United States,"October 15, 2020",2020,Parental Guidance,99,Minutes
1845,s1846,Movie,Sam Liu,United States,"October 15, 2020",2016,Restricted,77,Minutes
1846,s1847,Movie,Peter Mimi,Egypt,"October 15, 2020",2018,14+ Teens,94,Minutes
1849,s1850,Movie,Hanung Bramantyo,Indonesia,"October 15, 2020",2017,Parental Guidance,118,Minutes
1850,s1851,Movie,Lasja Fauzia Susatyo,Indonesia,"October 15, 2020",2020,14+ Teens,87,Minutes
1853,s1854,Movie,"Pavitra Chalam, Akshay Shankar",India,"October 15, 2020",2020,Parental Guidance,42,Minutes
1855,s1856,Movie,"Kevin Ko, Peter Tsi",Taiwan,"October 14, 2020",2020,14+ Teens,101,Minutes
1856,s1857,Movie,Caroline Suh,United States,"October 14, 2020",2020,14+ Teens,80,Minutes
1857,s1858,Movie,Carlos Pérez Osorio,Mexico,"October 14, 2020",2020,Mature Adults,110,Minutes
1858,s1859,Movie,Ken Ghosh,India,"October 13, 2020",2004,14+ Teens,117,Minutes
1859,s1860,Movie,Blair Simmons,United Kingdom,"October 13, 2020",2020,Children,47,Minutes
1861,s1862,Movie,Indra Kumar,India,"October 12, 2020",1990,14+ Teens,165,Minutes
1862,s1863,Movie,B. Subhash,India,"October 12, 2020",1982,14+ Teens,134,Minutes
1863,s1864,Movie,Harshavardhan Kulkarni,India,"October 12, 2020",2015,Mature Adults,140,Minutes
1865,s1866,Movie,Neeraj Vora,India,"October 12, 2020",2006,14+ Teens,150,Minutes
1866,s1867,Movie,Rajkumar Santoshi,India,"October 12, 2020",2002,14+ Teens,156,Minutes
1867,s1868,Movie,Alex Merkin,United States,"October 11, 2020",2017,Mature Adults,86,Minutes
1869,s1870,Movie,Puneet Khanna,India,"October 9, 2020",2020,Mature Adults,126,Minutes
1870,s1871,Movie,Meltem Bozoflu,Turkey,"October 9, 2020",2018,Mature Adults,100,Minutes
1872,s1873,Movie,Radha Blank,United States,"October 9, 2020",2020,Restricted,124,Minutes
1874,s1875,Movie,"Bigflo & Oli, Jérémie Levypon",France,"October 8, 2020",2020,Mature Adults,100,Minutes
1876,s1877,Movie,Eduardo Pinto,Argentina,"October 8, 2020",2004,Mature Adults,106,Minutes
1879,s1880,Movie,Steve Brill,United States,"October 7, 2020",2020,Parents Strongly Cautioned,104,Minutes
1880,s1881,TV Show,Pavel Kostomarov,Russia,"October 7, 2020",2020,Mature Adults,1,Seasons
1881,s1882,Movie,Mike Elliott,United States,"October 6, 2020",2020,Restricted,96,Minutes
1882,s1883,Movie,Francis Whately,United Kingdom,"October 6, 2020",2019,14+ Teens,90,Minutes
1883,s1884,Movie,Jon Izen,Canada,"October 6, 2020",2020,Children,33,Minutes
1884,s1885,Movie,Christopher Nolen,United States,"October 6, 2020",2017,14+ Teens,81,Minutes
1886,s1887,Movie,"Alastair Fothergill, Jonnie Hughes, Keith Scholey",United States,"October 4, 2020",2020,Parental Guidance,84,Minutes
1887,s1888,Movie,Amy Segal,Canada,"October 3, 2020",2020,Mature Adults,44,Minutes
1888,s1889,Movie,Umut Aral,Turkey,"October 3, 2020",2018,14+ Teens,115,Minutes
1891,s1892,Movie,Umut Kirca,Turkey,"October 2, 2020",2016,14+ Teens,94,Minutes
1896,s1897,Movie,Kenneth Gyang,Nigeria,"October 2, 2020",2020,Mature Adults,107,Minutes
1897,s1898,Movie,Sudhir Mishra,India,"October 2, 2020",2020,Mature Adults,115,Minutes
1898,s1899,Movie,Domenico de Feudis,Italy,"October 2, 2020",2020,Mature Adults,93,Minutes
1899,s1900,Movie,Burak Aksak,Turkey,"October 2, 2020",2017,Mature Adults,107,Minutes
1900,s1901,Movie,Oz Rodriguez,United States,"October 2, 2020",2020,Parents Strongly Cautioned,86,Minutes
1901,s1902,Movie,Salvador Espinosa,Mexico,"October 2, 2020",2020,Mature Adults,112,Minutes
1902,s1903,Movie,Adrian Teh,Malaysia,"October 1, 2020",2020,Parental Guidance,102,Minutes
1903,s1904,Movie,Brad Silberling,Serbia,"October 1, 2020",2017,Restricted,91,Minutes
1904,s1905,Movie,"Elsa Flores Almaraz, Richard J Montoya",United States,"October 1, 2020",2019,14+ Teens,83,Minutes
1905,s1906,Movie,Carey McKenzie,South Africa,"October 1, 2020",2013,Mature Adults,73,Minutes
1909,s1910,Movie,Gary Ross,United States,"October 1, 2020",2016,Restricted,139,Minutes
1911,s1912,Movie,Adam Bolt,United States,"October 1, 2020",2019,14+ Teens,95,Minutes
1912,s1913,Movie,Taika Waititi,New Zealand,"October 1, 2020",2016,Parents Strongly Cautioned,101,Minutes
1913,s1914,Movie,"Lindsey Cordero, Armando Croda",United States,"October 1, 2020",2019,Mature Adults,75,Minutes
1916,s1917,Movie,David LaChapelle,United States,"October 1, 2020",2005,Parents Strongly Cautioned,87,Minutes
1920,s1921,Movie,Faris Godus,Saudi Arabia,"October 1, 2020",2020,14+ Teens,120,Minutes
1921,s1922,Movie,Rod Lurie,United States,"October 1, 2020",2020,Restricted,123,Minutes
1924,s1925,Movie,Stacie Passon,United States,"October 1, 2020",2018,14+ Teens,95,Minutes
1926,s1927,Movie,Jenny Popplewell,United States,"September 30, 2020",2020,Mature Adults,84,Minutes
1927,s1928,Movie,Florian Schott,Namibia,"September 30, 2020",2019,Parental Guidance,29,Minutes
1930,s1931,Movie,Tom Whitworth,United Kingdom,"September 30, 2020",2018,Mature Adults,28,Minutes
1931,s1932,Movie,Joe Mantello,United States,"September 30, 2020",2020,Restricted,122,Minutes
1934,s1935,Movie,Lee Hirsch,United States,"September 29, 2020",2012,Parents Strongly Cautioned,98,Minutes
1935,s1936,Movie,Page Hurwitz,United States,"September 29, 2020",2020,Mature Adults,59,Minutes
1936,s1937,Movie,Dallas Jackson,United States,"September 29, 2020",2020,Restricted,80,Minutes
1937,s1938,Movie,Lee Hirsch,South Africa,"September 28, 2020",2002,Parents Strongly Cautioned,103,Minutes
1938,s1939,Movie,Rajat Kapoor,India,"September 28, 2020",2013,Parental Guidance,104,Minutes
1939,s1940,Movie,Abhishek Chaubey,India,"September 28, 2020",2014,14+ Teens,146,Minutes
1940,s1941,Movie,Rohit Shetty,India,"September 28, 2020",2008,Mature Adults,135,Minutes
1941,s1942,Movie,Ken Ghosh,India,"September 28, 2020",2003,Parental Guidance,129,Minutes
1942,s1943,Movie,Abhishek Chaubey,India,"September 28, 2020",2009,14+ Teens,115,Minutes
1943,s1944,Movie,Imtiaz Ali,India,"September 28, 2020",2007,14+ Teens,143,Minutes
1944,s1945,Movie,Indra Kumar,India,"September 28, 2020",1999,14+ Teens,173,Minutes
1945,s1946,Movie,Navdeep Singh,India,"September 28, 2020",2007,14+ Teens,129,Minutes
1946,s1947,Movie,Anees Bazmee,India,"September 28, 2020",2007,Parental Guidance,149,Minutes
1950,s1951,Movie,Rikhil Bahadur,India,"September 26, 2020",2015,14+ Teens,98,Minutes
1957,s1958,Movie,Shawn Levy,United States,"September 24, 2020",2011,Parents Strongly Cautioned,127,Minutes
1959,s1960,Movie,Harry Bradbeer,United Kingdom,"September 23, 2020",2020,Parents Strongly Cautioned,124,Minutes
1960,s1961,Movie,"Joshua Tickell, Rebecca Harrell Tickell",United States,"September 22, 2020",2020,General Audience,85,Minutes
1962,s1963,Movie,Sophia Nahli Allison,United States,"September 21, 2020",2020,Parental Guidance,20,Minutes
1963,s1964,Movie,Norihisa Hiranuma,Japan,"September 20, 2020",2018,Parental Guidance,102,Minutes
1964,s1965,Movie,Shigeaki Kubo,Japan,"September 20, 2020",2016,Mature Adults,129,Minutes
1965,s1966,Movie,"Shigeaki Kubo, Tsuyoshi Nakakuki",Japan,"September 20, 2020",2017,Mature Adults,124,Minutes
1966,s1967,Movie,"Shigeaki Kubo, Tsuyoshi Nakakuki",Japan,"September 20, 2020",2017,Mature Adults,118,Minutes
1967,s1968,Movie,Yudai Yamaguchi,Japan,"September 20, 2020",2016,Mature Adults,111,Minutes
1969,s1970,Movie,Shigeaki Kubo,Japan,"September 20, 2020",2016,Mature Adults,94,Minutes
1970,s1971,Movie,Marwan Hamed,Egypt,"September 20, 2020",2019,Mature Adults,130,Minutes
1971,s1972,Movie,Smeep Kang,India,"September 19, 2020",2013,14+ Teens,117,Minutes
1972,s1973,Movie,Raja Chanda,India,"September 19, 2020",2015,14+ Teens,137,Minutes
1974,s1975,Movie,Tigmanshu Dhulia,India,"September 19, 2020",2013,Mature Adults,139,Minutes
1975,s1976,Movie,Akashdeep,India,"September 19, 2020",2016,14+ Teens,111,Minutes
1976,s1977,Movie,Rajesh Ganguly,India,"September 19, 2020",2014,Mature Adults,103,Minutes
1977,s1978,Movie,Alankrita Shrivastava,India,"September 18, 2020",2020,Mature Adults,120,Minutes
1981,s1982,Movie,Chandra Liow,Indonesia,"September 18, 2020",2020,14+ Teens,98,Minutes
1982,s1983,Movie,Sekhar Kammula,India,"September 17, 2020",2014,14+ Teens,130,Minutes
1984,s1985,Movie,Florent Bodin,France,"September 17, 2020",2020,Mature Adults,96,Minutes
1985,s1986,Movie,Gary Andrews,United Kingdom,"September 17, 2020",2020,Children,61,Minutes
1987,s1988,Movie,Merawi Gerima,United States,"September 17, 2020",2020,Mature Adults,90,Minutes
1995,s1996,Movie,Antonio Campos,United States,"September 16, 2020",2020,Restricted,139,Minutes
1996,s1997,Movie,Carles Torras,Spain,"September 16, 2020",2020,Mature Adults,94,Minutes
1997,s1998,Movie,James Watkins,United Kingdom,"September 16, 2020",2016,Restricted,92,Minutes
1998,s1999,TV Show,Philippa Lowthorpe,United Kingdom,"September 15, 2020",2020,Mature Adults,9,Seasons
1999,s2000,Movie,Pailin Wedel,Thailand,"September 15, 2020",2020,Parental Guidance,80,Minutes
2000,s2001,Movie,Chris Howe,United Kingdom,"September 15, 2020",2020,Mature Adults,63,Minutes
2001,s2002,Movie,Peter Sollett,France,"September 15, 2020",2002,Restricted,88,Minutes
2003,s2004,Movie,Raja Gosnell,United States,"September 15, 2020",2013,Parental Guidance,105,Minutes
2005,s2006,Movie,Tosin Coker,Nigeria,"September 14, 2020",2018,Mature Adults,140,Minutes
2007,s2008,Movie,Javier Colinas,Mexico,"September 11, 2020",2020,14+ Teens,103,Minutes
2010,s2011,Movie,Dean DeBlois,United States,"September 11, 2020",2014,Parental Guidance,102,Minutes
2011,s2012,Movie,Reinhard Klooss,Germany,"September 11, 2020",2020,Kids 7+,93,Minutes
2015,s2016,Movie,Satish Rajwade,India,"September 10, 2020",2018,14+ Teens,133,Minutes
2016,s2017,Movie,Abhijeet Deshpande,India,"September 10, 2020",2018,14+ Teens,157,Minutes
2017,s2018,Movie,Mahesh Manjrekar,India,"September 10, 2020",2019,14+ Teens,116,Minutes
2018,s2019,Movie,Mahesh Manjrekar,India,"September 10, 2020",2019,Parental Guidance,112,Minutes
2019,s2020,Movie,Prakash Kunte,India,"September 10, 2020",2018,Parental Guidance,96,Minutes
2020,s2021,Movie,Manish Saini,India,"September 10, 2020",2017,General Audience,127,Minutes
2022,s2023,TV Show,Kenny Ortega,United States,"September 10, 2020",2020,General Audience,1,Seasons
2023,s2024,Movie,Makarand Mane,India,"September 10, 2020",2019,Mature Adults,130,Minutes
2024,s2025,Movie,Hakan Algül,Turkey,"September 10, 2020",2018,Mature Adults,93,Minutes
2025,s2026,Movie,Vijay Maurya,India,"September 10, 2020",2016,14+ Teens,138,Minutes
2026,s2027,Movie,Sameer Patil,India,"September 10, 2020",2016,14+ Teens,138,Minutes
2027,s2028,Movie,"Kenzo Maihara, Amandha Wyanto",Indonesia,"September 10, 2020",2017,General Audience,92,Minutes
2028,s2029,Movie,Ahmed Nader Galal,Egypt,"September 10, 2020",2018,14+ Teens,110,Minutes
2029,s2030,Movie,McG,United States,"September 10, 2020",2020,Mature Adults,102,Minutes
2030,s2031,Movie,Arati Kadav,India,"September 9, 2020",2020,14+ Teens,113,Minutes
2031,s2032,Movie,Maïmouna Doucouré,France,"September 9, 2020",2020,Mature Adults,96,Minutes
2033,s2034,TV Show,Pepe Mora,Spain,"September 9, 2020",2020,Mature Adults,1,Seasons
2034,s2035,Movie,Marcos Carnevale,Argentina,"September 9, 2020",2020,14+ Teens,108,Minutes
2035,s2036,Movie,Jeff Orlowski,United States,"September 9, 2020",2020,Parents Strongly Cautioned,94,Minutes
2036,s2037,Movie,Cho Il,South Korea,"September 8, 2020",2020,Mature Adults,99,Minutes
2038,s2039,Movie,"Pippa Ehrlich, James Reed",South Africa,"September 7, 2020",2020,General Audience,86,Minutes
2039,s2040,Movie,Tolga Karaçelik,Turkey,"September 7, 2020",2010,Mature Adults,98,Minutes
2041,s2042,Movie,Davis Guggenheim,United States,"September 7, 2020",2010,Parental Guidance,111,Minutes
2043,s2044,Movie,Philip Barantini,United Kingdom,"September 5, 2020",2020,Restricted,97,Minutes
2045,s2046,Movie,Charlie Kaufman,United States,"September 4, 2020",2020,Restricted,135,Minutes
2046,s2047,Movie,Jayan Moodley,South Africa,"September 4, 2020",2019,14+ Teens,93,Minutes
2048,s2049,Movie,Abba T. Makama,Nigeria,"September 4, 2020",2019,Mature Adults,94,Minutes
2049,s2050,Movie,Antoinette Jadaone,Philippines,"September 4, 2020",2015,14+ Teens,117,Minutes
2050,s2051,Movie,"Junior Carelli, Rudge Campos",Brazil,"September 3, 2020",2020,Mature Adults,63,Minutes
2051,s2052,Movie,Ertanto Robby Soediskam,Indonesia,"September 3, 2020",2018,Parental Guidance,73,Minutes
2052,s2053,Movie,Mark Steven Johnson,United States,"September 3, 2020",2020,Parental Guidance,91,Minutes
2055,s2056,Movie,Felix Binder,Germany,"September 2, 2020",2020,Mature Adults,93,Minutes
2056,s2057,Movie,Thor Freudenthal,Germany,"September 2, 2020",2009,Parental Guidance,101,Minutes
2057,s2058,Movie,Nguyen Thanh Tung,Vietnam,"September 2, 2020",2020,General Audience,93,Minutes
2059,s2060,Movie,Baltasar Kormákur,Hong Kong,"September 1, 2020",2018,Parents Strongly Cautioned,96,Minutes
2060,s2061,Movie,Dan Villegas,Philippines,"September 1, 2020",2016,14+ Teens,112,Minutes
2061,s2062,Movie,Conrad Helten,Netherlands,"September 1, 2020",2020,Children,72,Minutes
2065,s2066,Movie,Ayumu Watanabe,Japan,"September 1, 2020",2019,Parental Guidance,112,Minutes
2067,s2068,Movie,Hitoshi Namba,Japan,"September 1, 2020",2016,14+ Teens,72,Minutes
2071,s2072,Movie,Chris Miller,United States,"September 1, 2020",2011,Parental Guidance,92,Minutes
2072,s2073,Movie,Sean Anders,United States,"September 1, 2020",2008,Restricted,109,Minutes
2074,s2075,Movie,Abbas Mustan,India,"September 1, 2020",1998,14+ Teens,155,Minutes
2075,s2076,Movie,Duncan McMath,Spain,"September 1, 2020",2018,Mature Adults,109,Minutes
2076,s2077,Movie,"Dan Forgione, Pete Jacobs, Matt Whitlock",United States,"September 1, 2020",2020,Kids 7+,115,Minutes
2077,s2078,Movie,Francesco Carnesecchi,Italy,"September 1, 2020",2020,Mature Adults,97,Minutes
2079,s2080,Movie,Raja Gosnell,United States,"September 1, 2020",2011,Parental Guidance,103,Minutes
2080,s2081,TV Show,Greg Tiernan,United Kingdom,"September 1, 2020",2020,Children,2,Seasons
2081,s2082,Movie,"Mark Thornton, Todd Kauffman",Canada,"September 1, 2020",2020,Children,24,Minutes
2082,s2083,Movie,Shamzu Zayba,India,"August 31, 2020",2020,14+ Teens,110,Minutes
2083,s2084,Movie,Jesse V. Johnson,United States,"August 31, 2020",2020,Mature Adults,97,Minutes
2084,s2085,Movie,Brett Haley,United States,"August 29, 2020",2020,Parental Guidance,94,Minutes
2087,s2088,Movie,"Chris Roland, Maradona Dias Dos Santos",South Africa,"August 28, 2020",2020,Mature Adults,107,Minutes
2088,s2089,Movie,David Galán Galindo,Spain,"August 28, 2020",2020,Mature Adults,97,Minutes
2090,s2091,Movie,David Moreton,United States,"August 27, 2020",1998,Mature Adults,103,Minutes
2091,s2092,Movie,Lester Hsi,Taiwan,"August 27, 2020",2020,Mature Adults,88,Minutes
2092,s2093,Movie,Cyrus Nowrasteh,United States,"August 27, 2020",2016,Parents Strongly Cautioned,111,Minutes
2094,s2095,Movie,Isabel Sandoval,United States,"August 26, 2020",2019,Mature Adults,94,Minutes
2095,s2096,Movie,Nathan Wiley,United States,"August 26, 2020",2020,Mature Adults,33,Minutes
2100,s2101,Movie,Wayne Blair,United States,"August 24, 2020",2016,Parents Strongly Cautioned,110,Minutes
2103,s2104,Movie,Atul Sabharwal,India,"August 21, 2020",2020,14+ Teens,98,Minutes
2104,s2105,Movie,Bernardo Arellano,Mexico,"August 21, 2020",2020,Mature Adults,81,Minutes
2107,s2108,Movie,Trish Sie,United States,"August 21, 2020",2020,Parental Guidance,104,Minutes
2108,s2109,TV Show,Hong Won-ki,South Korea,"August 20, 2020",2020,Mature Adults,1,Seasons
2110,s2111,Movie,Khaled Marei,Egypt,"August 20, 2020",2019,Mature Adults,121,Minutes
2111,s2112,Movie,Sebastián Schindel,Argentina,"August 20, 2020",2020,14+ Teens,100,Minutes
2115,s2116,Movie,Fred Wolf,United States,"August 18, 2020",2019,Restricted,97,Minutes
2116,s2117,Movie,Niyi Akinmolayan,Nigeria,"August 18, 2020",2017,Parental Guidance,75,Minutes
2117,s2118,Movie,Sammaria Sari Simanjuntak,Indonesia,"August 17, 2020",2020,Parental Guidance,102,Minutes
2119,s2120,Movie,Chairun Nissa,Indonesia,"August 17, 2020",2018,Parental Guidance,88,Minutes
2120,s2121,Movie,Tom Hooper,United Kingdom,"August 16, 2020",2012,Parents Strongly Cautioned,158,Minutes
2121,s2122,Movie,Sergei Bodrov,United States,"August 16, 2020",2014,Parents Strongly Cautioned,102,Minutes
2126,s2127,Movie,Ashutosh Gowariker,India,"August 15, 2020",2009,Parental Guidance,203,Minutes
2129,s2130,Movie,Cory Edwards,Canada,"August 14, 2020",2020,Kids 7+,92,Minutes
2130,s2131,Movie,Faraday Okoro,United States,"August 14, 2020",2018,Mature Adults,104,Minutes
2131,s2132,Movie,Blair Simmons,United Kingdom,"August 14, 2020",2020,Children,72,Minutes
2132,s2133,Movie,"Henry Joost, Ariel Schulman",United States,"August 14, 2020",2020,Restricted,113,Minutes
2137,s2138,Movie,Rebecca Zlotowski,France,"August 13, 2020",2019,Mature Adults,93,Minutes
2138,s2139,Movie,Antonio Campos,United Kingdom,"August 13, 2020",2016,Restricted,119,Minutes
2139,s2140,Movie,Antonio Campos,United States,"August 13, 2020",2012,Mature Adults,105,Minutes
2141,s2142,Movie,Sharan Sharma,India,"August 12, 2020",2020,14+ Teens,113,Minutes
2142,s2143,Movie,Rob Minkoff,United States,"August 11, 2020",2014,Parental Guidance,93,Minutes
2143,s2144,Movie,Tyler Spindel,United States,"August 11, 2020",2020,Mature Adults,44,Minutes
2146,s2147,Movie,Vicky Wight,United States,"August 10, 2020",2020,Parents Strongly Cautioned,110,Minutes
2149,s2150,Movie,Marc Meyers,United States,"August 8, 2020",2020,Restricted,90,Minutes
2150,s2151,Movie,Franziska Meyer Price,Germany,"August 7, 2020",2020,Mature Adults,82,Minutes
2154,s2155,Movie,Steven Rinella,United States,"August 7, 2020",2018,14+ Teens,69,Minutes
2155,s2156,Movie,Richard Weston,United States,"August 7, 2020",2020,Children,46,Minutes
2159,s2160,Movie,Laura Terruso,United States,"August 7, 2020",2020,14+ Teens,94,Minutes
2161,s2162,Movie,Martín Sastre,Uruguay,"August 6, 2020",2020,Parental Guidance,72,Minutes
2163,s2164,Movie,Franck Nataf,France,"August 5, 2020",2020,14+ Teens,95,Minutes
2167,s2168,Movie,Savage Steve Holland,United States,"August 4, 2020",2020,General Audience,71,Minutes
2169,s2170,Movie,Kristian Mercado,United States,"August 4, 2020",2020,Mature Adults,64,Minutes
2171,s2172,Movie,Mike Doyle,United States,"August 2, 2020",2020,Mature Adults,92,Minutes
2172,s2173,Movie,Darren Grant,United States,"August 1, 2020",2017,Restricted,80,Minutes
2176,s2177,Movie,Mike Gunther,United States,"August 1, 2020",2020,Restricted,104,Minutes
2177,s2178,Movie,Steve Ball,Canada,"August 1, 2020",2020,Children,25,Minutes
2179,s2180,Movie,Joseph Ruben,Turkey,"August 1, 2020",2017,Restricted,111,Minutes
2183,s2184,Movie,Colin Minihan,Canada,"August 1, 2020",2018,Restricted,99,Minutes
2185,s2186,Movie,"Regina Welker, Nina Wels",Germany,"July 31, 2020",2020,Children,83,Minutes
2186,s2187,Movie,Honey Trehan,India,"July 31, 2020",2020,Mature Adults,150,Minutes
2187,s2188,Movie,"Katleho Ramaphakela, Rethabile Ramaphakela",South Africa,"July 31, 2020",2020,Mature Adults,108,Minutes
2188,s2189,Movie,Ariel Boles,United States,"July 31, 2020",2020,General Audience,44,Minutes
2191,s2192,Movie,Álvaro Delgado-Aparicio L.,Peru,"July 30, 2020",2017,Mature Adults,102,Minutes
2193,s2194,Movie,Venkatesh Maha,India,"July 30, 2020",2020,Mature Adults,137,Minutes
2195,s2196,Movie,Aniedi Anwah,Nigeria,"July 29, 2020",2016,Mature Adults,112,Minutes
2196,s2197,Movie,Mickey Fonseca,Mozambique,"July 29, 2020",2019,Mature Adults,102,Minutes
2197,s2198,Movie,Matias Mariani,Brazil,"July 29, 2020",2020,Mature Adults,103,Minutes
2198,s2199,Movie,Jan Komasa,Poland,"July 29, 2020",2020,Mature Adults,136,Minutes
2199,s2200,Movie,Sue Kim,United States,"July 29, 2020",2020,Parental Guidance,41,Minutes
2200,s2201,Movie,Paul Solet,United States,"July 29, 2020",2019,Mature Adults,88,Minutes
2202,s2203,Movie,Ben Kasulke,United States,"July 26, 2020",2020,Mature Adults,84,Minutes
2204,s2205,Movie,Gagan Puri,India,"July 25, 2020",2020,14+ Teens,114,Minutes
2205,s2206,Movie,Teddy Chan,China,"July 25, 2020",2020,14+ Teens,110,Minutes
2206,s2207,Movie,Bhavin Wadia,India,"July 25, 2020",2016,Mature Adults,103,Minutes
2207,s2208,Movie,"Tony Bancroft, Scott Christian Sava",China,"July 24, 2020",2020,Kids 7+,106,Minutes
2208,s2209,Movie,"Greg Rankin, TJ Sullivan",United States,"July 24, 2020",2020,Children,46,Minutes
2209,s2210,Movie,Tope Alake,Nigeria,"July 24, 2020",2019,Mature Adults,115,Minutes
2210,s2211,Movie,Fernando González Molina,Spain,"July 24, 2020",2020,Mature Adults,140,Minutes
2211,s2212,Movie,Yuki Tanada,Japan,"July 24, 2020",2020,Mature Adults,124,Minutes
2213,s2214,Movie,Vince Marcello,United Kingdom,"July 24, 2020",2020,14+ Teens,133,Minutes
2214,s2215,TV Show,Alex Gibney,United States,"July 23, 2020",2015,14+ Teens,1,Seasons
2215,s2216,Movie,Ahn Byoung-wook,South Korea,"July 23, 2020",2020,Kids 7+,91,Minutes
2216,s2217,Movie,Sibusiso Khuzwayo,South Africa,"July 23, 2020",2019,Parental Guidance,30,Minutes
2219,s2220,Movie,"Lisa Cortés, Farah X",United States,"July 22, 2020",2019,Mature Adults,67,Minutes
2220,s2221,Movie,Wilson Yip,Hong Kong,"July 21, 2020",2019,Mature Adults,105,Minutes
2221,s2222,Movie,"Dave Skinner, Freddie Waters",United Kingdom,"July 21, 2020",2020,Mature Adults,58,Minutes
2224,s2225,Movie,Denis Do,France,"July 18, 2020",2018,14+ Teens,87,Minutes
2228,s2229,Movie,"Leslye Davis, Catrin Einhorn",United States,"July 17, 2020",2020,Restricted,100,Minutes
2231,s2232,Movie,"Toka McBaror, Tunde Apalowo",Nigeria,"July 17, 2020",2019,Mature Adults,95,Minutes
2232,s2233,Movie,Peter Sullivan,United States,"July 16, 2020",2020,14+ Teens,90,Minutes
2233,s2234,Movie,Axelle Laffont,France,"July 16, 2020",2018,Mature Adults,102,Minutes
2234,s2235,Movie,Moses Inwang,Nigeria,"July 15, 2020",2019,14+ Teens,98,Minutes
2239,s2240,Movie,Daniel Oriahi,Nigeria,"July 15, 2020",2018,14+ Teens,104,Minutes
2240,s2241,Movie,Stefano Mordini,Italy,"July 15, 2020",2020,Mature Adults,89,Minutes
2242,s2243,Movie,Hayden Guppy,Australia,"July 14, 2020",2020,Mature Adults,62,Minutes
2243,s2244,Movie,Stéphane de Freitas,France,"July 14, 2020",2020,Mature Adults,86,Minutes
2244,s2245,Movie,"André Odendaal, Johan Vorster",South Africa,"July 11, 2020",2016,Mature Adults,104,Minutes
2245,s2246,TV Show,Cassia Dian,Brazil,"July 10, 2020",2020,14+ Teens,1,Seasons
2247,s2248,Movie,Amro Salah,Egypt,"July 10, 2020",2018,14+ Teens,101,Minutes
2248,s2249,Movie,Sue Ding,United States,"July 10, 2020",2020,14+ Teens,17,Minutes
2250,s2251,Movie,Gina Prince-Bythewood,United States,"July 10, 2020",2020,Restricted,126,Minutes
2251,s2252,TV Show,Wouter Bouvijn,Belgium,"July 10, 2020",2019,Mature Adults,1,Seasons
2256,s2257,Movie,Bryn Evans,New Zealand,"July 8, 2020",2018,Restricted,89,Minutes
2257,s2258,Movie,"Cristina Costantini, Kareem Tabsch",United States,"July 8, 2020",2020,14+ Teens,96,Minutes
2259,s2260,Movie,Hannah Fidell,United States,"July 8, 2020",2018,Restricted,91,Minutes
2260,s2261,Movie,"Chris Renaud, Kyle Balda",United States,"July 7, 2020",2012,Parental Guidance,86,Minutes
2262,s2263,Movie,"Coodie, Chike",United States,"July 6, 2020",2019,Mature Adults,89,Minutes
2264,s2265,Movie,Sachin Kundalkar,India,"July 5, 2020",2012,14+ Teens,151,Minutes
2265,s2266,Movie,Puri Jagannadh,India,"July 5, 2020",2011,14+ Teens,116,Minutes
2266,s2267,Movie,Vishal Mahadkar,India,"July 5, 2020",2012,14+ Teens,110,Minutes
2267,s2268,Movie,"Anurag Kashyap, Dibakar Banerjee, Karan Johar, Zoya Akhtar",India,"July 5, 2020",2013,Mature Adults,123,Minutes
2268,s2269,Movie,Anthony D'Souza,India,"July 5, 2020",2013,14+ Teens,139,Minutes
2269,s2270,Movie,Soumendra Padhi,India,"July 5, 2020",2016,Mature Adults,95,Minutes
2270,s2271,Movie,David Dhawan,India,"July 5, 2020",2013,14+ Teens,121,Minutes
2271,s2272,Movie,Fuwad Khan,India,"July 5, 2020",2015,Parental Guidance,127,Minutes
2272,s2273,Movie,Nishikant Kamat,India,"July 5, 2020",2015,14+ Teens,162,Minutes
2273,s2274,Movie,Krish,India,"July 5, 2020",2015,14+ Teens,128,Minutes
2274,s2275,Movie,Kabir Sadanand,India,"July 5, 2020",2014,14+ Teens,112,Minutes
2275,s2276,TV Show,Rachit Kusonkoonsiri,Thailand,"July 5, 2020",2020,Mature Adults,1,Seasons
2276,s2277,Movie,Sudhir Mishra,India,"July 5, 2020",2013,Mature Adults,125,Minutes
2277,s2278,Movie,Shoojit Sircar,India,"July 5, 2020",2013,14+ Teens,128,Minutes
2278,s2279,Movie,Omung Kumar,India,"July 5, 2020",2014,Parental Guidance,120,Minutes
2279,s2280,Movie,Ribhu Dasgupta,India,"July 5, 2020",2011,Mature Adults,86,Minutes
2280,s2281,Movie,Satish Rajwade,India,"July 5, 2020",2014,Mature Adults,107,Minutes
2281,s2282,Movie,Umesh Shukla,India,"July 5, 2020",2012,Parental Guidance,129,Minutes
2282,s2283,Movie,Devika Bhagat,India,"July 5, 2020",2014,14+ Teens,135,Minutes
2283,s2284,Movie,Takashi Doscher,United States,"July 5, 2020",2019,Mature Adults,97,Minutes
2284,s2285,Movie,Shubham Singh,India,"July 5, 2020",2019,14+ Teens,125,Minutes
2285,s2286,Movie,"Abbas Alibhai Burmawalla, Mastan Alibhai Burmawalla",India,"July 5, 2020",2012,14+ Teens,162,Minutes
2286,s2287,Movie,Luv Ranjan,India,"July 5, 2020",2015,Mature Adults,136,Minutes
2287,s2288,Movie,Vikas Bahl,India,"July 5, 2020",2014,Mature Adults,138,Minutes
2288,s2289,Movie,Bejoy Nambiar,India,"July 5, 2020",2011,Mature Adults,126,Minutes
2289,s2290,Movie,Neeraj Pandey,India,"July 5, 2020",2013,Parental Guidance,137,Minutes
2290,s2291,Movie,Aanand Rai,India,"July 5, 2020",2011,14+ Teens,114,Minutes
2291,s2292,Movie,Gurmmeet Singh,India,"July 5, 2020",2013,14+ Teens,96,Minutes
2294,s2295,Movie,LP,United States,"July 3, 2020",2020,Mature Adults,107,Minutes
2295,s2296,Movie,Rako Prijanto,Indonesia,"July 3, 2020",2020,Mature Adults,89,Minutes
2296,s2297,Movie,Raoul Peck,Switzerland,"July 3, 2020",2017,Parents Strongly Cautioned,94,Minutes
2300,s2301,Movie,Shirley Frimpong-Manso,Ghana,"July 3, 2020",2019,Mature Adults,148,Minutes
2302,s2303,Movie,"Fabio Ock, Joana Mazzucchelli",Brazil,"July 2, 2020",2020,Mature Adults,82,Minutes
2304,s2305,Movie,"Sabina Fedeli, Anna Migotto",Italy,"July 1, 2020",2019,14+ Teens,95,Minutes
2307,s2308,TV Show,Kyran Kelly,United States,"July 1, 2020",2019,Children,1,Seasons
2308,s2309,Movie,Salvador Calvo,Spain,"July 1, 2020",2020,Mature Adults,120,Minutes
2309,s2310,Movie,Cem Yılmaz,Turkey,"July 1, 2020",2015,Mature Adults,115,Minutes
2310,s2311,Movie,Barry Avrich,Canada,"July 1, 2020",2019,Mature Adults,107,Minutes
2311,s2312,Movie,Bruce Beresford,United States,"July 1, 2020",1999,Restricted,105,Minutes
2312,s2313,Movie,Cem Yılmaz,Turkey,"July 1, 2020",2014,Mature Adults,134,Minutes
2314,s2315,Movie,Matthew Vaughn,United Kingdom,"July 1, 2020",2007,Parents Strongly Cautioned,128,Minutes
2315,s2316,Movie,Michael Duggan,United States,"July 1, 2020",2019,Mature Adults,103,Minutes
2316,s2317,Movie,"Almudena Carracedo, Robert Bahar",Spain,"July 1, 2020",2019,14+ Teens,96,Minutes
2317,s2318,Movie,Paul Verhoeven,United States,"July 1, 2020",1990,Restricted,114,Minutes
2319,s2320,Movie,Younuts!,Italy,"July 1, 2020",2020,Mature Adults,102,Minutes
2321,s2322,Movie,Troy Miller,United States,"June 30, 2020",2020,Mature Adults,52,Minutes
2323,s2324,Movie,Obi Emelonye,United Kingdom,"June 30, 2020",2011,14+ Teens,86,Minutes
2324,s2325,Movie,Rako Prijanto,Indonesia,"June 28, 2020",2020,General Audience,104,Minutes
2325,s2326,Movie,Daniel Effiong,Nigeria,"June 28, 2020",2019,Mature Adults,76,Minutes
2328,s2329,Movie,Rachel Griffiths,Australia,"June 27, 2020",2020,Parental Guidance,99,Minutes
2330,s2331,Movie,David Dobkin,United States,"June 26, 2020",2020,Parents Strongly Cautioned,124,Minutes
2332,s2333,Movie,Oluseyi Asurf,Nigeria,"June 26, 2020",2019,14+ Teens,117,Minutes
2333,s2334,Movie,Eduardo Roy Jr.,Philippines,"June 26, 2020",2016,Mature Adults,107,Minutes
2336,s2337,Movie,Abhijit Panse,India,"June 26, 2020",2019,14+ Teens,135,Minutes
2338,s2339,Movie,Ravikanth Perepu,India,"June 25, 2020",2020,Mature Adults,126,Minutes
2339,s2340,Movie,Sooraj R. Barjatya,India,"June 25, 2020",2015,14+ Teens,164,Minutes
2340,s2341,Movie,Sooraj R. Barjatya,India,"June 25, 2020",2006,14+ Teens,166,Minutes
2341,s2342,Movie,"Bonni Cohen, Jon Shenk",United States,"June 24, 2020",2020,Parents Strongly Cautioned,104,Minutes
2342,s2343,Movie,Anvita Dutt,India,"June 24, 2020",2020,Mature Adults,94,Minutes
2344,s2345,Movie,Gaspar Antillo,Chile,"June 24, 2020",2020,Mature Adults,92,Minutes
2345,s2346,Movie,Eric Notarnicola,United States,"June 23, 2020",2020,Mature Adults,52,Minutes
2347,s2348,Movie,Musthafa,India,"June 22, 2020",2020,14+ Teens,112,Minutes
2348,s2349,Movie,Ishaya Bako,Nigeria,"June 22, 2020",2017,Parental Guidance,90,Minutes
2350,s2351,Movie,"Kate Mulleavy, Laura Mulleavy",United States,"June 21, 2020",2017,Restricted,101,Minutes
2351,s2352,Movie,Akhigbe Ilozobhie,Nigeria,"June 20, 2020",2019,Mature Adults,84,Minutes
2353,s2354,Movie,Apurva Dhar Badgaiyann,India,"June 19, 2020",2020,Mature Adults,112,Minutes
2354,s2355,Movie,Youssef Chahine,France,"June 19, 2020",1997,14+ Teens,136,Minutes
2356,s2357,Movie,Elissa Down,United States,"June 19, 2020",2020,General Audience,110,Minutes
2358,s2359,Movie,Guillaume Pierret,France,"June 19, 2020",2020,Mature Adults,93,Minutes
2360,s2361,Movie,Ozan Açıktan,Turkey,"June 19, 2020",2020,Mature Adults,90,Minutes
2361,s2362,Movie,Youssef Chahine,Egypt,"June 19, 2020",1994,14+ Teens,130,Minutes
2363,s2364,Movie,Olivier Assayas,France,"June 19, 2020",2020,Mature Adults,128,Minutes
2364,s2365,Movie,"Junichi Sato, Tomotaka Shibayama",Japan,"June 18, 2020",2020,Parental Guidance,104,Minutes
2365,s2366,Movie,Youssef Chahine,Egypt,"June 18, 2020",1979,Mature Adults,131,Minutes
2366,s2367,Movie,Youssef Chahine,France,"June 18, 2020",1989,Mature Adults,109,Minutes
2367,s2368,Movie,Youssef Chahine,Egypt,"June 18, 2020",1982,Mature Adults,129,Minutes
2368,s2369,Movie,Youssef Chahine,Egypt,"June 18, 2020",1958,14+ Teens,73,Minutes
2369,s2370,Movie,Youssef Chahine,Egypt,"June 18, 2020",1956,14+ Teens,104,Minutes
2371,s2372,Movie,Eduardo Roy Jr.,Philippines,"June 18, 2020",2019,14+ Teens,114,Minutes
2372,s2373,Movie,Manatsanun Phanlerdwongsakul,Thailand,"June 18, 2020",2020,General Audience,86,Minutes
2373,s2374,Movie,Youssef Chahine,Egypt,"June 18, 2020",1963,Mature Adults,194,Minutes
2374,s2375,Movie,Georges Hachem,Lebanon,"June 18, 2020",2010,Mature Adults,76,Minutes
2375,s2376,Movie,Youssef Chahine,Egypt,"June 18, 2020",1954,14+ Teens,116,Minutes
2376,s2377,Movie,Youssef Chahine,Egypt,"June 18, 2020",1970,Mature Adults,130,Minutes
2377,s2378,Movie,Peter Lepeniotis,Canada,"June 18, 2020",2014,Parental Guidance,85,Minutes
2379,s2380,Movie,Jim Hosking,United Kingdom,"June 17, 2020",2018,Restricted,108,Minutes
2380,s2381,Movie,Paco Aguilar,United States,"June 17, 2020",2020,Parental Guidance,81,Minutes
2381,s2382,Movie,Obi Emelonye,Nigeria,"June 16, 2020",2012,14+ Teens,76,Minutes
2382,s2383,Movie,Greg McLean,United States,"June 16, 2020",2016,Parents Strongly Cautioned,92,Minutes
2385,s2386,Movie,Juan José Campanella,Argentina,"June 15, 2020",2013,Parental Guidance,85,Minutes
2386,s2387,Movie,Adrian Teh,Malaysia,"June 15, 2020",2019,14+ Teens,108,Minutes
2387,s2388,Movie,Ishaya Bako,Nigeria,"June 13, 2020",2019,Mature Adults,120,Minutes
2389,s2390,Movie,A. Raajdheep,India,"June 13, 2020",2020,14+ Teens,117,Minutes
2391,s2392,Movie,"Fajar Bustomi, Pidi Baiq",Indonesia,"June 13, 2020",2020,14+ Teens,100,Minutes
2392,s2393,Movie,Nicholas Kharkongor,India,"June 12, 2020",2020,Mature Adults,101,Minutes
2393,s2394,Movie,Spike Lee,United States,"June 12, 2020",2020,Restricted,156,Minutes
2397,s2398,Movie,Michael McKay,United States,"June 12, 2020",2020,Mature Adults,55,Minutes
2398,s2399,Movie,Kitaro Kosaka,Japan,"June 12, 2020",2018,Parental Guidance,96,Minutes
2402,s2403,Movie,Ali F. Mostafa,United Arab Emirates,"June 11, 2020",2014,Mature Adults,104,Minutes
2403,s2404,Movie,Ayman Makram,Saudi Arabia,"June 11, 2020",2008,14+ Teens,101,Minutes
2405,s2406,TV Show,Rob Seidenglanz,United States,"June 10, 2020",2020,14+ Teens,5,Seasons
2407,s2408,Movie,George Gallo,United States,"June 10, 2020",2009,Restricted,113,Minutes
2410,s2411,Movie,Park Hoon-jung,South Korea,"June 10, 2020",2018,Mature Adults,126,Minutes
2411,s2412,Movie,Ry Russo-Young,United States,"June 8, 2020",2017,Parents Strongly Cautioned,98,Minutes
2412,s2413,Movie,"Barbara Białowąs, Tomasz Mandes",Poland,"June 7, 2020",2020,Mature Adults,114,Minutes
2413,s2414,Movie,"Akhil Paul, Anas Khan",India,"June 7, 2020",2020,14+ Teens,132,Minutes
2414,s2415,Movie,Kanika Batra,India,"June 7, 2020",2018,14+ Teens,92,Minutes
2416,s2417,Movie,Michael Cristofer,United States,"June 6, 2020",2020,Restricted,90,Minutes
2418,s2419,Movie,Mohamed Khan,Egypt,"June 5, 2020",2016,14+ Teens,86,Minutes
2419,s2420,Movie,Adriana Trigiani,United States,"June 5, 2020",2014,Parents Strongly Cautioned,103,Minutes
2420,s2421,Movie,Anurag Kashyap,India,"June 5, 2020",2020,14+ Teens,114,Minutes
2421,s2422,Movie,Moses Inwang,Nigeria,"June 5, 2020",2019,Mature Adults,115,Minutes
2423,s2424,TV Show,Phil Sgriccia,United States,"June 5, 2020",2019,14+ Teens,15,Seasons
2424,s2425,Movie,Olivier Megaton,United States,"June 5, 2020",2020,Mature Adults,149,Minutes
2427,s2428,Movie,Andaç Haznedaroğlu,Turkey,"June 4, 2020",2017,14+ Teens,102,Minutes
2428,s2429,Movie,Murat Kepez,Turkey,"June 4, 2020",2017,Mature Adults,105,Minutes
2429,s2430,Movie,Ahmed Nader Galal,Egypt,"June 3, 2020",2007,Mature Adults,114,Minutes
2430,s2431,Movie,Greta Gerwig,United States,"June 3, 2020",2017,Restricted,94,Minutes
2431,s2432,Movie,Sam Rega,United States,"June 3, 2020",2020,General Audience,83,Minutes
2433,s2434,Movie,Wael Ehsan,Egypt,"June 2, 2020",2008,14+ Teens,106,Minutes
2434,s2435,Movie,Inas El-Degheidy,Egypt,"June 2, 2020",2006,14+ Teens,116,Minutes
2435,s2436,Movie,Wael Ehsan,Egypt,"June 2, 2020",2006,14+ Teens,109,Minutes
2437,s2438,Movie,Sameh Abdulaziz,Egypt,"June 2, 2020",2012,Mature Adults,100,Minutes
2438,s2439,Movie,Khaled Marei,Egypt,"June 2, 2020",2008,14+ Teens,116,Minutes
2439,s2440,Movie,Wael Ihsan,Egypt,"June 2, 2020",2004,14+ Teens,111,Minutes
2441,s2442,Movie,Izidore K. Musallam,Saudi Arabia,"June 2, 2020",2006,Parental Guidance,95,Minutes
2442,s2443,Movie,Sherif Arafa,Egypt,"June 2, 2020",2011,14+ Teens,135,Minutes
2443,s2444,Movie,Yasir Al Yasiri,Egypt,"June 1, 2020",2019,Mature Adults,95,Minutes
2445,s2446,Movie,Safdar Rahman,India,"June 1, 2020",2020,14+ Teens,92,Minutes
2446,s2447,Movie,Tomas Brickhill,Zimbabwe,"June 1, 2020",2017,General Audience,100,Minutes
2448,s2449,Movie,Hani Al-Shaibani,United Arab Emirates,"June 1, 2020",2019,Parental Guidance,80,Minutes
2451,s2452,Movie,Mamoru Hosoda,Japan,"June 1, 2020",2018,Parental Guidance,98,Minutes
2454,s2455,Movie,James Franco,United States,"June 1, 2020",2017,Restricted,104,Minutes
2455,s2456,Movie,Niall Johnson,United Kingdom,"June 1, 2020",2016,14+ Teens,98,Minutes
2456,s2457,Movie,Michael Damian,Romania,"May 31, 2020",2019,14+ Teens,104,Minutes
2457,s2458,Movie,Ahmed Zain,United Arab Emirates,"May 29, 2020",2018,Parental Guidance,99,Minutes
2458,s2459,Movie,Angshuman Ghosh,India,"May 29, 2020",2020,Mature Adults,68,Minutes
2460,s2461,Movie,Youssef Chahine,France,"May 29, 2020",1999,Mature Adults,106,Minutes
2463,s2464,Movie,Ahmed Zein,United Arab Emirates,"May 28, 2020",2014,14+ Teens,71,Minutes
2464,s2465,Movie,Ahmed Zein,United Arab Emirates,"May 28, 2020",2015,14+ Teens,80,Minutes
2465,s2466,Movie,Alejandro Montiel,Argentina,"May 28, 2020",2020,Mature Adults,116,Minutes
2467,s2468,Movie,Fernando Frías de la Parra,Mexico,"May 27, 2020",2019,Mature Adults,112,Minutes
2468,s2469,Movie,Madeleine Parry,Australia,"May 26, 2020",2020,Mature Adults,73,Minutes
2469,s2470,Movie,Yu Yang,China,"May 25, 2020",2019,14+ Teens,110,Minutes
2470,s2471,TV Show,Jesse Warn,United States,"May 25, 2020",2019,14+ Teens,5,Seasons
2471,s2472,Movie,"Josh Safdie, Benny Safdie",United States,"May 25, 2020",2019,Restricted,135,Minutes
2474,s2475,Movie,Angga Dwimas Sasongko,Indonesia,"May 23, 2020",2020,General Audience,128,Minutes
2475,s2476,Movie,Rano Karno,Indonesia,"May 23, 2020",2020,General Audience,93,Minutes
2477,s2478,Movie,Ramsey Nouah,Nigeria,"May 22, 2020",2019,Mature Adults,149,Minutes
2478,s2479,Movie,"Hiromasa Yonebayashi, Yoshiyuki Momose, Akihiko Yamashita",Japan,"May 22, 2020",2018,Parental Guidance,54,Minutes
2479,s2480,Movie,Michael Showalter,United States,"May 22, 2020",2020,Restricted,87,Minutes
2480,s2481,TV Show,"Norm Hiscock, Gary Howsam, Mike Smith, John Paul Tremblay, Robb Wells",Canada,"May 22, 2020",2020,Mature Adults,2,Seasons
2481,s2482,Movie,Rako Prijanto,Indonesia,"May 21, 2020",2018,General Audience,102,Minutes
2482,s2483,Movie,Almunsif Alsuwaisi,Kuwait,"May 21, 2020",1981,14+ Teens,177,Minutes
2485,s2486,Movie,Andrés Feddersen,Chile,"May 21, 2020",2019,14+ Teens,98,Minutes
2487,s2488,Movie,Samir Al Asfory,Egypt,"May 21, 2020",1979,14+ Teens,237,Minutes
2490,s2491,Movie,Hassan AbdulSalam,Egypt,"May 21, 2020",1981,14+ Teens,195,Minutes
2491,s2492,Movie,Houssam El-Din Mustafa,Egypt,"May 21, 2020",1973,14+ Teens,253,Minutes
2492,s2493,Movie,"Muhammad Fadl, Hany Motawie",Egypt,"May 21, 2020",1976,Parental Guidance,157,Minutes
2493,s2494,Movie,Lonzo Nzekwe,Canada,"May 20, 2020",2010,Mature Adults,97,Minutes
2494,s2495,Movie,"Alex Timbers, Sam Wrench",United States,"May 20, 2020",2020,Parental Guidance,85,Minutes
2496,s2497,Movie,Rebecca Johnson,United Kingdom,"May 20, 2020",2014,Mature Adults,94,Minutes
2497,s2498,Movie,Ava DuVernay,United States,"May 20, 2020",2010,14+ Teens,80,Minutes
2498,s2499,Movie,Carlos Morett,Mexico,"May 20, 2020",2020,Mature Adults,94,Minutes
2500,s2501,Movie,Megha Ramaswamy,India,"May 20, 2020",2020,Mature Adults,92,Minutes
2501,s2502,Movie,Saeed Hamed,Egypt,"May 19, 2020",2006,Parental Guidance,105,Minutes
2502,s2503,Movie,Sherif Arafa,Egypt,"May 19, 2020",2009,14+ Teens,120,Minutes
2503,s2504,Movie,Ahmed Al-Badry,Egypt,"May 19, 2020",2012,14+ Teens,96,Minutes
2504,s2505,Movie,Ali Ragab,Egypt,"May 19, 2020",2007,14+ Teens,107,Minutes
2505,s2506,Movie,Ahmad El-Badri,Egypt,"May 19, 2020",2008,Parental Guidance,93,Minutes
2506,s2507,Movie,Ahmad El-Badri,Egypt,"May 19, 2020",2009,14+ Teens,101,Minutes
2507,s2508,TV Show,Marcus Raboy,United States,"May 19, 2020",2020,Mature Adults,1,Seasons
2509,s2510,Movie,Wael Ehsan,Egypt,"May 19, 2020",2006,14+ Teens,110,Minutes
2510,s2511,Movie,Ali Ragab,Egypt,"May 19, 2020",2004,14+ Teens,112,Minutes
2511,s2512,Movie,Haifaa Al-Mansour,Saudi Arabia,"May 19, 2020",2012,Parental Guidance,93,Minutes
2512,s2513,Movie,Wael Ihsan,Egypt,"May 19, 2020",2005,Parental Guidance,109,Minutes
2513,s2514,Movie,Ekene Som Mekwunye,Nigeria,"May 18, 2020",2019,14+ Teens,105,Minutes
2516,s2517,Movie,Mohammed Alhmly,Kuwait,"May 17, 2020",2019,Mature Adults,97,Minutes
2520,s2521,Movie,Lucien Bourjeily,Lebanon,"May 15, 2020",2017,Mature Adults,91,Minutes
2521,s2522,Movie,Laura Mañá,Spain,"May 15, 2020",2019,Mature Adults,88,Minutes
2522,s2523,TV Show,Ziad Doueiri,France,"May 15, 2020",2020,Mature Adults,1,Seasons
2527,s2528,TV Show,Sivaroj Kongsakul,Thailand,"May 15, 2020",2020,Mature Adults,1,Seasons
2531,s2532,Movie,"Fajar Bustomi, Pidi Baiq",Indonesia,"May 14, 2020",2018,14+ Teens,109,Minutes
2532,s2533,Movie,"Fajar Bustomi, Pidi Baiq",Indonesia,"May 14, 2020",2019,14+ Teens,118,Minutes
2533,s2534,Movie,Salmeen AlMurry Amer,United Arab Emirates,"May 14, 2020",2018,General Audience,109,Minutes
2534,s2535,Movie,Mohit Suri,India,"May 14, 2020",2020,Mature Adults,131,Minutes
2536,s2537,Movie,Julián Hernández,Mexico,"May 14, 2020",2018,Mature Adults,152,Minutes
2537,s2538,Movie,Adekunle Nodash Adejuyigbe,Nigeria,"May 14, 2020",2018,14+ Teens,67,Minutes
2538,s2539,Movie,Sadeq Behbehani,Kuwait,"May 14, 2020",2018,Parental Guidance,72,Minutes
2539,s2540,Movie,Dylan Mohan Gray,India,"May 13, 2020",2012,14+ Teens,83,Minutes
2540,s2541,Movie,Tyler Spindel,United States,"May 13, 2020",2020,Mature Adults,90,Minutes
2541,s2542,Movie,Hussein El Ansary,United Arab Emirates,"May 12, 2020",2019,14+ Teens,106,Minutes
2543,s2544,Movie,Claire Scanlon,United States,"May 12, 2020",2020,14+ Teens,190,Minutes
2544,s2545,Movie,Vipul Amrutlal Shah,India,"May 11, 2020",2010,Parental Guidance,129,Minutes
2545,s2546,Movie,Rajkumar Santoshi,India,"May 11, 2020",1994,14+ Teens,160,Minutes
2547,s2548,Movie,Donick Cary,United States,"May 11, 2020",2020,Mature Adults,86,Minutes
2549,s2550,Movie,Will Forbes,United States,"May 9, 2020",2020,Restricted,92,Minutes
2550,s2551,Movie,Francesco Amato,Italy,"May 8, 2020",2020,Mature Adults,114,Minutes
2553,s2554,TV Show,"Damien Chazelle, Houda Benyamina, Laïla Marrakchi, Alan Poul",United Kingdom,"May 8, 2020",2020,Mature Adults,1,Seasons
2555,s2556,Movie,S.A. Zaidi,United Arab Emirates,"May 7, 2020",2016,14+ Teens,90,Minutes
2556,s2557,Movie,Hamad AlSarraf,Kuwait,"May 7, 2020",2019,14+ Teens,94,Minutes
2557,s2558,TV Show,He Xiaofeng,China,"May 7, 2020",2020,Mature Adults,2,Seasons
2558,s2559,Movie,Rano Karno,Indonesia,"May 7, 2020",2018,Parental Guidance,86,Minutes
2559,s2560,Movie,Nadia Hallgren,United States,"May 6, 2020",2020,Parental Guidance,89,Minutes
2561,s2562,Movie,Joe DeMaio,United States,"May 5, 2020",2020,Parental Guidance,61,Minutes
2562,s2563,Movie,Aaron Woodley,India,"May 4, 2020",2019,Parental Guidance,93,Minutes
2563,s2564,Movie,Lucas Margutti,Brazil,"May 4, 2020",2020,General Audience,81,Minutes
2564,s2565,Movie,Ashok Nanda,India,"May 3, 2020",2019,14+ Teens,120,Minutes
2565,s2566,TV Show,Hernán Guerschuny,Argentina,"May 2, 2020",2020,Mature Adults,1,Seasons
2566,s2567,Movie,Alex Ranarivelo,United States,"May 2, 2020",2019,Parents Strongly Cautioned,94,Minutes
2567,s2568,Movie,Fernando Ayllón,Colombia,"May 2, 2020",2020,14+ Teens,91,Minutes
2570,s2571,Movie,Shaun Paul Piccinino,United States,"May 2, 2020",2019,Parental Guidance,104,Minutes
2571,s2572,Movie,Seth Barrish,United States,"May 2, 2020",2013,14+ Teens,76,Minutes
2572,s2573,Movie,Shaun Paul Piccinino,United States,"May 2, 2020",2020,Parental Guidance,90,Minutes
2573,s2574,Movie,Brett Hedlund,United States,"May 2, 2020",2020,Restricted,103,Minutes
2576,s2577,Movie,Joe Robert Cole,United States,"May 1, 2020",2020,Restricted,122,Minutes
2577,s2578,Movie,Michelle Esrick,United States,"May 1, 2020",2018,Mature Adults,97,Minutes
2578,s2579,Movie,Olivier Abbou,France,"May 1, 2020",2019,Mature Adults,98,Minutes
2579,s2580,Movie,"Alex Woo, Stanley Moore",United States,"May 1, 2020",2020,Children,42,Minutes
2581,s2582,Movie,Jeffrey Schwarz,United States,"May 1, 2020",2013,Mature Adults,90,Minutes
2582,s2583,Movie,"Eric Darnell, Tom McGrath",United States,"May 1, 2020",2008,Parental Guidance,91,Minutes
2584,s2585,Movie,Craig Freimond,South Africa,"May 1, 2020",2012,14+ Teens,94,Minutes
2587,s2588,Movie,Shirish Kunder,India,"May 1, 2020",2020,Mature Adults,107,Minutes
2589,s2590,Movie,Mysskin,India,"May 1, 2020",2020,Mature Adults,143,Minutes
2591,s2592,Movie,Alice Wu,United States,"May 1, 2020",2020,Parents Strongly Cautioned,105,Minutes
2592,s2593,Movie,"Bobby Farrelly, Peter Farrelly",United States,"May 1, 2020",2007,Restricted,116,Minutes
2596,s2597,Movie,Dennie Gordon,United States,"May 1, 2020",2003,Parental Guidance,105,Minutes
2597,s2598,Movie,Michael M. Scott,United States,"April 30, 2020",2020,14+ Teens,97,Minutes
2601,s2602,Movie,Bruno Garotti,Brazil,"April 30, 2020",2020,14+ Teens,105,Minutes
2602,s2603,TV Show,Sion Sono,Japan,"April 30, 2020",2020,Mature Adults,1,Seasons
2603,s2604,TV Show,"David Chuang, Chen Kuan-chung",Taiwan,"April 30, 2020",2020,Mature Adults,1,Seasons
2604,s2605,Movie,Chris Bolan,United States,"April 29, 2020",2020,14+ Teens,83,Minutes
2605,s2606,Movie,Yılmaz Erdoğan,Turkey,"April 29, 2020",2016,Parental Guidance,109,Minutes
2607,s2608,Movie,Omoni Oboli,Nigeria,"April 29, 2020",2019,14+ Teens,111,Minutes
2610,s2611,Movie,Saravana Rajan,India,"April 29, 2020",2019,14+ Teens,132,Minutes
2612,s2613,Movie,"Muharrem Gülmez, Sırrı Süreyya Önder",Turkey,"April 28, 2020",2006,Mature Adults,102,Minutes
2613,s2614,Movie,Sermiyan Midyat,Turkey,"April 28, 2020",2016,Mature Adults,107,Minutes
2614,s2615,Movie,"Ahmed Yousry, Hazem Fouda",Egypt,"April 28, 2020",2008,Mature Adults,100,Minutes
2615,s2616,Movie,Handan İpekçi,Turkey,"April 28, 2020",2011,14+ Teens,115,Minutes
2616,s2617,Movie,Kıvanç Baruönü,Turkey,"April 28, 2020",2016,Mature Adults,104,Minutes
2617,s2618,Movie,Ferzan Özpetek,Italy,"April 28, 2020",2017,Mature Adults,110,Minutes
2618,s2619,Movie,Bedran Güzel,Turkey,"April 28, 2020",2016,Mature Adults,100,Minutes
2620,s2621,Movie,Yılmaz Erdoğan,Turkey,"April 28, 2020",2009,14+ Teens,108,Minutes
2621,s2622,Movie,Yılmaz Erdoğan,Turkey,"April 28, 2020",2005,14+ Teens,104,Minutes
2622,s2623,Movie,Paul Munger,United States,"April 28, 2020",2019,Parents Strongly Cautioned,116,Minutes
2623,s2624,Movie,Ahmed Nader Galal,Egypt,"April 28, 2020",2012,14+ Teens,106,Minutes
2624,s2625,Movie,Matei Dima,Romania,"April 27, 2020",2019,14+ Teens,96,Minutes
2625,s2626,Movie,Imtiaz Ali,India,"April 27, 2020",2020,Mature Adults,140,Minutes
2626,s2627,Movie,Jonathan Augustin,India,"April 27, 2020",2020,Mature Adults,107,Minutes
2629,s2630,Movie,Venky Kudumula,India,"April 25, 2020",2020,14+ Teens,138,Minutes
2630,s2631,Movie,Khaled Marei,Egypt,"April 25, 2020",2010,Mature Adults,132,Minutes
2632,s2633,Movie,Martin Scorsese,United Kingdom,"April 25, 2020",2005,Mature Adults,208,Minutes
2633,s2634,Movie,Amr Arafa,Egypt,"April 25, 2020",2006,14+ Teens,105,Minutes
2634,s2635,Movie,Michel Hazanavicius,France,"April 25, 2020",2011,Parents Strongly Cautioned,101,Minutes
2635,s2636,Movie,Ahmed Saleh,Egypt,"April 25, 2020",2010,14+ Teens,124,Minutes
2636,s2637,Movie,Ahmed Medhat,Egypt,"April 25, 2020",2009,14+ Teens,93,Minutes
2637,s2638,Movie,Mohamed Yassin,Egypt,"April 25, 2020",2008,14+ Teens,110,Minutes
2638,s2639,Movie,Ahmed Nader Galal,Egypt,"April 25, 2020",2009,14+ Teens,115,Minutes
2642,s2643,Movie,Chakri Toleti,India,"April 24, 2020",2019,14+ Teens,107,Minutes
2644,s2645,Movie,Neville Shah,India,"April 24, 2020",2020,Mature Adults,72,Minutes
2646,s2647,Movie,Upi Avianto,Indonesia,"April 23, 2020",2016,General Audience,107,Minutes
2647,s2648,Movie,Upi Avianto,Indonesia,"April 23, 2020",2019,14+ Teens,95,Minutes
2649,s2650,Movie,Hanung Bramantyo,Indonesia,"April 23, 2020",2019,14+ Teens,180,Minutes
2650,s2651,Movie,Yoon Sung-hyun,South Korea,"April 23, 2020",2020,Mature Adults,135,Minutes
2652,s2653,Movie,Rachel Mason,United States,"April 22, 2020",2020,Mature Adults,87,Minutes
2653,s2654,Movie,Patryk Vega,Poland,"April 22, 2020",2018,Mature Adults,94,Minutes
2654,s2655,Movie,Niyi Akinmolayan,Nigeria,"April 22, 2020",2019,Mature Adults,105,Minutes
2655,s2656,Movie,Marc Vigil,Spain,"April 22, 2020",2019,Mature Adults,93,Minutes
2656,s2657,Movie,Kris Pearn,Canada,"April 22, 2020",2020,Parental Guidance,92,Minutes
2659,s2660,TV Show,Ryan Polito,United States,"April 21, 2020",2020,Mature Adults,1,Seasons
2663,s2664,Movie,Anoop Sathyan,India,"April 20, 2020",2020,14+ Teens,144,Minutes
2667,s2668,Movie,Müfit Can Saçıntı,Turkey,"April 17, 2020",2018,Mature Adults,101,Minutes
2668,s2669,Movie,Julien Leclercq,France,"April 17, 2020",2020,Mature Adults,81,Minutes
2671,s2672,Movie,Cüneyt Kaya,Germany,"April 17, 2020",2020,Mature Adults,95,Minutes
2672,s2673,Movie,Greg Barker,United States,"April 17, 2020",2020,Restricted,119,Minutes
2673,s2674,Movie,Fernando González Molina,Spain,"April 17, 2020",2019,Mature Adults,121,Minutes
2674,s2675,Movie,Leticia Jorge Romero,Uruguay,"April 16, 2020",2019,Mature Adults,88,Minutes
2675,s2676,TV Show,"Adrien Lagier, Ousmane Ly",France,"April 16, 2020",2020,Mature Adults,2,Seasons
2677,s2678,Movie,"Ethan Coen, Joel Coen",United States,"April 16, 2020",2016,Parents Strongly Cautioned,106,Minutes
2678,s2679,Movie,Jon M. Chu,United States,"April 16, 2020",2015,Parental Guidance,119,Minutes
2679,s2680,Movie,Diego Pignataro,Brazil,"April 16, 2020",2020,Mature Adults,63,Minutes
2680,s2681,Movie,Ian Edelman,United States,"April 16, 2020",2015,Restricted,82,Minutes
2681,s2682,Movie,Ali Yorgancıoğlu,Turkey,"April 16, 2020",2019,General Audience,95,Minutes
2682,s2683,Movie,Digo Ricio,Philippines,"April 15, 2020",2018,14+ Teens,93,Minutes
2683,s2684,Movie,Emcy Joseph,India,"April 15, 2020",2019,Parental Guidance,120,Minutes
2685,s2686,Movie,Kranthi Madhav,India,"April 15, 2020",2020,Mature Adults,147,Minutes
2686,s2687,Movie,Matt D'Elia,United States,"April 14, 2020",2020,Mature Adults,55,Minutes
2687,s2688,Movie,Tope Oshin,Nigeria,"April 14, 2020",2018,14+ Teens,107,Minutes
2688,s2689,Movie,Omoni Oboli,Nigeria,"April 13, 2020",2018,14+ Teens,92,Minutes
2690,s2691,Movie,Jeff Chan,Canada,"April 11, 2020",2019,Mature Adults,98,Minutes
2693,s2694,Movie,Dean Craig,United Kingdom,"April 10, 2020",2020,Mature Adults,101,Minutes
2694,s2695,Movie,"Grand Corps Malade, Mehdi Idir",France,"April 10, 2020",2019,Mature Adults,112,Minutes
2695,s2696,Movie,Jay Karas,United States,"April 10, 2020",2020,General Audience,103,Minutes
2696,s2697,TV Show,Stefano Lodovichi,Italy,"April 10, 2020",2019,Mature Adults,1,Seasons
2697,s2698,Movie,Alan Yang,United States,"April 10, 2020",2020,Parental Guidance,91,Minutes
2700,s2701,Movie,Perci Intalan,Philippines,"April 8, 2020",2019,Mature Adults,96,Minutes
2701,s2702,Movie,M. Night Shyamalan,United States,"April 8, 2020",2010,Parental Guidance,104,Minutes
2702,s2703,Movie,Chris Robinson,United States,"April 7, 2020",2017,Mature Adults,66,Minutes
2703,s2704,Movie,Eddie Mensore,United States,"April 6, 2020",2019,Mature Adults,83,Minutes
2704,s2705,Movie,Sean Baker,United States,"April 6, 2020",2017,Restricted,111,Minutes
2705,s2706,Movie,Padraig Reynolds,United States,"April 5, 2020",2019,Mature Adults,90,Minutes
2706,s2707,Movie,Yorgos Lanthimos,Ireland,"April 5, 2020",2017,Restricted,121,Minutes
2707,s2708,Movie,Ric Roman Waugh,United States,"April 4, 2020",2019,Restricted,121,Minutes
2709,s2710,Movie,Michael Dowse,United States,"April 3, 2020",2020,Mature Adults,88,Minutes
2711,s2712,Movie,"Pablo Lejarreta, Luis Alfaro",Spain,"April 3, 2020",2020,Mature Adults,57,Minutes
2712,s2713,Movie,Armando Iannucci,United Kingdom,"April 3, 2020",2017,Restricted,107,Minutes
2713,s2714,Movie,Akira Saitoh,Japan,"April 2, 2020",2020,14+ Teens,5,Minutes
2714,s2715,Movie,Haruka Fujita,Japan,"April 2, 2020",2019,Parental Guidance,91,Minutes
2715,s2716,Movie,Mukul Anand,India,"April 1, 2020",1990,14+ Teens,174,Minutes
2716,s2717,Movie,Karan Malhotra,India,"April 1, 2020",2015,14+ Teens,155,Minutes
2717,s2718,Movie,Rajiv Chilaka,India,"April 1, 2020",2012,Kids 7+,87,Minutes
2719,s2720,Movie,"David Batra, Jon Rudberg",Sweden,"April 1, 2020",2020,Mature Adults,77,Minutes
2720,s2721,Movie,Tarun Mansukhani,India,"April 1, 2020",2008,14+ Teens,142,Minutes
2721,s2722,Movie,Ramesh Talwar,India,"April 1, 2020",1984,14+ Teens,170,Minutes
2722,s2723,Movie,Mahesh Bhatt,India,"April 1, 2020",1998,14+ Teens,165,Minutes
2723,s2724,Movie,Raj Khosla,India,"April 1, 2020",1980,14+ Teens,161,Minutes
2724,s2725,Movie,Punit Malhotra,India,"April 1, 2020",2013,14+ Teens,144,Minutes
2725,s2726,Movie,Mahesh Bhatt,India,"April 1, 2020",1993,14+ Teens,149,Minutes
2726,s2727,Movie,Vinil Mathew,India,"April 1, 2020",2014,14+ Teens,135,Minutes
2728,s2729,Movie,Shashank Khaitan,India,"April 1, 2020",2014,14+ Teens,131,Minutes
2729,s2730,Movie,Soham Shah,India,"April 1, 2020",2005,14+ Teens,126,Minutes
2730,s2731,Movie,Karan Johar,India,"April 1, 2020",2006,14+ Teens,192,Minutes
2731,s2732,Movie,Karan Johar,India,"April 1, 2020",2001,14+ Teens,209,Minutes
2732,s2733,Movie,Nikkhil Advani,India,"April 1, 2020",2003,14+ Teens,187,Minutes
2733,s2734,Movie,Shakun Batra,India,"April 1, 2020",2016,14+ Teens,138,Minutes
2734,s2735,Movie,Karan Johar,India,"April 1, 2020",1998,14+ Teens,185,Minutes
2735,s2736,Movie,Vikas Bahl,India,"April 1, 2020",2015,14+ Teens,143,Minutes
2737,s2738,Movie,"Rajiv Chilaka, Anirban Majumder, Alka Amarkant Dubey",India,"April 1, 2020",2014,Kids 7+,97,Minutes
2738,s2739,Movie,Prakash Mehra,India,"April 1, 2020",1987,14+ Teens,172,Minutes
2741,s2742,Movie,Anand Ravichandran,India,"April 1, 2020",2020,Mature Adults,103,Minutes
2744,s2745,Movie,"Richard Claus, Karsten Kiilerich",Netherlands,"April 1, 2020",2017,General Audience,83,Minutes
2745,s2746,Movie,Floria Sigismondi,United States,"April 1, 2020",2010,Restricted,107,Minutes
2747,s2748,Movie,Renzil D'Silva,India,"April 1, 2020",2014,14+ Teens,114,Minutes
2749,s2750,Movie,Fritz Böhm,United States,"April 1, 2020",2018,Restricted,93,Minutes
2750,s2751,Movie,Ravishankar Venkateswaran,India,"March 31, 2020",2020,Kids 7+,85,Minutes
2754,s2755,Movie,David Hunt,United States,"March 31, 2020",2016,Parental Guidance,131,Minutes
2755,s2756,Movie,Stephen S. Campanelli,Canada,"March 31, 2020",2017,Mature Adults,101,Minutes
2756,s2757,Movie,Rakesh Ranjan Kumar,India,"March 31, 2020",2019,Mature Adults,107,Minutes
2757,s2758,Movie,Sam Irvin,United States,"March 31, 2020",2018,14+ Teens,84,Minutes
2758,s2759,Movie,Gary Stretch,Canada,"March 31, 2020",2019,Restricted,104,Minutes
2760,s2761,Movie,Desingh Periyasamy,India,"March 29, 2020",2020,14+ Teens,160,Minutes
2762,s2763,Movie,Mike Gunther,United States,"March 28, 2020",2019,Restricted,103,Minutes
2763,s2764,Movie,"TJ Sullivan, Greg Rankin",United States,"March 27, 2020",2020,Children,46,Minutes
2766,s2767,Movie,Neeraj Udhwani,India,"March 27, 2020",2020,Mature Adults,112,Minutes
2768,s2769,Movie,Patrice Laliberté,Canada,"March 27, 2020",2020,Mature Adults,83,Minutes
2769,s2770,Movie,"Ellen Page, Ian Daniel",Canada,"March 27, 2020",2019,14+ Teens,72,Minutes
2770,s2771,Movie,"Todd Kauffman, Mark Thornton",Canada,"March 27, 2020",2020,Children,24,Minutes
2771,s2772,Movie,Prentice Penny,United States,"March 27, 2020",2020,Mature Adults,104,Minutes
2773,s2774,Movie,Zsolt Pálfi,Hungary,"March 27, 2020",2019,Children,72,Minutes
2775,s2776,Movie,Nawapol Thamrongrattanarit,Thailand,"March 26, 2020",2019,Mature Adults,113,Minutes
2776,s2777,Movie,Marlene Melchior,Germany,"March 26, 2020",2020,General Audience,21,Minutes
2778,s2779,Movie,Aaron Lieber,United States,"March 25, 2020",2019,Parental Guidance,100,Minutes
2780,s2781,Movie,Tamas Yvan Topolanszky,Hungary,"March 25, 2020",2018,Mature Adults,99,Minutes
2781,s2782,Movie,"Àlex Pastor, David Pastor",Spain,"March 25, 2020",2020,Mature Adults,104,Minutes
2782,s2783,Movie,Rami Hachache,United States,"March 24, 2020",2020,Mature Adults,70,Minutes
2786,s2787,Movie,Francisco Macri,Argentina,"March 20, 2020",2020,14+ Teens,93,Minutes
2789,s2790,Movie,Gabriela García Rivas,Mexico,"March 20, 2020",2017,14+ Teens,95,Minutes
2795,s2796,TV Show,"Eric Goode, Rebecca Chaiklin",United States,"March 20, 2020",2020,Mature Adults,1,Seasons
2796,s2797,Movie,Francesco Lettieri,Italy,"March 20, 2020",2020,Mature Adults,109,Minutes
2798,s2799,Movie,John Suits,United States,"March 19, 2020",2019,Restricted,91,Minutes
2799,s2800,Movie,"Takeru Nakajima, Yoshiyuki Okada",Japan,"March 19, 2020",2020,Mature Adults,75,Minutes
2800,s2801,Movie,Malik Nejer,Saudi Arabia,"March 19, 2020",2020,14+ Teens,100,Minutes
2801,s2802,Movie,Susan Walter,United States,"March 18, 2020",2017,Restricted,95,Minutes
2803,s2804,Movie,Masaaki Yuasa,Japan,"March 18, 2020",2017,Parental Guidance,113,Minutes
2805,s2806,Movie,Pierre Deschamps,United Kingdom,"March 18, 2020",2016,14+ Teens,91,Minutes
2806,s2807,Movie,Jeff Tomsic,United States,"March 17, 2020",2020,Mature Adults,62,Minutes
2809,s2810,Movie,Scot Armstrong,United States,"March 16, 2020",2014,Restricted,93,Minutes
2810,s2811,Movie,Naman Nitin Mukesh,India,"March 15, 2020",2019,14+ Teens,135,Minutes
2813,s2814,TV Show,Lynn Novick,United States,"March 15, 2020",2019,Mature Adults,1,Seasons
2815,s2816,Movie,Navjot Gulati,India,"March 14, 2020",2020,Mature Adults,101,Minutes
2817,s2818,Movie,Stephanie Zwane,South Africa,"March 13, 2020",2018,14+ Teens,98,Minutes
2819,s2820,Movie,Owen Trevor,Australia,"March 13, 2020",2020,Parental Guidance,103,Minutes
2820,s2821,Movie,Stephanie Turner,United States,"March 13, 2020",2019,Mature Adults,106,Minutes
2821,s2822,TV Show,Kim Seong-hun,South Korea,"March 13, 2020",2020,Mature Adults,2,Seasons
2822,s2823,Movie,Liz Garbus,United States,"March 13, 2020",2020,Restricted,95,Minutes
2823,s2824,Movie,Mehmet Ada Öztekin,Turkey,"March 13, 2020",2019,14+ Teens,132,Minutes
2828,s2829,Movie,Jos Humphrey,Canada,"March 10, 2020",2020,Kids 7+,82,Minutes
2829,s2830,Movie,Lynn Shelton,United States,"March 10, 2020",2020,Mature Adults,71,Minutes
2830,s2831,Movie,Sharmeen Obaid-Chinoy,Pakistan,"March 8, 2020",2020,Parental Guidance,16,Minutes
2832,s2833,Movie,Adze Ugah,South Africa,"March 6, 2020",2017,Mature Adults,79,Minutes
2833,s2834,Movie,Ruchi Narain,India,"March 6, 2020",2020,Mature Adults,120,Minutes
2834,s2835,Movie,Christophe Charrier,France,"March 6, 2020",2019,Mature Adults,82,Minutes
2835,s2836,Movie,Stanley Nelson,United States,"March 6, 2020",2019,Mature Adults,115,Minutes
2836,s2837,Movie,Peter Berg,United States,"March 6, 2020",2020,Restricted,111,Minutes
2837,s2838,Movie,Daniel Calparsoro,Spain,"March 6, 2020",2020,Mature Adults,110,Minutes
2839,s2840,Movie,Steve Gukas,Nigeria,"March 5, 2020",2016,Parental Guidance,121,Minutes
2842,s2843,Movie,Kittiphak Thonguam,Thailand,"March 5, 2020",2019,Mature Adults,108,Minutes
2843,s2844,Movie,Cristi Puiu,Romania,"March 4, 2020",2010,Mature Adults,186,Minutes
2844,s2845,Movie,"Sebastian Jones, Ramez Silyan",United States,"March 4, 2020",2019,Mature Adults,116,Minutes
2845,s2846,Movie,Cristi Puiu,Romania,"March 4, 2020",2005,Restricted,154,Minutes
2846,s2847,TV Show,Carlos Sedes,Spain,"March 4, 2020",2016,14+ Teens,4,Seasons
2847,s2848,Movie,"Adam B. Stein, Zach Lipovsky",United States,"March 3, 2020",2018,Restricted,105,Minutes
2848,s2849,Movie,Lucas Margutti,Brazil,"March 3, 2020",2019,Children,71,Minutes
2849,s2850,Movie,Marcus Raboy,United States,"March 3, 2020",2020,Mature Adults,61,Minutes
2850,s2851,Movie,Athiyan Athirai,India,"March 3, 2020",2019,14+ Teens,133,Minutes
2851,s2852,Movie,Zuko Nodada,South Africa,"March 3, 2020",2019,Mature Adults,98,Minutes
2852,s2853,Movie,Madonna,United Kingdom,"March 3, 2020",2011,Restricted,119,Minutes
2853,s2854,Movie,Milton Horowitz,United States,"March 2, 2020",2020,Mature Adults,61,Minutes
2856,s2857,Movie,Sneha Taurani,India,"March 1, 2020",2019,14+ Teens,130,Minutes
2859,s2860,Movie,Matthew Ross,United States,"March 1, 2020",2016,Mature Adults,87,Minutes
2860,s2861,Movie,Martin Scorsese,United Kingdom,"March 1, 2020",2011,Parental Guidance,127,Minutes
2861,s2862,Movie,Lee Kirk,United States,"March 1, 2020",2016,14+ Teens,87,Minutes
2862,s2863,Movie,Ziggy Hofmeyr,South Africa,"March 1, 2020",2017,14+ Teens,88,Minutes
2863,s2864,Movie,Paul Thomas Anderson,United States,"March 1, 2020",2007,Restricted,158,Minutes
2865,s2866,Movie,Yacine Belhousse,France,"March 1, 2020",2018,Mature Adults,93,Minutes
2866,s2867,Movie,Sam Dunn,United Kingdom,"March 1, 2020",2019,Mature Adults,90,Minutes
2867,s2868,Movie,Brett Haley,United States,"February 28, 2020",2020,Mature Adults,109,Minutes
2873,s2874,Movie,Trivikram Srinivas,India,"February 27, 2020",2020,14+ Teens,162,Minutes
2876,s2877,Movie,"Kunihiko Yuyama, Motonori Sakakibara",Japan,"February 27, 2020",2019,Kids 7+,98,Minutes
2877,s2878,TV Show,"Ali Kalthami, Meshal Aljaser, Faris Godus, Mohamed al Salman, Faisal al Amer",Saudi Arabia,"February 27, 2020",2020,14+ Teens,1,Seasons
2878,s2879,Movie,Tolu Awobiyi,Nigeria,"February 26, 2020",2016,14+ Teens,103,Minutes
2879,s2880,Movie,Walter Taylaur,Nigeria,"February 26, 2020",2015,Mature Adults,97,Minutes
2881,s2882,Movie,Daniel Oriahi,Nigeria,"February 26, 2020",2015,Mature Adults,94,Minutes
2882,s2883,Movie,Niyi Akinmolayan,Nigeria,"February 26, 2020",2016,Mature Adults,101,Minutes
2885,s2886,Movie,Seyi Babatope,Nigeria,"February 26, 2020",2014,14+ Teens,109,Minutes
2886,s2887,Movie,Jason Orley,United States,"February 25, 2020",2020,Mature Adults,50,Minutes
2887,s2888,Movie,Robert Eagar,United States,"February 23, 2020",2019,Parental Guidance,110,Minutes
2889,s2890,Movie,Travis Stevens,United States,"February 22, 2020",2019,Mature Adults,92,Minutes
2890,s2891,TV Show,Mick Grogan,Canada,"February 22, 2020",2018,Mature Adults,1,Seasons
2895,s2896,Movie,Nora Fingscheidt,Germany,"February 21, 2020",2020,Mature Adults,120,Minutes
2896,s2897,Movie,Jeethu Joseph,India,"February 21, 2020",2019,14+ Teens,101,Minutes
2897,s2898,Movie,Dee Rees,United States,"February 21, 2020",2020,Restricted,116,Minutes
2898,s2899,Movie,Sooni Taraporevala,India,"February 21, 2020",2020,Mature Adults,117,Minutes
2899,s2900,Movie,Linda Korsten,South Africa,"February 20, 2020",2012,Parental Guidance,95,Minutes
2901,s2902,Movie,Tom Barton-Humphreys,Romania,"February 20, 2020",2018,Parental Guidance,93,Minutes
2903,s2904,Movie,Angelina Jolie,France,"February 16, 2020",2015,Restricted,122,Minutes
2904,s2905,Movie,R.J. Daniel Hanna,United States,"February 16, 2020",2019,Mature Adults,102,Minutes
2905,s2906,Movie,Paco Cabezas,United States,"February 16, 2020",2015,Restricted,96,Minutes
2906,s2907,TV Show,Tosin Coker,Nigeria,"February 16, 2020",2017,Mature Adults,1,Seasons
2907,s2908,Movie,Peter Billingsley,United States,"February 16, 2020",2016,Restricted,93,Minutes
2908,s2909,Movie,Jason Zada,United States,"February 16, 2020",2016,Parents Strongly Cautioned,93,Minutes
2911,s2912,Movie,"Richard Phelan, Will Becher",United Kingdom,"February 14, 2020",2019,General,87,Minutes
2912,s2913,Movie,Rod Cabatana Marmol,Philippines,"February 14, 2020",2019,Mature Adults,95,Minutes
2913,s2914,Movie,Michał Tylka,Poland,"February 14, 2020",2017,Mature Adults,33,Minutes
2914,s2915,Movie,Oliver Kienle,Germany,"February 14, 2020",2020,Mature Adults,113,Minutes
2915,s2916,Movie,Brian Webber,South Africa,"February 14, 2020",2010,Parental Guidance,118,Minutes
2916,s2917,Movie,Ashutosh Gowariker,India,"February 14, 2020",2019,14+ Teens,171,Minutes
2918,s2919,Movie,Charles Uwagbai,Nigeria,"February 14, 2020",2018,14+ Teens,100,Minutes
2919,s2920,Movie,"Takashi Yamazaki, Ryuichi Yagi, Makoto Hanafusa",Japan,"February 13, 2020",2019,Parental Guidance,103,Minutes
2923,s2924,TV Show,"Pantham Thongsang, Cheewatan Pusitsuksa",Thailand,"February 13, 2020",2019,Mature Adults,1,Seasons
2924,s2925,Movie,"Paul Krüger, Anél Stolp",South Africa,"February 12, 2020",2015,Parental Guidance,86,Minutes
2925,s2926,Movie,Michael Fimognari,United States,"February 12, 2020",2020,14+ Teens,102,Minutes
2928,s2929,Movie,"Benny Safdie, Josh Safdie",United States,"February 11, 2020",2017,Restricted,101,Minutes
2929,s2930,Movie,Andres Clariond,Mexico,"February 11, 2020",2020,Parental Guidance,73,Minutes
2930,s2931,Movie,Andibachtiar Yusuf,Indonesia,"February 10, 2020",2019,14+ Teens,96,Minutes
2932,s2933,Movie,Andrew Dean,United States,"February 9, 2020",2018,Mature Adults,106,Minutes
2933,s2934,Movie,Lars Klevberg,United States,"February 9, 2020",2019,Parents Strongly Cautioned,88,Minutes
2934,s2935,Movie,Lukasz Kosmicki,Poland,"February 8, 2020",2019,Mature Adults,103,Minutes
2935,s2936,Movie,Shanavas K. Bavakutty,India,"February 8, 2020",2019,14+ Teens,139,Minutes
2936,s2937,Movie,Kwabena Gyansah,Ghana,"February 7, 2020",2018,14+ Teens,89,Minutes
2939,s2940,Movie,Jeff Baena,United States,"February 7, 2020",2020,Restricted,104,Minutes
2940,s2941,Movie,Kumaran,India,"February 7, 2020",2019,14+ Teens,124,Minutes
2943,s2944,Movie,Jared Moshé,United States,"February 7, 2020",2017,Restricted,112,Minutes
2946,s2947,Movie,"Austin Peck, Anneliese Vandenberg",Kenya,"February 6, 2020",2014,14+ Teens,70,Minutes
2947,s2948,TV Show,James Bamford,United States,"February 5, 2020",2019,14+ Teens,8,Seasons
2948,s2949,TV Show,"Julia Willoughby Nason, Jenner Furst",United States,"February 5, 2020",2020,Mature Adults,1,Seasons
2949,s2950,Movie,"Nate Adams, Adam Carolla",United States,"February 5, 2020",2020,Mature Adults,106,Minutes
2950,s2951,Movie,Ivan Silvestrini,United States,"February 4, 2020",2020,Parents Strongly Cautioned,97,Minutes
2951,s2952,Movie,Robert Krantz,United States,"February 4, 2020",2019,Parental Guidance,106,Minutes
2952,s2953,Movie,Gregory Jacobs,United States,"February 4, 2020",2020,14+ Teens,60,Minutes
2954,s2955,Movie,Jeethu Joseph,India,"February 3, 2020",2019,14+ Teens,148,Minutes
2955,s2956,Movie,Alfonso Cortés-Cavanillas,Spain,"February 3, 2020",2020,Mature Adults,122,Minutes
2956,s2957,Movie,Xavier Manrique,United States,"February 1, 2020",2016,Mature Adults,86,Minutes
2957,s2958,Movie,Sooraj R. Barjatya,India,"February 1, 2020",1994,14+ Teens,193,Minutes
2960,s2961,Movie,Richard Gabai,United States,"February 1, 2020",2017,Restricted,92,Minutes
2961,s2962,Movie,Alfons Adetuyi,Canada,"February 1, 2020",2018,Parents Strongly Cautioned,94,Minutes
2962,s2963,TV Show,Thomas Astruc,France,"February 1, 2020",2019,Kids 7+,5,Seasons
2963,s2964,Movie,Erwin van den Eshof,Netherlands,"February 1, 2020",2019,General Audience,82,Minutes
2968,s2969,Movie,G.J. Echternkamp,United States,"February 1, 2020",2019,Mature Adults,89,Minutes
2969,s2970,Movie,Sooraj R. Barjatya,India,"February 1, 2020",1999,General Audience,176,Minutes
2970,s2971,Movie,Hikari,Japan,"January 31, 2020",2020,Mature Adults,116,Minutes
2972,s2973,Movie,Jean-Claude Flamand-Barny,France,"January 31, 2020",2016,Mature Adults,86,Minutes
2973,s2974,Movie,Oluseyi Asurf,Nigeria,"January 31, 2020",2017,14+ Teens,93,Minutes
2975,s2976,Movie,Lana Wilson,United States,"January 31, 2020",2020,Mature Adults,85,Minutes
2978,s2979,Movie,Shannon Hartman,United States,"January 30, 2020",2009,Mature Adults,62,Minutes
2981,s2982,Movie,David Oelhoffen,France,"January 29, 2020",2018,Mature Adults,112,Minutes
2985,s2986,Movie,Ramesh Sippy,India,"January 27, 2020",2020,14+ Teens,121,Minutes
2986,s2987,Movie,Halitha Shameem,India,"January 26, 2020",2019,14+ Teens,133,Minutes
2987,s2988,Movie,"Vir Das, Ajay Bhuyan",India,"January 26, 2020",2020,Mature Adults,76,Minutes
2988,s2989,Movie,"Josh Z. Weinstein, Joshua Z. Weinstein",United States,"January 25, 2020",2017,Parental Guidance,82,Minutes
2989,s2990,Movie,Chung Mong-hong,Taiwan,"January 24, 2020",2019,Mature Adults,156,Minutes
2990,s2991,Movie,Johnny Breedt,South Africa,"January 24, 2020",2015,Mature Adults,90,Minutes
2995,s2996,Movie,César Rodrigues,United States,"January 23, 2020",2020,Parental Guidance,97,Minutes
2996,s2997,Movie,Alex Díaz,Mexico,"January 23, 2020",2020,Mature Adults,51,Minutes
2999,s3000,TV Show,Quek Shio-chuan,Taiwan,"January 23, 2020",2020,14+ Teens,1,Seasons
3002,s3003,Movie,"Pablo Stoll, Juan Pablo Rebella",Uruguay,"January 22, 2020",2004,Mature Adults,98,Minutes
3003,s3004,Movie,Krysia Plonka,United States,"January 21, 2020",2020,Mature Adults,61,Minutes
3004,s3005,Movie,Madhumita,India,"January 21, 2020",2019,14+ Teens,116,Minutes
3006,s3007,Movie,Debamitra Biswal,India,"January 20, 2020",2019,14+ Teens,132,Minutes
3007,s3008,Movie,David Lynch,United States,"January 20, 2020",2020,14+ Teens,17,Minutes
3008,s3009,Movie,Sofia Coppola,United States,"January 18, 2020",2013,Restricted,91,Minutes
3009,s3010,Movie,Tyler Perry,United States,"January 17, 2020",2020,Mature Adults,121,Minutes
3014,s3015,Movie,Caryn Waechter,United States,"January 16, 2020",2019,14+ Teens,78,Minutes
3016,s3017,Movie,Tim Hill,United States,"January 16, 2020",2011,Parental Guidance,95,Minutes
3017,s3018,Movie,Numa Perrier,United States,"January 16, 2020",2019,Mature Adults,86,Minutes
3018,s3019,Movie,Brian Helgeland,United Kingdom,"January 16, 2020",2015,Restricted,132,Minutes
3019,s3020,Movie,Yoshiyuki Momose,Japan,"January 16, 2020",2019,14+ Teens,107,Minutes
3021,s3022,Movie,Danny Boyle,United Kingdom,"January 16, 2020",2015,Restricted,122,Minutes
3022,s3023,Movie,Rima Das,India,"January 15, 2020",2018,14+ Teens,95,Minutes
3023,s3024,Movie,Paco Plaza,Spain,"January 15, 2020",2019,Mature Adults,108,Minutes
3025,s3026,Movie,Andrew Goth,Austria,"January 15, 2020",2017,Restricted,99,Minutes
3026,s3027,Movie,William Kaufman,United States,"January 15, 2020",2019,Mature Adults,103,Minutes
3027,s3028,Movie,"David Benioff, D.B. Weiss",United States,"January 14, 2020",2020,Mature Adults,66,Minutes
3029,s3030,Movie,Patryk Vega,Poland,"January 14, 2020",2019,Mature Adults,132,Minutes
3031,s3032,Movie,Steve Boettcher,United States,"January 12, 2020",2018,14+ Teens,56,Minutes
3032,s3033,Movie,Mikhil Musale,India,"January 12, 2020",2019,Mature Adults,128,Minutes
3036,s3037,TV Show,Soumendra Padhi,India,"January 10, 2020",2020,Mature Adults,1,Seasons
3038,s3039,Movie,Tom Green,United Kingdom,"January 10, 2020",2014,Restricted,119,Minutes
3041,s3042,Movie,Don Michael Paul,United States,"January 9, 2020",2020,Mature Adults,97,Minutes
3043,s3044,Movie,David Lowery,United States,"January 7, 2020",2017,Restricted,92,Minutes
3044,s3045,Movie,Maria Ripoll,Spain,"January 7, 2020",2020,Mature Adults,102,Minutes
3046,s3047,Movie,Yibrán Asuad,Mexico,"January 3, 2020",2020,14+ Teens,90,Minutes
3048,s3049,Movie,Mohit Suri,India,"January 2, 2020",2017,14+ Teens,129,Minutes
3051,s3052,Movie,Edwin,Indonesia,"January 1, 2020",2018,14+ Teens,106,Minutes
3054,s3055,Movie,Vadim Jean,United Kingdom,"January 1, 2020",2014,Parental Guidance,105,Minutes
3057,s3058,Movie,"Mark A.Z. Dippé, Kyung Ho Lee",United States,"January 1, 2020",2007,Children,78,Minutes
3058,s3059,Movie,"Mark A.Z. Dippé, Eondeok Han",United States,"January 1, 2020",2008,Kids 7+,79,Minutes
3059,s3060,Movie,Mark A.Z. Dippé,South Korea,"January 1, 2020",2009,General,78,Minutes
3060,s3061,Movie,"Anurag Kashyap, Dibakar Banerjee, Karan Johar, Zoya Akhtar",India,"January 1, 2020",2020,Mature Adults,145,Minutes
3061,s3062,Movie,Michael Simon,United States,"January 1, 2020",2015,Mature Adults,71,Minutes
3062,s3063,Movie,John A. Davis,United States,"January 1, 2020",2001,General,83,Minutes
3067,s3068,TV Show,Justin Webster,Spain,"January 1, 2020",2020,Mature Adults,1,Seasons
3068,s3069,Movie,Guillermo del Toro,Mexico,"January 1, 2020",2006,Restricted,119,Minutes
3069,s3070,Movie,Tetsuo Yajima,Japan,"January 1, 2020",2018,Kids 7+,98,Minutes
3070,s3071,Movie,Edwin,Indonesia,"January 1, 2020",2017,Mature Adults,102,Minutes
3073,s3074,Movie,Steve Rash,United States,"January 1, 2020",2009,Restricted,97,Minutes
3077,s3078,Movie,Ravi Babu,India,"December 31, 2019",2019,14+ Teens,110,Minutes
3078,s3079,Movie,Soumitra Ranade,India,"December 31, 2019",2019,Mature Adults,85,Minutes
3080,s3081,Movie,Jon Rosenbaum,United States,"December 31, 2019",2019,Parents Strongly Cautioned,90,Minutes
3081,s3082,Movie,Bruce Leddy,United States,"December 31, 2019",2019,Mature Adults,89,Minutes
3089,s3090,Movie,Yuki Yamato,Japan,"December 28, 2019",2019,Mature Adults,120,Minutes
3090,s3091,Movie,Andrew Wessels,South Africa,"December 27, 2019",2013,Mature Adults,102,Minutes
3091,s3092,Movie,Emir Kusturica,Argentina,"December 27, 2019",2018,14+ Teens,73,Minutes
3094,s3095,Movie,Elisa Fuksas,Italy,"December 26, 2019",2019,Mature Adults,79,Minutes
3096,s3097,TV Show,Lee Toland Krieger,United States,"December 26, 2019",2019,Mature Adults,2,Seasons
3097,s3098,Movie,Tony Giglio,United States,"December 25, 2019",2019,Restricted,97,Minutes
3098,s3099,Movie,"Akiyuki Shinbo, Nobuyuki Takeuchi",Japan,"December 25, 2019",2017,Parental Guidance,91,Minutes
3099,s3100,Movie,Ron Oliver,United States,"December 25, 2019",2019,Parents Strongly Cautioned,96,Minutes
3100,s3101,Movie,Don Michael Paul,Israel,"December 25, 2019",2019,Restricted,103,Minutes
3101,s3102,Movie,"Shojiro Nishimi, Guillaume Renard",France,"December 25, 2019",2017,Restricted,95,Minutes
3102,s3103,Movie,J.D. Dillard,United States,"December 25, 2019",2019,Parents Strongly Cautioned,83,Minutes
3104,s3105,Movie,Pepe Bojórquez,Mexico,"December 24, 2019",2019,14+ Teens,117,Minutes
3105,s3106,Movie,Rhys Thomas,United States,"December 24, 2019",2019,Parental Guidance,70,Minutes
3107,s3108,Movie,David M. Rosenthal,United States,"December 22, 2019",2019,Restricted,90,Minutes
3109,s3110,Movie,Louise Alston,Australia,"December 21, 2019",2019,Children,86,Minutes
3110,s3111,Movie,Sunkanmi Adebayo,Nigeria,"December 21, 2019",2017,Parental Guidance,86,Minutes
3112,s3113,Movie,Omoni Oboli,Nigeria,"December 20, 2019",2014,14+ Teens,113,Minutes
3114,s3115,Movie,Frank Rajah Arase,Nigeria,"December 20, 2019",2015,Parental Guidance,141,Minutes
3116,s3117,Movie,Fernando Meirelles,United Kingdom,"December 20, 2019",2019,Parents Strongly Cautioned,126,Minutes
3118,s3119,Movie,Rodrigo Reyes,United States,"December 19, 2019",2019,Parental Guidance,25,Minutes
3121,s3122,TV Show,Mark Lewis,United Kingdom,"December 18, 2019",2019,Mature Adults,1,Seasons
3123,s3124,Movie,Sebastian DiNatale,United States,"December 17, 2019",2019,Mature Adults,63,Minutes
3124,s3125,Movie,"Nuhash Humayun, Syed Ahmed Shawki, Rahat Rahman, Robiul Alam Robi, Golam Kibria Farooki, Mir Mukarram Hossain, Tanvir Ahsan, Mahmudul Islam, Abdullah Al Noor, Krishnendu Chattopadhyay, Syed Saleh Ahmed Sobhan",Bangladesh,"December 16, 2019",2018,Mature Adults,136,Minutes
3125,s3126,Movie,Tom Hooper,United Kingdom,"December 16, 2019",2015,Restricted,120,Minutes
3126,s3127,Movie,Karan Anshuman,India,"December 15, 2019",2015,14+ Teens,134,Minutes
3130,s3131,TV Show,Obi Emelonye,Nigeria,"December 15, 2019",2018,Mature Adults,1,Seasons
3131,s3132,Movie,Farhan Akhtar,India,"December 15, 2019",2001,14+ Teens,185,Minutes
3132,s3133,Movie,Zoya Akhtar,India,"December 15, 2019",2015,Mature Adults,174,Minutes
3133,s3134,Movie,Farhan Akhtar,India,"December 15, 2019",2006,14+ Teens,169,Minutes
3134,s3135,Movie,Farhan Akhtar,India,"December 15, 2019",2011,14+ Teens,148,Minutes
3135,s3136,Movie,Mrighdeep Singh Lamba,India,"December 15, 2019",2013,14+ Teens,135,Minutes
3136,s3137,Movie,Abhinay Deo,India,"December 15, 2019",2011,14+ Teens,135,Minutes
3137,s3138,TV Show,Tsutomu Mizushima,Japan,"December 15, 2019",2012,Parental Guidance,1,Seasons
3139,s3140,Movie,Reema Kagti,India,"December 15, 2019",2007,14+ Teens,119,Minutes
3140,s3141,Movie,Jadesola Osiberu,Nigeria,"December 15, 2019",2017,14+ Teens,98,Minutes
3141,s3142,Movie,Vijay Lalwani,India,"December 15, 2019",2010,14+ Teens,135,Minutes
3142,s3143,Movie,Farhan Akhtar,India,"December 15, 2019",2004,Parental Guidance,185,Minutes
3143,s3144,Movie,Zoya Akhtar,India,"December 15, 2019",2009,14+ Teens,156,Minutes
3144,s3145,Movie,Shirley Frimpong-Manso,Ghana,"December 15, 2019",2017,Mature Adults,104,Minutes
3145,s3146,Movie,Abhishek Kapoor,India,"December 15, 2019",2008,14+ Teens,139,Minutes
3147,s3148,Movie,Reema Kagti,India,"December 15, 2019",2012,14+ Teens,140,Minutes
3149,s3150,Movie,Zoya Akhtar,India,"December 15, 2019",2011,14+ Teens,154,Minutes
3150,s3151,Movie,Michael Bay,United States,"December 13, 2019",2019,Restricted,129,Minutes
3151,s3152,Movie,Robert O. Peters,Nigeria,"December 13, 2019",2016,Mature Adults,99,Minutes
3152,s3153,Movie,Bunmi Ajakaiye,South Africa,"December 13, 2019",2017,Mature Adults,100,Minutes
3153,s3154,Movie,Omoni Oboli,Nigeria,"December 13, 2019",2016,14+ Teens,110,Minutes
3155,s3156,Movie,Ding-Lin Wang,Taiwan,"December 13, 2019",2019,Mature Adults,95,Minutes
3157,s3158,Movie,Richard van't Riet,United Kingdom,"December 12, 2019",2019,Mature Adults,65,Minutes
3158,s3159,Movie,Shonali Bose,India,"December 11, 2019",2019,Mature Adults,143,Minutes
3159,s3160,Movie,Sameh Abdulaziz,Egypt,"December 10, 2019",2017,14+ Teens,101,Minutes
3160,s3161,Movie,Lance Bangs,United States,"December 10, 2019",2019,Mature Adults,60,Minutes
3161,s3162,Movie,Robbie Countryman,United States,"December 9, 2019",2019,Parental Guidance,29,Minutes
3162,s3163,Movie,Trey Edward Shults,United States,"December 9, 2019",2017,Restricted,92,Minutes
3163,s3164,Movie,Sujeeth,India,"December 8, 2019",2019,14+ Teens,172,Minutes
3164,s3165,Movie,Alexandre Avancini,Brazil,"December 7, 2019",2019,Parents Strongly Cautioned,97,Minutes
3166,s3167,Movie,BB Sasore,Nigeria,"December 6, 2019",2017,14+ Teens,108,Minutes
3169,s3170,Movie,Noah Baumbach,United Kingdom,"December 6, 2019",2019,Restricted,137,Minutes
3170,s3171,Movie,Atsuko Ishizuka,Japan,"December 6, 2019",2017,Mature Adults,106,Minutes
3171,s3172,Movie,Eric Aghimien,Nigeria,"December 6, 2019",2017,Mature Adults,115,Minutes
3174,s3175,TV Show,Michel Tikhomiroff,Brazil,"December 6, 2019",2019,Mature Adults,2,Seasons
3175,s3176,TV Show,"Robert Kenner, Taki Oldham",United States,"December 6, 2019",2019,14+ Teens,1,Seasons
3178,s3179,Movie,Omoni Oboli,Nigeria,"December 6, 2019",2016,14+ Teens,92,Minutes
3179,s3180,Movie,Omoni Oboli,United Kingdom,"December 6, 2019",2017,Parental Guidance,93,Minutes
3180,s3181,Movie,John Schultz,United States,"December 5, 2019",2019,Parental Guidance,85,Minutes
3186,s3187,Movie,Linda Mendoza,United States,"December 3, 2019",2019,Mature Adults,56,Minutes
3188,s3189,Movie,Michelle Johnston,United States,"December 1, 2019",2019,Parental Guidance,86,Minutes
3189,s3190,Movie,Vijay Kumar Arora,India,"December 1, 2019",2019,Parental Guidance,127,Minutes
3190,s3191,Movie,Matt Shakman,United States,"December 1, 2019",2014,Restricted,93,Minutes
3191,s3192,Movie,Mikhail Red,Philippines,"December 1, 2019",2019,Mature Adults,94,Minutes
3193,s3194,Movie,Pankaj Batra,India,"December 1, 2019",2019,14+ Teens,120,Minutes
3194,s3195,Movie,Serge Ou,Australia,"December 1, 2019",2019,Mature Adults,108,Minutes
3195,s3196,Movie,Navaniat Singh,India,"December 1, 2019",2017,14+ Teens,135,Minutes
3197,s3198,Movie,Gaurav Bavdankar,United Kingdom,"December 1, 2019",2017,14+ Teens,134,Minutes
3198,s3199,Movie,Jagdeep Sidhu,India,"December 1, 2019",2018,Parental Guidance,137,Minutes
3200,s3201,Movie,Tanawat Aiemjinda,Thailand,"December 1, 2019",2019,14+ Teens,103,Minutes
3201,s3202,Movie,Mukesh Vohra,India,"December 1, 2019",2017,14+ Teens,133,Minutes
3202,s3203,Movie,"Syrine Boulanouar, Nekfeu",France,"December 1, 2019",2019,Mature Adults,95,Minutes
3203,s3204,Movie,Tudor Giurgiu,Romania,"December 1, 2019",2015,Mature Adults,126,Minutes
3205,s3206,Movie,"Luis Ara, Ignacio Jaunsolo",Uruguay,"November 30, 2019",2019,General Audience,67,Minutes
3206,s3207,Movie,Abhishek Sharma,India,"November 30, 2019",2019,14+ Teens,135,Minutes
3207,s3208,Movie,Mati Diop,France,"November 29, 2019",2019,14+ Teens,106,Minutes
3209,s3210,Movie,Moses Inwang,Nigeria,"November 29, 2019",2018,Mature Adults,107,Minutes
3210,s3211,Movie,Jérémy Clapin,France,"November 29, 2019",2019,Mature Adults,81,Minutes
3211,s3212,Movie,Mandla Dube,South Africa,"November 29, 2019",2016,Mature Adults,107,Minutes
3214,s3215,Movie,Cheta Chukwu,Nigeria,"November 29, 2019",2018,Mature Adults,110,Minutes
3215,s3216,Movie,Roger Russell,Nigeria,"November 29, 2019",2017,Mature Adults,104,Minutes
3217,s3218,Movie,Toka McBaror,Nigeria,"November 29, 2019",2018,14+ Teens,93,Minutes
3218,s3219,Movie,Leslie Small,United States,"November 28, 2019",2019,Parental Guidance,94,Minutes
3223,s3224,Movie,Edward Zwick,United States,"November 27, 2019",2008,Restricted,137,Minutes
3224,s3225,Movie,Basava Shankar Eeday,India,"November 27, 2019",2019,14+ Teens,134,Minutes
3226,s3227,Movie,"Elle-Máijá Tailfeathers, Kathleen Hepburn",Canada,"November 27, 2019",2019,Mature Adults,106,Minutes
3227,s3228,Movie,Martin Scorsese,United States,"November 27, 2019",2019,Restricted,209,Minutes
3228,s3229,Movie,Seth Barrish,United States,"November 26, 2019",2019,Mature Adults,86,Minutes
3229,s3230,Movie,Steve Ball,United States,"November 26, 2019",2019,Children,24,Minutes
3233,s3234,Movie,Sanjiv Jaiswal,India,"November 25, 2019",2019,14+ Teens,117,Minutes
3234,s3235,Movie,"Marta Jaenes, Rosa Márquez",Spain,"November 25, 2019",2019,Mature Adults,87,Minutes
3235,s3236,Movie,Ric Roman Waugh,United States,"November 24, 2019",2017,Restricted,121,Minutes
3237,s3238,Movie,Julien Abraham,France,"November 22, 2019",2019,Mature Adults,97,Minutes
3239,s3240,Movie,Tsutomu Mizushima,Japan,"November 22, 2019",2015,Mature Adults,121,Minutes
3244,s3245,Movie,"Nate Adams, Adam Carolla",United States,"November 22, 2019",2019,Mature Adults,119,Minutes
3248,s3249,Movie,Monika Mitchell,United States,"November 21, 2019",2019,14+ Teens,93,Minutes
3250,s3251,Movie,Eva Orner,United States,"November 20, 2019",2019,Mature Adults,86,Minutes
3251,s3252,Movie,KVR Mahendra,India,"November 20, 2019",2019,14+ Teens,134,Minutes
3253,s3254,Movie,Juan Carlos Rulfo,Mexico,"November 20, 2019",2019,General Audience,28,Minutes
3254,s3255,Movie,Raj R,India,"November 20, 2019",2019,14+ Teens,131,Minutes
3256,s3257,Movie,Steve Paley,United States,"November 19, 2019",2019,Mature Adults,78,Minutes
3259,s3260,Movie,Timo Vuorensola,Finland,"November 16, 2019",2019,Mature Adults,93,Minutes
3260,s3261,Movie,Robb Dipple,United States,"November 16, 2019",2014,Mature Adults,84,Minutes
3261,s3262,Movie,Sarah Gavron,United Kingdom,"November 16, 2019",2015,Parents Strongly Cautioned,107,Minutes
3262,s3263,Movie,Eli Roth,United States,"November 16, 2019",2013,Restricted,101,Minutes
3264,s3265,Movie,Wash Westmoreland,United Kingdom,"November 15, 2019",2019,Restricted,107,Minutes
3265,s3266,Movie,Alessandro Angulo,Colombia,"November 15, 2019",2019,14+ Teens,74,Minutes
3266,s3267,Movie,Mauro Scandolari,Argentina,"November 15, 2019",2019,Parental Guidance,60,Minutes
3267,s3268,Movie,Arjun Jandyala,India,"November 15, 2019",2019,Mature Adults,143,Minutes
3268,s3269,Movie,"Shashanka Ghosh, Samit Basu",India,"November 15, 2019",2019,14+ Teens,105,Minutes
3272,s3273,Movie,Naoko Yamada,Japan,"November 15, 2019",2011,Parental Guidance,110,Minutes
3273,s3274,Movie,Sergio Pablos,Spain,"November 15, 2019",2019,Parental Guidance,98,Minutes
3278,s3279,Movie,Valli Bindana,India,"November 15, 2019",2018,14+ Teens,74,Minutes
3280,s3281,Movie,Makoto Shinkai,Japan,"November 15, 2019",2013,14+ Teens,46,Minutes
3285,s3286,Movie,Gautier & Leduc,France,"November 14, 2019",2019,Mature Adults,54,Minutes
3289,s3290,Movie,Christopher Storer,United States,"November 12, 2019",2019,Mature Adults,59,Minutes
3290,s3291,Movie,Tom Ford,United States,"November 11, 2019",2009,Restricted,100,Minutes
3292,s3293,Movie,Josh Aronson,United States,"November 11, 2019",2019,Mature Adults,88,Minutes
3296,s3297,Movie,Luke Snellin,United States,"November 8, 2019",2019,Parents Strongly Cautioned,93,Minutes
3297,s3298,Movie,Xavier Durringer,France,"November 8, 2019",2019,Mature Adults,94,Minutes
3299,s3300,Movie,Pawan Kumar,India,"November 7, 2019",2016,14+ Teens,121,Minutes
3300,s3301,Movie,Phillip Youmans,United States,"November 6, 2019",2019,Mature Adults,78,Minutes
3302,s3303,Movie,Zhang Yimou,China,"November 6, 2019",2018,14+ Teens,116,Minutes
3303,s3304,Movie,Lucas Margutti,Brazil,"November 5, 2019",2019,General Audience,87,Minutes
3305,s3306,Movie,Neal Brennan,United States,"November 5, 2019",2019,Mature Adults,61,Minutes
3307,s3308,Movie,Azazel Jacobs,United States,"November 5, 2019",2017,Restricted,98,Minutes
3308,s3309,Movie,Jung Ji-woo,South Korea,"November 5, 2019",2019,Mature Adults,123,Minutes
3309,s3310,Movie,Leslie Small,United States,"November 5, 2019",2019,Restricted,85,Minutes
3311,s3312,Movie,Matt D'Avella,United States,"November 4, 2019",2016,14+ Teens,78,Minutes
3312,s3313,Movie,Parthiban,India,"November 4, 2019",2019,Mature Adults,103,Minutes
3315,s3316,Movie,Savage Steve Holland,United States,"November 2, 2019",2014,Kids 7+,68,Minutes
3317,s3318,Movie,Savage Steve Holland,United States,"November 2, 2019",2012,Parental Guidance,68,Minutes
3318,s3319,Movie,Scott McAboy,United States,"November 2, 2019",2017,Children,69,Minutes
3319,s3320,Movie,"Raymie Muzquiz, Stu Livingston",United States,"November 2, 2019",2017,Parental Guidance,81,Minutes
3320,s3321,Movie,Stephen Herek,United States,"November 2, 2019",2013,Children,69,Minutes
3321,s3322,Movie,Joe Menendez,United States,"November 2, 2019",2016,Parental Guidance,68,Minutes
3322,s3323,Movie,Vince Marcello,United States,"November 2, 2019",2015,Parental Guidance,68,Minutes
3323,s3324,Movie,Eric Bross,United States,"November 2, 2019",2010,Children,86,Minutes
3324,s3325,Movie,Will Eisenberg,United States,"November 2, 2019",2015,Children,40,Minutes
3326,s3327,Movie,Marina Seresesky,Spain,"November 1, 2019",2019,Mature Adults,94,Minutes
3329,s3330,Movie,Kenny Leon,United States,"November 1, 2019",2019,Mature Adults,90,Minutes
3331,s3332,Movie,Harvey Lowry,United States,"November 1, 2019",2017,Parental Guidance,112,Minutes
3332,s3333,Movie,James Dearden,United Kingdom,"November 1, 2019",2018,Mature Adults,101,Minutes
3334,s3335,Movie,Tarun Mansukhani,India,"November 1, 2019",2019,14+ Teens,119,Minutes
3335,s3336,Movie,"Drea Cooper, Zackary Canepari",United States,"November 1, 2019",2019,Mature Adults,40,Minutes
3337,s3338,Movie,Ernie Barbarash,United States,"November 1, 2019",2019,Parental Guidance,86,Minutes
3338,s3339,Movie,Michael A. Nickles,United States,"November 1, 2019",2018,Parental Guidance,92,Minutes
3343,s3344,Movie,Blayne Weaver,United States,"November 1, 2019",2019,Parental Guidance,91,Minutes
3347,s3348,Movie,David Michôd,United Kingdom,"November 1, 2019",2019,Restricted,141,Minutes
3348,s3349,Movie,Marco Bonfanti,Italy,"November 1, 2019",2019,Mature Adults,107,Minutes
3349,s3350,Movie,Everardo González,Mexico,"November 1, 2019",2007,Mature Adults,97,Minutes
3353,s3354,Movie,"Rodrigo Guardiola, Gabriel Cruz Rivas",Mexico,"November 1, 2019",2016,Mature Adults,89,Minutes
3354,s3355,Movie,Juani Libonatti,Argentina,"October 31, 2019",2019,Mature Adults,65,Minutes
3356,s3357,TV Show,DJ Chen,Taiwan,"October 31, 2019",2019,Mature Adults,1,Seasons
3358,s3359,TV Show,Park Joon-hwa,South Korea,"October 30, 2019",2016,14+ Teens,1,Seasons
3359,s3360,Movie,Saravana Rajendran,India,"October 30, 2019",2019,Mature Adults,126,Minutes
3362,s3363,Movie,Brian Volk-Weiss,United States,"October 29, 2019",2019,Mature Adults,63,Minutes
3365,s3366,Movie,Everardo González,Mexico,"October 28, 2019",2019,Parental Guidance,28,Minutes
3366,s3367,Movie,Matt Kay,United Kingdom,"October 28, 2019",2018,General Audience,20,Minutes
3371,s3372,Movie,Ozan Açıktan,Turkey,"October 25, 2019",2014,Mature Adults,106,Minutes
3372,s3373,Movie,Craig Brewer,United States,"October 25, 2019",2019,Restricted,118,Minutes
3374,s3375,Movie,Billy Lyons,United States,"October 25, 2019",2019,Mature Adults,127,Minutes
3379,s3380,Movie,Zak Hilditch,United States,"October 25, 2019",2019,Mature Adults,86,Minutes
3380,s3381,Movie,Michael Steiner,Switzerland,"October 25, 2019",2018,Mature Adults,94,Minutes
3383,s3384,Movie,Andrew Slater,United States,"October 24, 2019",2019,Parents Strongly Cautioned,82,Minutes
3384,s3385,Movie,"Glen Goei, Gavin Yap",Singapore,"October 24, 2019",2019,14+ Teens,92,Minutes
3386,s3387,Movie,Huw Cordey,United States,"October 23, 2019",2019,Parental Guidance,52,Minutes
3387,s3388,Movie,Yuen Woo-ping,Hong Kong,"October 23, 2019",2018,14+ Teens,108,Minutes
3388,s3389,Movie,Gillian Robespierre,United States,"October 22, 2019",2019,Mature Adults,67,Minutes
3389,s3390,Movie,Ben Wheatley,United Kingdom,"October 21, 2019",2016,Restricted,91,Minutes
3391,s3392,Movie,Thomas Vinterberg,France,"October 19, 2019",2018,Parents Strongly Cautioned,118,Minutes
3392,s3393,Movie,Adze Ugah,South Africa,"October 18, 2019",2017,14+ Teens,87,Minutes
3398,s3399,Movie,Ciarán Foy,United States,"October 18, 2019",2019,Mature Adults,98,Minutes
3402,s3403,Movie,Yılmaz Erdoğan,Turkey,"October 18, 2019",2017,14+ Teens,95,Minutes
3405,s3406,Movie,Daniel Sánchez Arévalo,Spain,"October 18, 2019",2019,Mature Adults,100,Minutes
3407,s3408,Movie,Don Omope,Nigeria,"October 18, 2019",2017,Mature Adults,101,Minutes
3408,s3409,Movie,Ed Perkins,United Kingdom,"October 18, 2019",2019,Mature Adults,86,Minutes
3409,s3410,Movie,Steven Soderbergh,United States,"October 18, 2019",2019,Restricted,96,Minutes
3411,s3412,Movie,Tope Oshin,Nigeria,"October 18, 2019",2018,14+ Teens,99,Minutes
3412,s3413,Movie,Udai Singh Pawar,India,"October 18, 2019",2019,14+ Teens,112,Minutes
3413,s3414,Movie,Guntur Soeharjanto,Indonesia,"October 18, 2019",2017,14+ Teens,127,Minutes
3417,s3418,Movie,Bassam Tariq,United States,"October 16, 2019",2019,Mature Adults,22,Minutes
3418,s3419,Movie,Leslie Iwerks,United States,"October 16, 2019",2019,Mature Adults,78,Minutes
3419,s3420,Movie,Kim Joo-hyung,South Korea,"October 16, 2019",2019,Mature Adults,63,Minutes
3421,s3422,Movie,Ciarán Foy,United States,"October 16, 2019",2015,Restricted,97,Minutes
3422,s3423,Movie,Louie Psihoyos,United States,"October 16, 2019",2018,Mature Adults,86,Minutes
3423,s3424,TV Show,Ahmet Katıksız,Turkey,"October 15, 2019",2014,Mature Adults,1,Seasons
3424,s3425,Movie,Jean-François Blais,Canada,"October 14, 2019",2019,14+ Teens,62,Minutes
3425,s3426,Movie,"Leïla Sy, Kery James",France,"October 13, 2019",2019,Mature Adults,96,Minutes
3427,s3428,Movie,Hakan Algül,Turkey,"October 11, 2019",2017,Mature Adults,104,Minutes
3428,s3429,Movie,Vince Gilligan,United States,"October 11, 2019",2019,Mature Adults,123,Minutes
3429,s3430,Movie,Brad Anderson,United States,"October 11, 2019",2019,Mature Adults,100,Minutes
3431,s3432,Movie,Bolanle Austen-Peters,Nigeria,"October 11, 2019",2019,14+ Teens,99,Minutes
3432,s3433,Movie,Sion Sono,Japan,"October 11, 2019",2019,Mature Adults,151,Minutes
3434,s3435,Movie,Dennis Rovira van Boekholt,Spain,"October 11, 2019",2019,Mature Adults,102,Minutes
3438,s3439,Movie,Jenny Gage,United States,"October 9, 2019",2019,Parents Strongly Cautioned,106,Minutes
3439,s3440,Movie,Kaila York,United States,"October 9, 2019",2019,14+ Teens,87,Minutes
3441,s3442,Movie,Ryan Polito,United States,"October 8, 2019",2019,Mature Adults,70,Minutes
3443,s3444,Movie,Andibachtiar Yusuf,Indonesia,"October 6, 2019",2018,14+ Teens,101,Minutes
3446,s3447,Movie,Vandana Kataria,India,"October 5, 2019",2019,Mature Adults,109,Minutes
3448,s3449,Movie,Onur Bilgetay,Turkey,"October 4, 2019",2019,Mature Adults,110,Minutes
3450,s3451,Movie,Vincenzo Natali,Canada,"October 4, 2019",2019,Mature Adults,102,Minutes
3451,s3452,Movie,Tugçe Soysop,Turkey,"October 4, 2019",2019,Parental Guidance,102,Minutes
3456,s3457,Movie,"Jacob Joice, Steve Ball",United States,"October 4, 2019",2019,Children,24,Minutes
3459,s3460,Movie,Luis Javier Henaine,Mexico,"October 2, 2019",2019,Mature Adults,98,Minutes
3460,s3461,Movie,Anand Kamalakar,United States,"October 2, 2019",2018,Parental Guidance,76,Minutes
3461,s3462,TV Show,Lee Yoon-jung,South Korea,"October 1, 2019",2016,14+ Teens,1,Seasons
3465,s3466,Movie,Roy Poortmans,Netherlands,"October 1, 2019",2018,14+ Teens,90,Minutes
3468,s3469,Movie,Vrinda Samartha,India,"October 1, 2019",2017,Parental Guidance,59,Minutes
3471,s3472,Movie,Nicholaus Goossen,United States,"October 1, 2019",2019,Mature Adults,64,Minutes
3472,s3473,Movie,"Stig Bergqvist, Paul Demeyer",Germany,"October 1, 2019",2000,General,79,Minutes
3475,s3476,Movie,"Igor Kovalyov, Norton Virgien",United States,"October 1, 2019",1998,General,81,Minutes
3476,s3477,Movie,Noah Baumbach,United States,"October 1, 2019",2005,Restricted,81,Minutes
3477,s3478,TV Show,Danny Cannon,United States,"September 30, 2019",2019,Mature Adults,5,Seasons
3478,s3479,Movie,Chris Howe,United Kingdom,"September 30, 2019",2019,Mature Adults,64,Minutes
3480,s3481,Movie,Mana Yasuda,Japan,"September 28, 2019",2019,Parental Guidance,90,Minutes
3482,s3483,Movie,Gupse Özay,Turkey,"September 27, 2019",2018,Parental Guidance,102,Minutes
3484,s3485,Movie,Jim Mickle,United States,"September 27, 2019",2019,Mature Adults,116,Minutes
3485,s3486,Movie,"Jumpei Mizusaki, Koji Morimoto, Michael Arias, Masaru Matsumoto, Arthell Isom, Henry Thurlow, Takanobu Mizuno, Elsa Nakamichi, Hajime Sasaki, Shinji Takagi",United States,"September 27, 2019",2019,Mature Adults,42,Minutes
3486,s3487,Movie,Mangesh Hadawale,India,"September 26, 2019",2019,14+ Teens,133,Minutes
3487,s3488,Movie,Wong Kar Wai,Hong Kong,"September 26, 2019",2013,Parents Strongly Cautioned,108,Minutes
3490,s3491,Movie,Otilia Portillo Padua,United States,"September 25, 2019",2019,General Audience,38,Minutes
3494,s3495,Movie,Michael J. Bassett,United States,"September 24, 2019",2019,Restricted,106,Minutes
3495,s3496,Movie,Troy Miller,United States,"September 24, 2019",2019,Mature Adults,58,Minutes
3496,s3497,Movie,Rahul Ravindran,India,"September 23, 2019",2019,Mature Adults,152,Minutes
3497,s3498,Movie,Archie Borders,United States,"September 23, 2019",2018,Mature Adults,87,Minutes
3498,s3499,Movie,Deepti Naval,India,"September 22, 2019",2009,Mature Adults,121,Minutes
3500,s3501,Movie,Scott Aukerman,United States,"September 20, 2019",2019,Mature Adults,83,Minutes
3503,s3504,TV Show,Mariano Barroso,Spain,"September 20, 2019",2019,Mature Adults,1,Seasons
3506,s3507,TV Show,"Kiko Cruz Claverol, Patricia Font",Spain,"September 20, 2019",2019,Mature Adults,1,Seasons
3507,s3508,Movie,Bedran Güzel,Turkey,"September 20, 2019",2018,Mature Adults,111,Minutes
3509,s3510,Movie,Sandeep Reddy Vanga,India,"September 19, 2019",2019,Mature Adults,171,Minutes
3511,s3512,Movie,Jesse V. Johnson,United Kingdom,"September 17, 2019",2019,Mature Adults,88,Minutes
3512,s3513,Movie,Manny Rodriguez,United States,"September 17, 2019",2012,Mature Adults,76,Minutes
3513,s3514,Movie,Tom Donahue,United States,"September 15, 2019",2019,Parental Guidance,64,Minutes
3514,s3515,Movie,Michèle Ohayon,United States,"September 15, 2019",2006,14+ Teens,94,Minutes
3516,s3517,Movie,B. V. Nandini Reddy,India,"September 14, 2019",2019,14+ Teens,157,Minutes
3517,s3518,Movie,Randall Lobb,United States,"September 14, 2019",2019,Parental Guidance,83,Minutes
3518,s3519,Movie,Alex Stapleton,United States,"September 13, 2019",2019,Mature Adults,65,Minutes
3520,s3521,Movie,Kıvanç Baruönü,Turkey,"September 13, 2019",2018,14+ Teens,105,Minutes
3522,s3523,Movie,Teng Huatao,China,"September 13, 2019",2019,14+ Teens,107,Minutes
3523,s3524,Movie,Nzingha Stewart,United States,"September 13, 2019",2019,Parental Guidance,103,Minutes
3528,s3529,Movie,Mike Binder,United States,"September 10, 2019",2019,Mature Adults,67,Minutes
3529,s3530,Movie,Orlando von Einsiedel,United Kingdom,"September 10, 2019",2019,Mature Adults,96,Minutes
3530,s3531,Movie,Anubhav Sinha,India,"September 6, 2019",2019,Mature Adults,125,Minutes
3531,s3532,Movie,Maha Venkatesh,India,"September 6, 2019",2018,Mature Adults,142,Minutes
3532,s3533,Movie,Tharun Bhascker,India,"September 6, 2019",2018,14+ Teens,133,Minutes
3533,s3534,Movie,Şenol Sönmez,Turkey,"September 6, 2019",2019,14+ Teens,100,Minutes
3536,s3537,Movie,Farhan Alam,Pakistan,"September 4, 2019",2016,14+ Teens,128,Minutes
3537,s3538,Movie,A. L. Vijay,India,"September 4, 2019",2019,14+ Teens,93,Minutes
3538,s3539,Movie,Petra Costa,Brazil,"September 1, 2019",2012,Mature Adults,81,Minutes
3541,s3542,TV Show,Hayato Date,Japan,"September 1, 2019",2006,14+ Teens,9,Seasons
3542,s3543,Movie,"Petra Costa, Lea Glob",Denmark,"September 1, 2019",2014,Mature Adults,82,Minutes
3544,s3545,Movie,Bernie Denk,United States,"September 1, 2019",2004,General,47,Minutes
3545,s3546,Movie,Ahmed Zain,United Arab Emirates,"September 1, 2019",2019,14+ Teens,95,Minutes
3548,s3549,Movie,Fernando Ayllón,Colombia,"August 30, 2019",2018,Mature Adults,91,Minutes
3549,s3550,Movie,Alejandro Fernández Almendras,Chile,"August 30, 2019",2019,Parental Guidance,102,Minutes
3554,s3555,Movie,Jota Linares,Spain,"August 30, 2019",2018,Mature Adults,100,Minutes
3555,s3556,Movie,Roger Kumble,United States,"August 29, 2019",2019,Parental Guidance,98,Minutes
3556,s3557,Movie,Wagner de Assis,Brazil,"August 29, 2019",2019,14+ Teens,110,Minutes
3557,s3558,Movie,White Trash Tyler,United States,"August 28, 2019",2019,Mature Adults,85,Minutes
3559,s3560,Movie,Stan Lathan,United States,"August 26, 2019",2019,Mature Adults,66,Minutes
3560,s3561,Movie,Yeung Yat-Tak,Hong Kong,"August 24, 2019",2016,Mature Adults,92,Minutes
3563,s3564,Movie,Rai Yuvraj Bains,India,"August 23, 2019",2019,Parental Guidance,133,Minutes
3564,s3565,Movie,Sunil Thakur,India,"August 23, 2019",2018,14+ Teens,135,Minutes
3565,s3566,Movie,Muh Chen,China,"August 23, 2019",2019,Parental Guidance,120,Minutes
3566,s3567,Movie,Saurabh Sinha,India,"August 23, 2019",2019,14+ Teens,118,Minutes
3567,s3568,Movie,"Steven Bognar, Julia Reichert",United States,"August 21, 2019",2019,14+ Teens,110,Minutes
3569,s3570,Movie,Ashwin Saravanan,India,"August 21, 2019",2019,Mature Adults,98,Minutes
3572,s3573,Movie,Jun Lana,Philippines,"August 21, 2019",2018,Mature Adults,104,Minutes
3574,s3575,Movie,Julia Knowles,United Kingdom,"August 20, 2019",2019,Mature Adults,52,Minutes
3582,s3583,Movie,Tarsem Singh,United States,"August 16, 2019",2015,Parents Strongly Cautioned,117,Minutes
3583,s3584,Movie,Michael Tiddes,United States,"August 16, 2019",2019,14+ Teens,100,Minutes
3586,s3587,Movie,Kepa Sojo,Spain,"August 16, 2019",2019,Mature Adults,86,Minutes
3589,s3590,TV Show,"Vikramaditya Motwane, Anurag Kashyap",India,"August 15, 2019",2019,Mature Adults,2,Seasons
3590,s3591,TV Show,"Cho Li, Chen Hung-yi, Weica Wang, Liu Bang-yao, Lin Guan-fu, Shen Chi, YC Tom Lee",Taiwan,"August 15, 2019",2019,Mature Adults,1,Seasons
3591,s3592,Movie,Diego Pignataro,Brazil,"August 15, 2019",2019,Mature Adults,69,Minutes
3593,s3594,Movie,Manu Ashokan,India,"August 14, 2019",2019,14+ Teens,119,Minutes
3594,s3595,Movie,Anita Udeep,India,"August 13, 2019",2019,Mature Adults,123,Minutes
3595,s3596,Movie,Vlad Yudin,United States,"August 13, 2019",2019,Mature Adults,93,Minutes
3596,s3597,Movie,Alberto Arnaut Estrada,Mexico,"August 13, 2019",2018,Mature Adults,109,Minutes
3602,s3603,Movie,Aadish Keluskar,India,"August 9, 2019",2018,Mature Adults,107,Minutes
3603,s3604,Movie,"Joe Murray, Cosmo Segurson",United States,"August 9, 2019",2019,Kids 7+,46,Minutes
3605,s3606,TV Show,Jesse Moss,United States,"August 9, 2019",2019,14+ Teens,1,Seasons
3613,s3614,TV Show,Shin Won-ho,South Korea,"August 8, 2019",2014,Mature Adults,1,Seasons
3614,s3615,TV Show,Shin Won-ho,South Korea,"August 8, 2019",2012,Mature Adults,1,Seasons
3616,s3617,Movie,Sujoy Ghosh,India,"August 7, 2019",2019,14+ Teens,117,Minutes
3617,s3618,Movie,John Asher,United States,"August 7, 2019",2016,Mature Adults,67,Minutes
3618,s3619,Movie,Mae Czarina Cruz,Philippines,"August 6, 2019",2015,14+ Teens,114,Minutes
3619,s3620,Movie,Lance Bangs,United States,"August 6, 2019",2015,Mature Adults,67,Minutes
3620,s3621,Movie,Shannon Hartman,United States,"August 6, 2019",2014,Mature Adults,77,Minutes
3621,s3622,Movie,Billy Corben,United States,"August 6, 2019",2018,Mature Adults,105,Minutes
3622,s3623,Movie,Joe DeMaio,United States,"August 6, 2019",2016,Mature Adults,63,Minutes
3623,s3624,Movie,Alex Burunova,United States,"August 5, 2019",2019,Mature Adults,59,Minutes
3625,s3626,Movie,Jesús Torres Torres,Mexico,"August 5, 2019",2017,Mature Adults,102,Minutes
3626,s3627,Movie,Erwin van den Eshof,Netherlands,"August 3, 2019",2017,14+ Teens,81,Minutes
3630,s3631,Movie,Vijay Kumar,India,"August 2, 2019",2019,14+ Teens,116,Minutes
3631,s3632,Movie,Phanindra Narsetti,India,"August 1, 2019",2018,14+ Teens,177,Minutes
3634,s3635,Movie,Gideon Raff,Canada,"July 31, 2019",2019,Mature Adults,130,Minutes
3637,s3638,Movie,Jorge M. Fontana,Spain,"July 26, 2019",2018,Mature Adults,111,Minutes
3638,s3639,Movie,Mikhail Red,Philippines,"July 26, 2019",2019,14+ Teens,100,Minutes
3639,s3640,Movie,Olivier Afonso,France,"July 26, 2019",2019,Mature Adults,77,Minutes
3641,s3642,Movie,Sebastián Schindel,Argentina,"July 26, 2019",2019,Mature Adults,93,Minutes
3643,s3644,Movie,"Karim Amer, Jehane Noujaim",United States,"July 24, 2019",2019,Mature Adults,114,Minutes
3645,s3646,Movie,Jay Chapman,United States,"July 21, 2019",2018,Mature Adults,58,Minutes
3646,s3647,Movie,"Jay Karas, Demetri Martin",United States,"July 21, 2019",2018,Mature Adults,56,Minutes
3647,s3648,Movie,Dante Lam,Hong Kong,"July 21, 2019",2008,14+ Teens,110,Minutes
3648,s3649,Movie,Chi Keung Fung,Hong Kong,"July 21, 2019",2013,14+ Teens,98,Minutes
3649,s3650,Movie,"Corey Yuen, Patrick Leung",Hong Kong,"July 21, 2019",2004,14+ Teens,106,Minutes
3650,s3651,Movie,To-hoi Kong,Hong Kong,"July 21, 2019",2007,Mature Adults,102,Minutes
3652,s3653,Movie,Frank Ariza,Spain,"July 19, 2019",2019,Mature Adults,81,Minutes
3653,s3654,TV Show,Jerry Seinfeld,United States,"July 19, 2019",2019,14+ Teens,6,Seasons
3657,s3658,Movie,Peter Sullivan,United States,"July 18, 2019",2019,14+ Teens,98,Minutes
3658,s3659,Movie,Aditya Sarpotdar,India,"July 17, 2019",2018,14+ Teens,136,Minutes
3661,s3662,Movie,Nisheeta Keni,India,"July 16, 2019",2018,Parental Guidance,161,Minutes
3662,s3663,Movie,Daniel Gray Longino,United States,"July 16, 2019",2019,14+ Teens,32,Minutes
3668,s3669,Movie,Gerardo Olivares,Spain,"July 12, 2019",2019,Mature Adults,105,Minutes
3670,s3671,Movie,Wi Ding Ho,Taiwan,"July 12, 2019",2018,Mature Adults,106,Minutes
3672,s3673,Movie,Thomas Sieben,Germany,"July 12, 2019",2019,Mature Adults,90,Minutes
3675,s3676,Movie,Joe Lynch,France,"July 12, 2019",2019,Mature Adults,87,Minutes
3676,s3677,Movie,Andreas Pichler,Germany,"July 12, 2019",2017,14+ Teens,91,Minutes
3678,s3679,Movie,Daniel Arasanz,Spain,"July 11, 2019",2019,14+ Teens,106,Minutes
3679,s3680,Movie,Spike Jonze,United States,"July 9, 2019",2019,Mature Adults,65,Minutes
3681,s3682,Movie,"Marcelo Altmark, Mariano Mucci, Luis A. Scalella",Argentina,"July 5, 2019",2019,General Audience,105,Minutes
3683,s3684,Movie,Michèle Ohayon,United States,"July 4, 2019",2016,14+ Teens,40,Minutes
3693,s3694,Movie,Linda Mendoza,United States,"July 1, 2019",2019,Mature Adults,66,Minutes
3697,s3698,Movie,Hernán Zin,United States,"July 1, 2019",2013,Mature Adults,61,Minutes
3698,s3699,Movie,Sittisiri Mongkolsiri,Thailand,"June 30, 2019",2019,Mature Adults,122,Minutes
3699,s3700,Movie,Robbie Grewal,India,"June 30, 2019",2019,14+ Teens,141,Minutes
3701,s3702,Movie,Thiagarajan Kumararaja,India,"June 29, 2019",2019,Mature Adults,176,Minutes
3703,s3704,Movie,Kate Horne,Colombia,"June 28, 2019",2018,14+ Teens,73,Minutes
3706,s3707,Movie,Roberto Girault Facha,Mexico,"June 28, 2019",2017,Mature Adults,87,Minutes
3709,s3710,Movie,Paul Thomas Anderson,United Kingdom,"June 27, 2019",2019,Parental Guidance,15,Minutes
3711,s3712,Movie,"Alex Díaz, Marcos Bucay",Mexico,"June 27, 2019",2019,Mature Adults,55,Minutes
3713,s3714,Movie,Sujoy Ghosh,India,"June 26, 2019",2012,14+ Teens,122,Minutes
3714,s3715,Movie,Svati Chakravarty Bhatkal,India,"June 26, 2019",2019,14+ Teens,109,Minutes
3715,s3716,Movie,Kevin Bray,United States,"June 25, 2019",2019,Mature Adults,63,Minutes
3717,s3718,Movie,"Jesse V. Johnson, Jesse Johnson",Thailand,"June 22, 2019",2019,Restricted,96,Minutes
3718,s3719,Movie,"Miguel Cohan, Miguel Cohan",Argentina,"June 21, 2019",2019,Mature Adults,113,Minutes
3719,s3720,TV Show,"Luis Alberto Restrepo, Andrés Beltrán, Jaime Rayo",Colombia,"June 21, 2019",2019,Mature Adults,1,Seasons
3720,s3721,Movie,Hideaki Anno,Japan,"June 21, 2019",1998,Mature Adults,69,Minutes
3728,s3729,Movie,"Hideaki Anno, Kazuya Tsurumaki",Japan,"June 21, 2019",1997,Mature Adults,87,Minutes
3729,s3730,Movie,"Abhijit Kokate, Srivinay Salian",India,"June 20, 2019",2019,Mature Adults,116,Minutes
3730,s3731,Movie,Antonin Baudry,France,"June 20, 2019",2019,14+ Teens,116,Minutes
3731,s3732,Movie,Chris Robinson,United States,"June 19, 2019",2019,Mature Adults,110,Minutes
3732,s3733,Movie,Petra Costa,Brazil,"June 19, 2019",2019,14+ Teens,122,Minutes
3733,s3734,Movie,Jay Karas,United States,"June 18, 2019",2019,Mature Adults,59,Minutes
3734,s3735,Movie,Jon Watts,United States,"June 16, 2019",2015,Restricted,88,Minutes
3735,s3736,Movie,Jakob Lass,Germany,"June 16, 2019",2018,Mature Adults,91,Minutes
3738,s3739,Movie,"John Haptas, Kristine Samuelson",Sweden,"June 15, 2019",2019,Parental Guidance,40,Minutes
3739,s3740,Movie,Sanjay Jadhav,India,"June 15, 2019",2019,14+ Teens,113,Minutes
3740,s3741,Movie,Vinod Kapri,India,"June 15, 2019",2018,14+ Teens,90,Minutes
3743,s3744,TV Show,Elías León,Spain,"June 15, 2019",2019,Mature Adults,1,Seasons
3747,s3748,Movie,Bruno Garotti,Brazil,"June 14, 2019",2019,Parental Guidance,95,Minutes
3753,s3754,Movie,Kyle Newacheck,United States,"June 14, 2019",2019,Parents Strongly Cautioned,98,Minutes
3756,s3757,Movie,Mark Ritchie,United States,"June 13, 2019",2019,Parental Guidance,61,Minutes
3757,s3758,Movie,Rocky Soraya,Indonesia,"June 13, 2019",2019,Mature Adults,117,Minutes
3758,s3759,Movie,Shannon Hartman,United States,"June 12, 2019",2019,Mature Adults,60,Minutes
3759,s3760,Movie,Martin Scorsese,United States,"June 12, 2019",2019,Mature Adults,142,Minutes
3761,s3762,Movie,Federico Veiroj,Uruguay,"June 7, 2019",2018,Mature Adults,74,Minutes
3763,s3764,Movie,Isabel Coixet,Spain,"June 7, 2019",2019,Mature Adults,119,Minutes
3764,s3765,Movie,Grant Sputore,Australia,"June 7, 2019",2019,Parental Guidance,114,Minutes
3765,s3766,Movie,Laxman Utekar,India,"June 7, 2019",2019,Parental Guidance,125,Minutes
3766,s3767,Movie,Juan Antin,France,"June 7, 2019",2019,Parental Guidance,71,Minutes
3767,s3768,Movie,Hanno Olderdissen,Germany,"June 7, 2019",2019,Parental Guidance,110,Minutes
3768,s3769,Movie,Amar Kaushik,India,"June 7, 2019",2018,Mature Adults,127,Minutes
3771,s3772,Movie,Reginald Hudlin,United States,"June 7, 2019",2019,Mature Adults,118,Minutes
3772,s3773,Movie,Eva Trobisch,Germany,"June 6, 2019",2019,Mature Adults,90,Minutes
3773,s3774,Movie,Naoko Yamada,Japan,"June 5, 2019",2016,14+ Teens,130,Minutes
3775,s3776,Movie,Mathieu Auvray,Netherlands,"June 4, 2019",2015,Mature Adults,12,Minutes
3776,s3777,Movie,Marcus Raboy,United States,"June 4, 2019",2019,14+ Teens,62,Minutes
3777,s3778,Movie,"Limbert Fabian, Brandon Oldenburg",United States,"June 4, 2019",2014,Children,3,Minutes
3781,s3782,Movie,Datta Mohan Bhandare,India,"June 2, 2019",2019,14+ Teens,114,Minutes
3783,s3784,Movie,Sanjib Dey,India,"June 1, 2019",2017,Mature Adults,128,Minutes
3785,s3786,Movie,Cristina Jacob,Romania,"June 1, 2019",2019,Mature Adults,109,Minutes
3786,s3787,Movie,Daniel Yee Heng Chan,Hong Kong,"June 1, 2019",2019,14+ Teens,109,Minutes
3788,s3789,Movie,Sachin Yardi,India,"May 31, 2019",2019,Mature Adults,101,Minutes
3790,s3791,Movie,Rakeysh Omprakash Mehra,India,"May 31, 2019",2019,Mature Adults,103,Minutes
3791,s3792,Movie,Han Han,China,"May 31, 2019",2019,Mature Adults,98,Minutes
3793,s3794,Movie,Jang Jae-hyun,South Korea,"May 30, 2019",2019,Mature Adults,123,Minutes
3795,s3796,Movie,Nadia Hallgren,United States,"May 24, 2019",2019,Parental Guidance,38,Minutes
3797,s3798,Movie,Sudabeh Mortezai,Austria,"May 24, 2019",2019,Mature Adults,101,Minutes
3798,s3799,Movie,McG,United States,"May 24, 2019",2019,14+ Teens,99,Minutes
3800,s3801,Movie,Richard Shepard,United States,"May 24, 2019",2019,Mature Adults,91,Minutes
3803,s3804,Movie,Trisha Ziff,United States,"May 22, 2019",2019,Parental Guidance,30,Minutes
3804,s3805,Movie,Vasan Bala,India,"May 22, 2019",2018,14+ Teens,137,Minutes
3805,s3806,Movie,Linda Mendoza,United States,"May 21, 2019",2019,Mature Adults,66,Minutes
3808,s3809,TV Show,Diego Enrique Osorno,Mexico,"May 17, 2019",2019,Mature Adults,1,Seasons
3809,s3810,Movie,Hernán Zin,Spain,"May 17, 2019",2014,14+ Teens,70,Minutes
3810,s3811,Movie,Hernán Zin,Denmark,"May 17, 2019",2016,14+ Teens,87,Minutes
3811,s3812,Movie,Hernán Zin,Spain,"May 17, 2019",2018,Mature Adults,88,Minutes
3813,s3814,Movie,Pedring A. Lopez,Philippines,"May 17, 2019",2019,Mature Adults,90,Minutes
3815,s3816,Movie,Francesco Imperato,Italy,"May 17, 2019",2019,Mature Adults,53,Minutes
3816,s3817,Movie,Stefon Bristol,United States,"May 17, 2019",2019,Mature Adults,87,Minutes
3818,s3819,Movie,Kate Melville,United States,"May 16, 2019",2019,Parental Guidance,90,Minutes
3819,s3820,Movie,Aditya Vikram Sengupta,India,"May 16, 2019",2018,Mature Adults,96,Minutes
3820,s3821,Movie,Mandie Fletcher,United Kingdom,"May 16, 2019",2019,Parental Guidance,94,Minutes
3822,s3823,Movie,Aijaz Khan,India,"May 15, 2019",2018,Mature Adults,108,Minutes
3825,s3826,Movie,Gonzalo López-Gallego,United States,"May 14, 2019",2019,Restricted,102,Minutes
3828,s3829,Movie,Abby Epstein,United States,"May 14, 2019",2018,Mature Adults,94,Minutes
3829,s3830,Movie,Savage Steve Holland,United States,"May 13, 2019",2019,General Audience,70,Minutes
3830,s3831,Movie,Hepi Mita,New Zealand,"May 12, 2019",2018,14+ Teens,88,Minutes
3832,s3833,Movie,Che Sandoval,Chile,"May 11, 2019",2018,Mature Adults,100,Minutes
3833,s3834,Movie,Jean-Bernard Marlin,France,"May 11, 2019",2019,Mature Adults,111,Minutes
3834,s3835,Movie,Yee Tung-Shing,Hong Kong,"May 11, 2019",2011,14+ Teens,128,Minutes
3836,s3837,Movie,Patricia Font,Spain,"May 10, 2019",2018,Mature Adults,98,Minutes
3841,s3842,Movie,Amy Poehler,United States,"May 10, 2019",2019,Restricted,104,Minutes
3842,s3843,Movie,Yen Cheng-kuo,Taiwan,"May 9, 2019",2018,Mature Adults,126,Minutes
3857,s3858,Movie,"Alex Parkinson, Richard da Costa",United Kingdom,"May 6, 2019",2019,Mature Adults,86,Minutes
3858,s3859,Movie,Frant Gwo,China,"May 6, 2019",2019,Mature Adults,125,Minutes
3859,s3860,Movie,Hao Wu,United States,"May 3, 2019",2019,14+ Teens,40,Minutes
3860,s3861,TV Show,Felipe Cano,Mexico,"May 3, 2019",2019,Mature Adults,1,Seasons
3862,s3863,Movie,Gabriela Tagliavini,Spain,"May 3, 2019",2019,Mature Adults,79,Minutes
3863,s3864,Movie,Joe Berlinger,United States,"May 3, 2019",2019,Restricted,110,Minutes
3865,s3866,Movie,Lee Jeong-beom,South Korea,"May 3, 2019",2018,Mature Adults,128,Minutes
3866,s3867,Movie,William Bindley,United States,"May 3, 2019",2019,14+ Teens,110,Minutes
3868,s3869,Movie,Manav Shah,India,"May 2, 2019",2018,Parental Guidance,116,Minutes
3869,s3870,Movie,Antoine Fuqua,United States,"May 2, 2019",2013,Restricted,119,Minutes
3871,s3872,Movie,Michael Epstein,United Kingdom,"May 1, 2019",2018,Mature Adults,90,Minutes
3872,s3873,Movie,Rachel Lears,United States,"May 1, 2019",2019,Parental Guidance,88,Minutes
3873,s3874,Movie,Syamsul Yusof,Malaysia,"May 1, 2019",2018,Mature Adults,104,Minutes
3874,s3875,Movie,Mangesh Kanthale,India,"May 1, 2019",2019,14+ Teens,140,Minutes
3875,s3876,Movie,Herman Yau,Hong Kong,"April 30, 2019",2019,Mature Adults,92,Minutes
3877,s3878,Movie,Marcus Raboy,United States,"April 30, 2019",2019,Mature Adults,64,Minutes
3885,s3886,Movie,Dar Gai,India,"April 29, 2019",2018,Mature Adults,119,Minutes
3888,s3889,Movie,Fernando Ayllón,Colombia,"April 26, 2019",2019,Mature Adults,91,Minutes
3889,s3890,Movie,Yılmaz Erdoğan,Turkey,"April 26, 2019",2019,Mature Adults,122,Minutes
3890,s3891,Movie,Sathyan Anthikad,India,"April 26, 2019",2018,Parental Guidance,125,Minutes
3891,s3892,Movie,Brian Oakes,United States,"April 26, 2019",2019,14+ Teens,49,Minutes
3894,s3895,Movie,Bille August,Denmark,"April 20, 2019",2018,Mature Adults,168,Minutes
3899,s3900,Movie,Sarthak Dasgupta,India,"April 19, 2019",2019,14+ Teens,102,Minutes
3903,s3904,Movie,Jennifer Kaytin Robinson,United States,"April 19, 2019",2019,Restricted,92,Minutes
3904,s3905,Movie,Renato De Maria,Italy,"April 19, 2019",2019,Mature Adults,111,Minutes
3905,s3906,Movie,Alan Rickman,United Kingdom,"April 17, 2019",2014,Restricted,113,Minutes
3906,s3907,Movie,Ulises Valencia,Mexico,"April 17, 2019",2019,Mature Adults,54,Minutes
3908,s3909,Movie,Richard Curtis,United Kingdom,"April 16, 2019",2013,Restricted,123,Minutes
3910,s3911,Movie,Nagesh Kukunoor,India,"April 15, 2019",2001,Mature Adults,102,Minutes
3911,s3912,Movie,Suparn Verma,India,"April 15, 2019",2005,14+ Teens,141,Minutes
3912,s3913,Movie,Vlad Yudin,United States,"April 15, 2019",2018,Mature Adults,95,Minutes
3913,s3914,Movie,Sudhir Mishra,India,"April 15, 2019",2003,Mature Adults,111,Minutes
3914,s3915,Movie,Sujoy Ghosh,India,"April 15, 2019",2003,14+ Teens,131,Minutes
3915,s3916,Movie,Anant Balani,India,"April 15, 2019",2003,14+ Teens,116,Minutes
3916,s3917,Movie,Soukarya Ghosal,India,"April 15, 2019",2018,14+ Teens,119,Minutes
3917,s3918,Movie,Leena Yadav,India,"April 15, 2019",2005,14+ Teens,146,Minutes
3918,s3919,Movie,Amitabha Singh,India,"April 15, 2019",2016,Parental Guidance,101,Minutes
3919,s3920,Movie,Dallas Jackson,United States,"April 14, 2019",2018,Mature Adults,87,Minutes
3921,s3922,Movie,Jota Linares,Spain,"April 13, 2019",2019,Mature Adults,94,Minutes
3922,s3923,Movie,Hasan Karacadağ,Turkey,"April 12, 2019",2014,Mature Adults,133,Minutes
3923,s3924,Movie,Hasan Karacadağ,Turkey,"April 12, 2019",2013,Mature Adults,135,Minutes
3926,s3927,Movie,Chris Nelson,United States,"April 12, 2019",2019,14+ Teens,91,Minutes
3928,s3929,TV Show,"Lee Kyoungmi, Yim Pilsung, Jeon Go-woon, Kim Jong-kwan",South Korea,"April 11, 2019",2019,Mature Adults,1,Seasons
3929,s3930,Movie,Fernando Ayllón,Brazil,"April 10, 2019",2019,14+ Teens,59,Minutes
3930,s3931,Movie,John R. Leonetti,Canada,"April 10, 2019",2019,Parents Strongly Cautioned,91,Minutes
3932,s3933,Movie,Rajiv Menon,India,"April 8, 2019",2018,14+ Teens,131,Minutes
3935,s3936,Movie,Jeremiah Jones,United States,"April 5, 2019",2019,Mature Adults,88,Minutes
3939,s3940,Movie,Karthik Subbaraj,India,"April 5, 2019",2019,14+ Teens,170,Minutes
3945,s3946,Movie,Brie Larson,United States,"April 5, 2019",2019,14+ Teens,92,Minutes
3948,s3949,Movie,"Rocky Soraya, Anggy Umbara",Indonesia,"April 3, 2019",2018,Mature Adults,126,Minutes
3950,s3951,Movie,Shelly Chopra Dhar,India,"April 2, 2019",2019,14+ Teens,120,Minutes
3951,s3952,Movie,Shanjey Kumar Perumal,Malaysia,"April 2, 2019",2015,Mature Adults,76,Minutes
3952,s3953,Movie,Leslie Small,United States,"April 2, 2019",2019,Mature Adults,60,Minutes
3954,s3955,Movie,Tianyu Zhao,China,"April 1, 2019",2016,14+ Teens,103,Minutes
3955,s3956,Movie,Shazia Ali Khan,Pakistan,"April 1, 2019",2018,Mature Adults,124,Minutes
3957,s3958,Movie,Erik White,United States,"April 1, 2019",2017,Mature Adults,91,Minutes
3959,s3960,Movie,Owen Egerton,United States,"March 31, 2019",2019,14+ Teens,88,Minutes
3960,s3961,Movie,"Sam ""Blitz"" Bazawule",Ghana,"March 31, 2019",2018,14+ Teens,81,Minutes
3962,s3963,Movie,Swapnaneel Jayakar,India,"March 29, 2019",2019,14+ Teens,124,Minutes
3963,s3964,Movie,Kyzza Terrazas,Mexico,"March 29, 2019",2019,Mature Adults,102,Minutes
3966,s3967,Movie,John Lee Hancock,United States,"March 29, 2019",2019,Restricted,132,Minutes
3967,s3968,Movie,Theo Love,United States,"March 29, 2019",2019,Mature Adults,87,Minutes
3972,s3973,Movie,Awi Suryadi,Indonesia,"March 27, 2019",2017,Mature Adults,75,Minutes
3973,s3974,Movie,Hanung Bramantyo,Indonesia,"March 27, 2019",2008,Parental Guidance,126,Minutes
3974,s3975,Movie,Ryan Polito,United States,"March 26, 2019",2019,Parental Guidance,61,Minutes
3975,s3976,Movie,Raj Babu,India,"March 25, 2019",2018,14+ Teens,126,Minutes
3977,s3978,Movie,Javier Ruiz Caldera,Spain,"March 24, 2019",2018,Mature Adults,108,Minutes
3978,s3979,Movie,"Chanon Yingyong, Phuwanit Pholdee",Thailand,"March 23, 2019",2017,Mature Adults,100,Minutes
3982,s3983,Movie,Oriol Paulo,Spain,"March 22, 2019",2018,Mature Adults,129,Minutes
3983,s3984,Movie,Stuart Sender,United States,"March 22, 2019",2019,Mature Adults,71,Minutes
3985,s3986,Movie,Jeff Tremaine,United States,"March 22, 2019",2019,Mature Adults,108,Minutes
3990,s3991,Movie,Wenn V. Deramas,Philippines,"March 21, 2019",2014,14+ Teens,105,Minutes
3991,s3992,Movie,Joyce Bernal,Philippines,"March 21, 2019",2016,14+ Teens,115,Minutes
3992,s3993,Movie,Jason Paul Laxamana,Philippines,"March 21, 2019",2016,Mature Adults,118,Minutes
3993,s3994,Movie,Maryo J. De los Reyes,Philippines,"March 21, 2019",2016,Mature Adults,130,Minutes
3994,s3995,Movie,Theodore Boborol,Philippines,"March 21, 2019",2016,Parental Guidance,115,Minutes
3995,s3996,Movie,Luis Ara,Uruguay,"March 20, 2019",2019,Mature Adults,69,Minutes
3997,s3998,Movie,"Karan Shivajirao Chavan, Vikram Tanajirao Patil",India,"March 20, 2019",2018,Parental Guidance,97,Minutes
3999,s4000,Movie,Amy Schumer,United States,"March 19, 2019",2019,Mature Adults,61,Minutes
4000,s4001,Movie,Richard Loncraine,United States,"March 17, 2019",2014,Parents Strongly Cautioned,92,Minutes
4002,s4003,Movie,Pia Sukanya,United Arab Emirates,"March 15, 2019",2018,Mature Adults,108,Minutes
4003,s4004,Movie,Yann Gozlan,France,"March 15, 2019",2017,Mature Adults,104,Minutes
4004,s4005,Movie,Francesco Imperato,Italy,"March 15, 2019",2019,Mature Adults,65,Minutes
4005,s4006,Movie,Lukas Dhont,Netherlands,"March 15, 2019",2018,Restricted,106,Minutes
4007,s4008,Movie,Manny Rodriguez,United States,"March 15, 2019",2006,Mature Adults,69,Minutes
4008,s4009,Movie,"Michael Simon, Matthew McNeil",United States,"March 15, 2019",2011,Mature Adults,97,Minutes
4009,s4010,Movie,Manny Rodriguez,United States,"March 15, 2019",2012,Mature Adults,80,Minutes
4010,s4011,Movie,Michael Simon,United States,"March 15, 2019",2008,Mature Adults,85,Minutes
4011,s4012,Movie,Frank W Chen,United States,"March 15, 2019",2018,14+ Teens,98,Minutes
4013,s4014,Movie,Adrian Teh,Malaysia,"March 15, 2019",2018,14+ Teens,115,Minutes
4017,s4018,Movie,Maryo J. De los Reyes,Philippines,"March 14, 2019",2007,14+ Teens,117,Minutes
4018,s4019,Movie,Olivia M. Lamasan,Philippines,"March 14, 2019",2016,14+ Teens,132,Minutes
4019,s4020,Movie,Joyce Bernal,Philippines,"March 14, 2019",2016,Mature Adults,127,Minutes
4020,s4021,Movie,Theodore Boborol,Philippines,"March 14, 2019",2017,14+ Teens,125,Minutes
4021,s4022,Movie,Cathy Garcia-Molina,Philippines,"March 14, 2019",2017,Mature Adults,128,Minutes
4024,s4025,Movie,J.C. Chandor,United States,"March 13, 2019",2019,Restricted,126,Minutes
4031,s4032,Movie,"Ibrahim Bin Mohamed, Hasan Aljaberi",United Arab Emirates,"March 8, 2019",2018,14+ Teens,116,Minutes
4033,s4034,Movie,Clark Johnson,United States,"March 8, 2019",2019,Mature Adults,90,Minutes
4034,s4035,Movie,Emmanuel Mouret,France,"March 8, 2019",2019,Mature Adults,111,Minutes
4036,s4037,Movie,Conor Allyn,United States,"March 8, 2019",2019,Parental Guidance,100,Minutes
4037,s4038,Movie,Haifaa Al-Mansour,United States,"March 7, 2019",2018,Mature Adults,99,Minutes
4038,s4039,Movie,Wenn V. Deramas,Philippines,"March 7, 2019",2012,14+ Teens,105,Minutes
4039,s4040,Movie,Olivia M. Lamasan,Philippines,"March 7, 2019",2014,14+ Teens,128,Minutes
4040,s4041,Movie,Antoinette Jadaone,Philippines,"March 7, 2019",2015,Mature Adults,91,Minutes
4041,s4042,Movie,Nuel Naval,Philippines,"March 7, 2019",2015,Mature Adults,127,Minutes
4045,s4046,Movie,Keoni Waxman,United States,"March 5, 2019",2019,Mature Adults,94,Minutes
4046,s4047,Movie,Mae Czarina Cruz,Philippines,"March 4, 2019",2015,14+ Teens,124,Minutes
4047,s4048,Movie,Ruel S. Bayani,Philippines,"March 4, 2019",2011,Mature Adults,103,Minutes
4048,s4049,Movie,Isao Yukisada,Japan,"March 2, 2019",2018,Mature Adults,118,Minutes
4050,s4051,Movie,Fritz Ofner,Austria,"March 2, 2019",2018,Mature Adults,89,Minutes
4051,s4052,Movie,Nottapon Boonprakob,Thailand,"March 1, 2019",2018,Mature Adults,89,Minutes
4052,s4053,Movie,Nawapol Thamrongrattanarit,Thailand,"March 1, 2019",2018,14+ Teens,108,Minutes
4053,s4054,Movie,Xavier Gens,France,"March 1, 2019",2018,Mature Adults,103,Minutes
4058,s4059,Movie,Jonathan A. Rosenbaum,Canada,"March 1, 2019",2014,General Audience,87,Minutes
4059,s4060,Movie,Franck Phelizon,United States,"March 1, 2019",2018,14+ Teens,93,Minutes
4060,s4061,Movie,Peter Howitt,United States,"March 1, 2019",2012,General Audience,90,Minutes
4062,s4063,Movie,Chiwetel Ejiofor,United Kingdom,"March 1, 2019",2019,Parental Guidance,114,Minutes
4064,s4065,Movie,"Rodrigo Salomón, Pietro Scappini",Paraguay,"March 1, 2019",2018,Mature Adults,107,Minutes
4065,s4066,Movie,Mark Waters,United States,"March 1, 2019",2008,Parental Guidance,97,Minutes
4066,s4067,Movie,Miguel Ángel Vivas,Spain,"March 1, 2019",2018,Mature Adults,103,Minutes
4067,s4068,Movie,Carlos Vermut,Spain,"February 28, 2019",2018,Mature Adults,125,Minutes
4068,s4069,Movie,Cathy Garcia-Molina,Philippines,"February 27, 2019",2015,Mature Adults,130,Minutes
4069,s4070,Movie,Wenn V. Deramas,Philippines,"February 27, 2019",2015,14+ Teens,119,Minutes
4070,s4071,Movie,Mae Czarina Cruz,Philippines,"February 27, 2019",2014,Parental Guidance,110,Minutes
4071,s4072,Movie,Mae Czarina Cruz,Philippines,"February 27, 2019",2017,14+ Teens,120,Minutes
4072,s4073,Movie,Sridhar Rangayan,India,"February 27, 2019",2018,Parental Guidance,102,Minutes
4073,s4074,Movie,Cathy Garcia-Molina,Philippines,"February 27, 2019",2013,14+ Teens,125,Minutes
4074,s4075,Movie,Cathy Garcia-Molina,Philippines,"February 27, 2019",2013,Parental Guidance,127,Minutes
4075,s4076,Movie,Cathy Garcia-Molina,Philippines,"February 27, 2019",2017,14+ Teens,121,Minutes
4076,s4077,Movie,Cathy Garcia-Molina,Philippines,"February 27, 2019",2014,14+ Teens,113,Minutes
4077,s4078,Movie,Dan Villegas,Philippines,"February 27, 2019",2015,Mature Adults,118,Minutes
4078,s4079,Movie,Olivia M. Lamasan,Philippines,"February 27, 2019",2012,Mature Adults,132,Minutes
4080,s4081,Movie,Michael Blieden,United States,"February 26, 2019",2006,Mature Adults,61,Minutes
4081,s4082,Movie,Pawan K Shrivastava,India,"February 25, 2019",2018,Parental Guidance,80,Minutes
4082,s4083,Movie,Mar Targarona,Spain,"February 23, 2019",2018,Mature Adults,110,Minutes
4083,s4084,Movie,Ryan Polito,United States,"February 22, 2019",2016,Mature Adults,70,Minutes
4085,s4086,Movie,Aruna Raje,India,"February 22, 2019",2019,Mature Adults,117,Minutes
4086,s4087,Movie,Alex Lehmann,United States,"February 22, 2019",2019,Mature Adults,89,Minutes
4087,s4088,Movie,Elisabeth Vogler,France,"February 22, 2019",2019,Mature Adults,84,Minutes
4088,s4089,Movie,Parambrata Chatterjee,India,"February 22, 2019",2018,Parental Guidance,131,Minutes
4091,s4092,Movie,Woo Min-ho,South Korea,"February 21, 2019",2018,Mature Adults,139,Minutes
4092,s4093,Movie,Paul Miller,United States,"February 20, 2019",2001,Parental Guidance,42,Minutes
4093,s4094,Movie,Michael Del Monte,Canada,"February 20, 2019",2017,Mature Adults,79,Minutes
4094,s4095,Movie,Suseenthiran,India,"February 17, 2019",2018,14+ Teens,96,Minutes
4095,s4096,Movie,Kevin MacDonald,United Kingdom,"February 16, 2019",2015,Restricted,114,Minutes
4096,s4097,Movie,Matt Tyrnauer,United States,"February 16, 2019",2018,Mature Adults,99,Minutes
4097,s4098,Movie,Prasanth Varma,India,"February 15, 2019",2018,Mature Adults,111,Minutes
4098,s4099,Movie,Gangadhar Salimath,India,"February 15, 2019",2017,Mature Adults,112,Minutes
4099,s4100,Movie,Daniel J. Clark,United States,"February 15, 2019",2018,14+ Teens,96,Minutes
4100,s4101,Movie,Marcelo Galvão,Brazil,"February 15, 2019",2012,Mature Adults,103,Minutes
4101,s4102,Movie,Shanawaz Nellikunnil,India,"February 15, 2019",2017,Mature Adults,104,Minutes
4102,s4103,Movie,Sudhir Mishra,India,"February 15, 2019",2004,14+ Teens,102,Minutes
4103,s4104,Movie,Rajat Kapoor,India,"February 15, 2019",2012,14+ Teens,97,Minutes
4104,s4105,TV Show,Lars Kaalund,Denmark,"February 15, 2019",2015,Mature Adults,1,Seasons
4106,s4107,Movie,Hari Nath,India,"February 15, 2019",2018,14+ Teens,132,Minutes
4107,s4108,Movie,Saket Chaudhary,India,"February 15, 2019",2006,Mature Adults,120,Minutes
4108,s4109,Movie,Tanuja Chandra,India,"February 15, 2019",2002,14+ Teens,137,Minutes
4110,s4111,Movie,"Jackie van Beek, Madeleine Sami",New Zealand,"February 15, 2019",2018,Mature Adults,82,Minutes
4112,s4113,Movie,Sachin Kamlakar Khot,India,"February 15, 2019",2008,14+ Teens,115,Minutes
4113,s4114,Movie,Daniel Monzón,Spain,"February 15, 2019",2018,Mature Adults,130,Minutes
4115,s4116,Movie,Jon M. Chu,United States,"February 14, 2019",2019,Mature Adults,62,Minutes
4117,s4118,Movie,Rayka Zehtabchi,United States,"February 12, 2019",2018,Parental Guidance,26,Minutes
4120,s4121,Movie,Steven Soderbergh,United States,"February 8, 2019",2019,Mature Adults,91,Minutes
4121,s4122,Movie,Tom Stern,United States,"February 8, 2019",2019,Parental Guidance,63,Minutes
4123,s4124,Movie,Kelly Duane de la Vega,United States,"February 8, 2019",2019,Mature Adults,74,Minutes
4124,s4125,Movie,Julio Medem,Spain,"February 8, 2019",2018,Mature Adults,136,Minutes
4128,s4129,Movie,Michael Showalter,United States,"February 5, 2019",2019,Mature Adults,59,Minutes
4133,s4134,Movie,Johnny Kevorkian,United Kingdom,"February 2, 2019",2018,Mature Adults,91,Minutes
4134,s4135,Movie,Amshan Kumar,India,"February 2, 2019",2017,14+ Teens,93,Minutes
4135,s4136,Movie,"Adam Davis, Jerry Kolber, Trey Nelson, Erich Sturm",United States,"February 1, 2019",2016,Mature Adults,84,Minutes
4136,s4137,Movie,"Hsu Chih-yen, Mag Hsu",Taiwan,"February 1, 2019",2018,Mature Adults,100,Minutes
4138,s4139,Movie,Rick Morales,United States,"February 1, 2019",2014,Kids 7+,22,Minutes
4139,s4140,Movie,Michael D. Black,United States,"February 1, 2019",2018,Kids 7+,22,Minutes
4146,s4147,Movie,Dan Gilroy,United States,"February 1, 2019",2019,Restricted,113,Minutes
4147,s4148,Movie,Mamat Khalid,Malaysia,"January 31, 2019",2018,Parental Guidance,110,Minutes
4148,s4149,Movie,Pang Ho-cheung,China,"January 31, 2019",2017,Mature Adults,120,Minutes
4151,s4152,Movie,Pankaj Batra,India,"January 30, 2019",2010,14+ Teens,127,Minutes
4152,s4153,Movie,Nishil Sheth,India,"January 29, 2019",2017,14+ Teens,74,Minutes
4154,s4155,Movie,Byun Hyuk,South Korea,"January 29, 2019",2018,Mature Adults,137,Minutes
4155,s4156,Movie,Zoe Berriatúa,Spain,"January 29, 2019",2018,Mature Adults,86,Minutes
4157,s4158,Movie,Faozan Rizal,Indonesia,"January 28, 2019",2012,14+ Teens,125,Minutes
4158,s4159,Movie,Mansore,India,"January 28, 2019",2018,Mature Adults,114,Minutes
4159,s4160,Movie,Hanung Bramantyo,Indonesia,"January 28, 2019",2016,14+ Teens,143,Minutes
4160,s4161,Movie,Kuntz Agus,Indonesia,"January 28, 2019",2015,14+ Teens,121,Minutes
4161,s4162,Movie,"Hanung Bramantyo, Meisa Felaroze",Indonesia,"January 28, 2019",2017,14+ Teens,119,Minutes
4164,s4165,Movie,Jerrold Tarog,Philippines,"January 26, 2019",2018,Mature Adults,150,Minutes
4165,s4166,Movie,"Laura Alvea, José Ortuño",Spain,"January 25, 2019",2018,Mature Adults,88,Minutes
4169,s4170,Movie,Gastón Duprat,Argentina,"January 25, 2019",2018,Mature Adults,105,Minutes
4173,s4174,Movie,"Andy Caballero, Diego Corsini",Argentina,"January 24, 2019",2018,Mature Adults,96,Minutes
4174,s4175,TV Show,Seren Yüce,Turkey,"January 23, 2019",2017,Mature Adults,1,Seasons
4176,s4177,Movie,Chris Smith,United States,"January 18, 2019",2019,Mature Adults,98,Minutes
4177,s4178,Movie,Jonathan Helpert,United States,"January 18, 2019",2019,14+ Teens,96,Minutes
4180,s4181,Movie,André D'Elia,Brazil,"January 18, 2019",2018,14+ Teens,96,Minutes
4181,s4182,Movie,Matías Gueilburt,Mexico,"January 18, 2019",2019,Mature Adults,90,Minutes
4182,s4183,Movie,Ivan Ayr,India,"January 18, 2019",2018,Mature Adults,97,Minutes
4185,s4186,Movie,Skye Borgman,United States,"January 15, 2019",2017,14+ Teens,90,Minutes
4186,s4187,Movie,Hashim Nadeem Khan,Pakistan,"January 15, 2019",2016,14+ Teens,88,Minutes
4188,s4189,Movie,Sarjun,India,"January 15, 2019",2018,14+ Teens,127,Minutes
4190,s4191,Movie,Feroz,India,"January 15, 2019",2017,Mature Adults,125,Minutes
4191,s4192,Movie,Syed Atif Ali,Pakistan,"January 15, 2019",2018,14+ Teens,116,Minutes
4192,s4193,Movie,Lee Seung-won,South Korea,"January 15, 2019",2018,Mature Adults,102,Minutes
4193,s4194,Movie,Rik Reinholdtsen,United States,"January 15, 2019",2019,Mature Adults,65,Minutes
4194,s4195,Movie,Rocky Soraya,Indonesia,"January 15, 2019",2016,Mature Adults,106,Minutes
4195,s4196,Movie,Rocky Soraya,Indonesia,"January 15, 2019",2017,Mature Adults,117,Minutes
4197,s4198,Movie,Gauravv K Chawla,India,"January 13, 2019",2018,Mature Adults,136,Minutes
4198,s4199,Movie,Dan Villegas,Philippines,"January 11, 2019",2017,Mature Adults,104,Minutes
4203,s4204,Movie,Bent-Jorgen Perlmutt,United States,"January 11, 2019",2019,Mature Adults,65,Minutes
4204,s4205,Movie,Hugo Stuven,Spain,"January 11, 2019",2018,Mature Adults,91,Minutes
4205,s4206,Movie,Greg Pritikin,United States,"January 11, 2019",2019,Mature Adults,99,Minutes
4208,s4209,Movie,"Kobun Shizuno, Hiroyuki Seshita",Japan,"January 9, 2019",2018,Parental Guidance,91,Minutes
4209,s4210,Movie,Kunal Kohli,India,"January 9, 2019",2018,14+ Teens,117,Minutes
4210,s4211,Movie,Noor Imran Mithu,Bangladesh,"January 7, 2019",2018,14+ Teens,95,Minutes
4211,s4212,Movie,Nonzee Nimibutr,Thailand,"January 5, 2019",1999,Mature Adults,101,Minutes
4212,s4213,Movie,Ísold Uggadóttir,Iceland,"January 4, 2019",2018,14+ Teens,102,Minutes
4214,s4215,Movie,Genevieve Nnaji,Nigeria,"January 4, 2019",2018,Parental Guidance,95,Minutes
4217,s4218,Movie,"Terry Gilliam, Terry Jones",United Kingdom,"January 2, 2019",1975,Parental Guidance,92,Minutes
4219,s4220,Movie,Yanyong Kuruaungkoul,Thailand,"January 1, 2019",2015,14+ Teens,111,Minutes
4221,s4222,Movie,Lenin Bharathi,India,"January 1, 2019",2018,Mature Adults,115,Minutes
4222,s4223,Movie,Jay Chapman,United States,"January 1, 2019",2012,Mature Adults,61,Minutes
4223,s4224,Movie,Kunihiko Yuyama,Japan,"January 1, 2019",2017,Kids 7+,97,Minutes
4224,s4225,Movie,Ranjit Jeyakodi,India,"January 1, 2019",2017,Mature Adults,120,Minutes
4225,s4226,Movie,Ram,India,"January 1, 2019",2017,Mature Adults,148,Minutes
4228,s4229,Movie,John Fortenberry,United States,"January 1, 2019",2010,Mature Adults,48,Minutes
4229,s4230,Movie,John Fortenberry,United Kingdom,"December 31, 2018",1991,Mature Adults,28,Minutes
4231,s4232,Movie,Chris Bould,United Kingdom,"December 31, 2018",1992,Mature Adults,61,Minutes
4232,s4233,Movie,Chris Bould,United Kingdom,"December 31, 2018",1993,Mature Adults,56,Minutes
4233,s4234,Movie,"Kevin Booth, David Johndrow",United States,"December 31, 2018",1989,Mature Adults,81,Minutes
4236,s4237,Movie,Julio Fernández Talamantes,Mexico,"December 31, 2018",2016,Mature Adults,100,Minutes
4237,s4238,Movie,Walter C. Miller,United States,"December 31, 2018",1987,Mature Adults,50,Minutes
4238,s4239,Movie,Walter C. Miller,United States,"December 31, 2018",1991,Mature Adults,49,Minutes
4239,s4240,Movie,Walter C. Miller,United States,"December 31, 2018",1991,Mature Adults,71,Minutes
4243,s4244,Movie,Noriyuki Abe,Japan,"December 31, 2018",2018,14+ Teens,100,Minutes
4244,s4245,Movie,Ellen Brown,United States,"December 31, 2018",1990,Mature Adults,30,Minutes
4246,s4247,Movie,Matt Askem,United Kingdom,"December 31, 2018",2011,Mature Adults,146,Minutes
4247,s4248,Movie,Matt Askem,United Kingdom,"December 31, 2018",2008,Mature Adults,127,Minutes
4248,s4249,Movie,Jay Chapman,United States,"December 31, 2018",2012,Mature Adults,46,Minutes
4249,s4250,Movie,Rob Zombie,United States,"December 31, 2018",2011,14+ Teens,57,Minutes
4252,s4253,Movie,Álvaro Brechner,Uruguay,"December 28, 2018",2018,Mature Adults,122,Minutes
4255,s4256,Movie,Rakesh Mehta,India,"December 28, 2018",2012,Mature Adults,109,Minutes
4259,s4260,Movie,Gonzalo Bendala,Spain,"December 28, 2018",2018,Mature Adults,96,Minutes
4262,s4263,TV Show,Noam Murro,United Kingdom,"December 23, 2018",2018,Parental Guidance,1,Seasons
4267,s4268,Movie,Kheiron,France,"December 21, 2018",2018,Mature Adults,105,Minutes
4268,s4269,Movie,Susanne Bier,United States,"December 21, 2018",2018,Restricted,124,Minutes
4275,s4276,Movie,Irek Dobrowolski,Poland,"December 21, 2018",2018,Mature Adults,105,Minutes
4277,s4278,Movie,Gilbert Chan,Singapore,"December 20, 2018",2011,Restricted,78,Minutes
4278,s4279,Movie,Rarecho,Japan,"December 20, 2018",2018,Parental Guidance,22,Minutes
4280,s4281,Movie,Steve Cheng,Singapore,"December 20, 2018",2012,Mature Adults,95,Minutes
4281,s4282,Movie,Sam Loh,Singapore,"December 20, 2018",2015,Mature Adults,82,Minutes
4282,s4283,Movie,Jason Lai,Singapore,"December 20, 2018",2014,Mature Adults,89,Minutes
4283,s4284,Movie,Samit Kakkad,India,"December 19, 2018",2018,Mature Adults,90,Minutes
4284,s4285,TV Show,"Joel Gallen, Tig Notaro",United States,"December 18, 2018",2018,Mature Adults,1,Seasons
4285,s4286,Movie,Prasobh Vijayan,India,"December 17, 2018",2018,Mature Adults,85,Minutes
4286,s4287,Movie,Jon Rosenbaum,United States,"December 17, 2018",2018,General Audience,29,Minutes
4287,s4288,Movie,Sriram Raghavan,India,"December 16, 2018",2018,14+ Teens,137,Minutes
4289,s4290,Movie,"Elaine Bogan, John Sanford",United States,"December 16, 2018",2014,Parental Guidance,27,Minutes
4291,s4292,Movie,Michael Cuesta,United States,"December 16, 2018",2014,Restricted,112,Minutes
4292,s4293,Movie,David Cronenberg,Canada,"December 16, 2018",2014,Restricted,112,Minutes
4293,s4294,Movie,Thom Zimny,United States,"December 16, 2018",2018,Mature Adults,153,Minutes
4294,s4295,Movie,James Marsh,United Kingdom,"December 16, 2018",2014,Parents Strongly Cautioned,123,Minutes
4295,s4296,Movie,Sean Olson,United States,"December 15, 2018",2018,Parental Guidance,90,Minutes
4297,s4298,Movie,Sigrid Andrea Bernardo,Philippines,"December 15, 2018",2017,14+ Teens,84,Minutes
4299,s4300,Movie,Matt Askem,United States,"December 15, 2018",2018,Mature Adults,79,Minutes
4301,s4302,Movie,Matt Askem,United States,"December 15, 2018",2018,Mature Adults,83,Minutes
4302,s4303,Movie,Guillermo de Oliveira,Spain,"December 15, 2018",2017,14+ Teens,83,Minutes
4303,s4304,Movie,Manoj Beedha,India,"December 15, 2018",2018,Mature Adults,145,Minutes
4306,s4307,Movie,Alfonso Cuarón,Mexico,"December 14, 2018",2018,Restricted,135,Minutes
4313,s4314,Movie,"John Hoffman, Nanfu Wang",United States,"December 12, 2018",2018,Parental Guidance,35,Minutes
4314,s4315,Movie,Marcus Raboy,United States,"December 11, 2018",2018,Mature Adults,68,Minutes
4315,s4316,Movie,Marco Risi,Italy,"December 7, 2018",2018,14+ Teens,96,Minutes
4317,s4318,Movie,Anne Fletcher,United States,"December 7, 2018",2018,Parents Strongly Cautioned,110,Minutes
4319,s4320,Movie,Andy Serkis,United Kingdom,"December 7, 2018",2018,Parents Strongly Cautioned,105,Minutes
4321,s4322,TV Show,Mat King,Australia,"December 7, 2018",2018,Mature Adults,1,Seasons
4324,s4325,Movie,Bert Marcus,United States,"December 7, 2018",2018,Mature Adults,98,Minutes
4328,s4329,Movie,Ahsan Rahim,Pakistan,"December 2, 2018",2018,14+ Teens,155,Minutes
4329,s4330,Movie,Andrew Lau Wai-Keung,China,"December 1, 2018",2011,14+ Teens,122,Minutes
4330,s4331,Movie,Cheang Pou Soi,Hong Kong,"December 1, 2018",2009,Mature Adults,87,Minutes
4331,s4332,Movie,Enrique García Meza,Mexico,"December 1, 2018",2018,Mature Adults,73,Minutes
4332,s4333,Movie,Katarina Launing,Norway,"December 1, 2018",2018,Mature Adults,98,Minutes
4333,s4334,Movie,Johnnie To,Hong Kong,"December 1, 2018",2013,Mature Adults,130,Minutes
4334,s4335,Movie,Lawrence Cheng,Hong Kong,"December 1, 2018",2014,14+ Teens,105,Minutes
4335,s4336,Movie,Prakash Balwant Saini,India,"December 1, 2018",2014,14+ Teens,110,Minutes
4336,s4337,Movie,Nam Ron,Malaysia,"December 1, 2018",2018,14+ Teens,81,Minutes
4337,s4338,Movie,Johnnie To,Hong Kong,"December 1, 2018",2011,Parental Guidance,115,Minutes
4338,s4339,Movie,Johnnie To,Hong Kong,"December 1, 2018",2014,14+ Teens,113,Minutes
4339,s4340,Movie,Baljit Singh Deo,Australia,"December 1, 2018",2015,14+ Teens,146,Minutes
4341,s4342,Movie,"Leung Lok Man, Luk Kim-ching",Hong Kong,"December 1, 2018",2015,14+ Teens,118,Minutes
4342,s4343,Movie,Jazz Boon,China,"December 1, 2018",2016,Mature Adults,109,Minutes
4343,s4344,Movie,Andrew Lau Wai-Keung,Hong Kong,"December 1, 2018",2009,14+ Teens,117,Minutes
4345,s4346,Movie,Felix Chong,Hong Kong,"December 1, 2018",2010,Mature Adults,95,Minutes
4346,s4347,Movie,Dhanush,India,"December 1, 2018",2017,Mature Adults,124,Minutes
4348,s4349,Movie,Gary Mak,Hong Kong,"December 1, 2018",2013,Mature Adults,96,Minutes
4349,s4350,Movie,Liu Jiang,China,"December 1, 2018",2008,Mature Adults,96,Minutes
4351,s4352,Movie,John Schultz,United States,"November 30, 2018",2018,Parental Guidance,93,Minutes
4352,s4353,Movie,Damien O’Connor,Ireland,"November 30, 2018",2018,Children,30,Minutes
4354,s4355,Movie,"Joseduardo Giordano, Sergio Goyri Jr.",Mexico,"November 30, 2018",2018,Mature Adults,82,Minutes
4355,s4356,Movie,Alice Rohrwacher,Italy,"November 30, 2018",2018,Parents Strongly Cautioned,127,Minutes
4357,s4358,Movie,Nandita Das,India,"November 30, 2018",2018,Mature Adults,114,Minutes
4358,s4359,Movie,Leena Yadav,India,"November 30, 2018",2018,Mature Adults,119,Minutes
4360,s4361,Movie,Romain Gavras,France,"November 30, 2018",2018,Mature Adults,101,Minutes
4361,s4362,Movie,Sebastián Hofmann,Mexico,"November 30, 2018",2018,Mature Adults,96,Minutes
4364,s4365,Movie,"Denny Lu, Mike Myhre",United States,"November 25, 2018",2018,Children,44,Minutes
4369,s4370,Movie,Clay Kaytis,United States,"November 22, 2018",2018,Parental Guidance,104,Minutes
4370,s4371,Movie,Fernando Colomo,Spain,"November 21, 2018",2018,Mature Adults,91,Minutes
4373,s4374,Movie,Robert Vince,United States,"November 20, 2018",2018,Parental Guidance,91,Minutes
4374,s4375,Movie,Rocky Soraya,Indonesia,"November 20, 2018",2018,Mature Adults,114,Minutes
4375,s4376,Movie,Raditya Dika,Indonesia,"November 20, 2018",2018,14+ Teens,91,Minutes
4377,s4378,Movie,David Paul Meyer,United States,"November 20, 2018",2018,Mature Adults,64,Minutes
4378,s4379,Movie,Leslie Iwerks,United States,"November 18, 2018",2007,General,89,Minutes
4382,s4383,Movie,Daniel Goldhaber,United States,"November 16, 2018",2018,Mature Adults,95,Minutes
4383,s4384,Movie,Fred Cavayé,France,"November 16, 2018",2018,Mature Adults,94,Minutes
4385,s4386,Movie,"Joel Coen, Ethan Coen",United States,"November 16, 2018",2018,Restricted,133,Minutes
4388,s4389,Movie,V C Abhilash,India,"November 15, 2018",2018,Parental Guidance,122,Minutes
4390,s4391,Movie,Justin G. Dyck,Canada,"November 15, 2018",2017,Parental Guidance,86,Minutes
4391,s4392,Movie,Nila Madhab Panda,India,"November 15, 2018",2018,14+ Teens,111,Minutes
4392,s4393,Movie,Timo Tjahjanto,Indonesia,"November 15, 2018",2018,Mature Adults,111,Minutes
4393,s4394,Movie,Nakul Singh Sawhney,India,"November 15, 2018",2015,Mature Adults,136,Minutes
4394,s4395,Movie,"Nishanth Ravindaran, Jathin Sanker Raj",India,"November 15, 2018",2018,14+ Teens,121,Minutes
4395,s4396,Movie,Swapna Waghmare Joshi,India,"November 15, 2018",2018,14+ Teens,119,Minutes
4396,s4397,Movie,"Aitor Arregi, Jon Garaño",Spain,"November 15, 2018",2017,14+ Teens,115,Minutes
4397,s4398,Movie,Erik Matti,Philippines,"November 13, 2018",2018,Mature Adults,128,Minutes
4401,s4402,Movie,Vincent Kok,Hong Kong,"November 9, 2018",2009,14+ Teens,99,Minutes
4402,s4403,Movie,Christian Zübert,Germany,"November 9, 2018",2017,Mature Adults,106,Minutes
4404,s4405,Movie,David Mackenzie,United Kingdom,"November 9, 2018",2018,Restricted,122,Minutes
4411,s4412,Movie,Tejas Prabha Vijay Deoskar,India,"November 5, 2018",2018,14+ Teens,129,Minutes
4414,s4415,Movie,Matheus Souza,Brazil,"November 2, 2018",2018,Mature Adults,116,Minutes
4416,s4417,Movie,Sara Dosa,United States,"November 2, 2018",2018,14+ Teens,59,Minutes
4417,s4418,Movie,Bradley Walsh,United States,"November 2, 2018",2018,General Audience,95,Minutes
4418,s4419,Movie,Orson Welles,France,"November 2, 2018",2018,Restricted,122,Minutes
4419,s4420,Movie,Morgan Neville,United States,"November 2, 2018",2018,Mature Adults,98,Minutes
4420,s4421,Movie,Indrajit Nattoji,India,"November 1, 2018",2009,14+ Teens,117,Minutes
4421,s4422,Movie,Raj Kumar Gupta,India,"November 1, 2018",2008,14+ Teens,95,Minutes
4422,s4423,Movie,Remo D'Souza,India,"November 1, 2018",2015,14+ Teens,146,Minutes
4423,s4424,Movie,Remo D'Souza,India,"November 1, 2018",2013,14+ Teens,136,Minutes
4424,s4425,Movie,Arnab Chaudhuri,India,"November 1, 2018",2011,14+ Teens,91,Minutes
4425,s4426,Movie,Rana Ranbir,India,"November 1, 2018",2018,14+ Teens,123,Minutes
4426,s4427,Movie,Anurag Basu,India,"November 1, 2018",2012,14+ Teens,144,Minutes
4427,s4428,Movie,Ken Ghosh,India,"November 1, 2018",2010,14+ Teens,121,Minutes
4428,s4429,Movie,Justin G. Dyck,Canada,"November 1, 2018",2018,Parental Guidance,91,Minutes
4429,s4430,Movie,"Priyadarshan, Kookie V. Gulati",India,"November 1, 2018",2006,14+ Teens,158,Minutes
4431,s4432,Movie,Vivek Agnihotri,United Kingdom,"November 1, 2018",2007,14+ Teens,157,Minutes
4432,s4433,Movie,Umesh Shukla,India,"November 1, 2018",2009,14+ Teens,124,Minutes
4433,s4434,Movie,Habib Faisal,India,"November 1, 2018",2010,Parental Guidance,106,Minutes
4434,s4435,Movie,Bobby Roth,United States,"November 1, 2018",2018,Mature Adults,92,Minutes
4435,s4436,Movie,Halder Gomes,Brazil,"November 1, 2018",2017,Mature Adults,80,Minutes
4437,s4438,Movie,Amitoj Mann,India,"November 1, 2018",2015,14+ Teens,126,Minutes
4438,s4439,Movie,Raj Kumar Gupta,India,"November 1, 2018",2013,Mature Adults,129,Minutes
4439,s4440,Movie,B. Unnikrishnan,India,"November 1, 2018",2012,14+ Teens,133,Minutes
4440,s4441,Movie,Milan Luthria,India,"November 1, 2018",2007,14+ Teens,109,Minutes
4441,s4442,Movie,Madhur Bhandarkar,India,"November 1, 2018",2012,Mature Adults,143,Minutes
4442,s4443,Movie,Sajid Khan,India,"November 1, 2018",2013,14+ Teens,140,Minutes
4443,s4444,Movie,Saji Surendran,India,"November 1, 2018",2012,14+ Teens,150,Minutes
4444,s4445,Movie,Ksshitij Chaudhary,India,"November 1, 2018",2013,Parental Guidance,128,Minutes
4445,s4446,Movie,Abhishek Kapoor,India,"November 1, 2018",2013,Mature Adults,120,Minutes
4446,s4447,Movie,Sundar C.,India,"November 1, 2018",2012,14+ Teens,154,Minutes
4447,s4448,Movie,Gary Binkow,United States,"November 1, 2018",2006,Mature Adults,45,Minutes
4448,s4449,Movie,Nikhil Advani,India,"November 1, 2018",2015,14+ Teens,132,Minutes
4449,s4450,Movie,Anurag Basu,India,"November 1, 2018",2007,14+ Teens,126,Minutes
4450,s4451,Movie,Lance Bangs,United States,"November 1, 2018",2013,Mature Adults,95,Minutes
4451,s4452,Movie,Nishikant Kamat,India,"November 1, 2018",2008,Mature Adults,135,Minutes
4452,s4453,Movie,Navinder Pal Singh,India,"November 1, 2018",2014,14+ Teens,139,Minutes
4453,s4454,Movie,Raj Kumar Gupta,India,"November 1, 2018",2011,Mature Adults,131,Minutes
4454,s4455,Movie,Dibakar Banerjee,India,"November 1, 2018",2008,14+ Teens,118,Minutes
4455,s4456,Movie,Tigmanshu Dhulia,India,"November 1, 2018",2010,14+ Teens,129,Minutes
4456,s4457,Movie,Kunal Deshmukh,India,"November 1, 2018",2014,14+ Teens,131,Minutes
4457,s4458,Movie,Prakash Jha,India,"November 1, 2018",2013,14+ Teens,146,Minutes
4458,s4459,Movie,R. Kannan,India,"November 1, 2018",2013,14+ Teens,123,Minutes
4459,s4460,Movie,Gaurav Narayanan,India,"November 1, 2018",2014,14+ Teens,141,Minutes
4460,s4461,Movie,Kevin Layne,United States,"November 1, 2018",2015,Mature Adults,93,Minutes
4462,s4463,Movie,Jennifer M. Kroot,United States,"November 1, 2018",2017,Mature Adults,91,Minutes
4463,s4464,Movie,Akin Omotoso,South Africa,"November 1, 2018",2016,Mature Adults,106,Minutes
4464,s4465,Movie,Shyam Benegal,India,"November 1, 2018",2008,14+ Teens,131,Minutes
4466,s4467,Movie,Satyajit Bhatkal,India,"November 1, 2018",2011,Parental Guidance,104,Minutes
4467,s4468,Movie,Dani de la Torre,Spain,"October 31, 2018",2018,Mature Adults,126,Minutes
4468,s4469,Movie,Jerrold Tarog,Philippines,"October 31, 2018",2015,Restricted,118,Minutes
4470,s4471,Movie,Wilson Yip,Hong Kong,"October 27, 2018",2006,14+ Teens,94,Minutes
4472,s4473,Movie,Aleksey German,Russia,"October 26, 2018",2018,Parents Strongly Cautioned,126,Minutes
4473,s4474,Movie,Sergio Barrejón,Spain,"October 26, 2018",2018,Mature Adults,90,Minutes
4475,s4476,Movie,Sandi Tan,United States,"October 26, 2018",2018,14+ Teens,97,Minutes
4477,s4478,Movie,Vijay Yelakanti,India,"October 26, 2018",2018,Mature Adults,115,Minutes
4480,s4481,Movie,Vlad Yudin,United States,"October 25, 2018",2018,Mature Adults,93,Minutes
4482,s4483,Movie,Steve Brill,United States,"October 23, 2018",2018,Mature Adults,74,Minutes
4484,s4485,Movie,Don Michael Paul,United States,"October 23, 2018",2018,Parents Strongly Cautioned,102,Minutes
4486,s4487,Movie,"Joanna Lombardi, Bruno Ascenzo",Peru,"October 20, 2018",2018,Mature Adults,104,Minutes
4490,s4491,Movie,Marcos Bucay,Mexico,"October 19, 2018",2018,Mature Adults,51,Minutes
4492,s4493,Movie,Peter Lepeniotis,United Kingdom,"October 19, 2018",2018,Parental Guidance,86,Minutes
4493,s4494,Movie,Kim Jee-woon,South Korea,"October 19, 2018",2018,Mature Adults,140,Minutes
4496,s4497,Movie,Rajesh Touchriver,India,"October 19, 2018",2013,14+ Teens,122,Minutes
4499,s4500,Movie,David Lam,Hong Kong,"October 19, 2018",2016,Mature Adults,95,Minutes
4500,s4501,Movie,Timo Tjahjanto,Indonesia,"October 19, 2018",2018,Mature Adults,121,Minutes
4502,s4503,Movie,Thiru,India,"October 18, 2018",2018,Mature Adults,131,Minutes
4505,s4506,Movie,Tom Forrest,United States,"October 16, 2018",2018,Mature Adults,63,Minutes
4506,s4507,Movie,Anik Datta,India,"October 15, 2018",2017,Mature Adults,150,Minutes
4507,s4508,Movie,Rajkumar Hirani,India,"October 15, 2018",2018,Mature Adults,159,Minutes
4509,s4510,Movie,Shaad Ali,India,"October 13, 2018",2018,14+ Teens,131,Minutes
4510,s4511,Movie,Gareth Evans,United Kingdom,"October 12, 2018",2018,Mature Adults,130,Minutes
4512,s4513,Movie,Paul Urkijo Alijo,Spain,"October 12, 2018",2018,Mature Adults,99,Minutes
4513,s4514,Movie,Johanna Demetrakas,United States,"October 12, 2018",2018,Mature Adults,86,Minutes
4515,s4516,Movie,Rizal Mantovani,Indonesia,"October 12, 2018",2018,14+ Teens,106,Minutes
4516,s4517,Movie,Kief Davidson,United States,"October 12, 2018",2018,14+ Teens,57,Minutes
4519,s4520,Movie,Sara Colangelo,United States,"October 12, 2018",2018,Restricted,97,Minutes
4522,s4523,Movie,Paul Greengrass,Norway,"October 10, 2018",2018,Restricted,144,Minutes
4524,s4525,Movie,"Rusty Cundieff, Darin Scott",United States,"October 10, 2018",2018,Restricted,110,Minutes
4525,s4526,Movie,Stan Lathan,United States,"October 9, 2018",2018,Mature Adults,57,Minutes
4526,s4527,Movie,Kabir Bhatia,Malaysia,"October 8, 2018",2018,14+ Teens,119,Minutes
4528,s4529,Movie,Chris Eigeman,United States,"October 6, 2018",2018,Parents Strongly Cautioned,94,Minutes
4532,s4533,Movie,Olaf de Fleur,United Kingdom,"October 5, 2018",2018,Mature Adults,89,Minutes
4533,s4534,Movie,Tamara Jenkins,United States,"October 5, 2018",2018,Restricted,124,Minutes
4537,s4538,Movie,Kavi Raz,United Kingdom,"October 3, 2018",2017,Parents Strongly Cautioned,121,Minutes
4538,s4539,Movie,Nick Simon,United States,"October 3, 2018",2017,Mature Adults,88,Minutes
4539,s4540,Movie,Don Michael Paul,United States,"October 2, 2018",2017,Restricted,111,Minutes
4540,s4541,Movie,"Eric Idle, Aubrey Powell",United States,"October 2, 2018",2012,Mature Adults,81,Minutes
4544,s4545,Movie,Eric Idle,United Kingdom,"October 2, 2018",2014,Mature Adults,137,Minutes
4545,s4546,Movie,Will Yapp,United Kingdom,"October 2, 2018",2000,Mature Adults,56,Minutes
4547,s4548,Movie,"Terry Hughes, Ian MacNaughton",United Kingdom,"October 2, 2018",1982,Restricted,80,Minutes
4548,s4549,Movie,"Roger Graef, James Rogan",United Kingdom,"October 2, 2018",2014,Mature Adults,94,Minutes
4552,s4553,Movie,Terry Jones,United Kingdom,"October 2, 2018",1979,Restricted,94,Minutes
4554,s4555,Movie,Ian MacNaughton,United Kingdom,"October 2, 2018",1989,14+ Teens,72,Minutes
4555,s4556,Movie,Albert Sharpe,United Kingdom,"October 2, 2018",2013,Mature Adults,60,Minutes
4556,s4557,Movie,Simranjit Singh Hundal,India,"October 1, 2018",2016,14+ Teens,140,Minutes
4557,s4558,Movie,Justin G. Dyck,Canada,"October 1, 2018",2017,Parental Guidance,91,Minutes
4558,s4559,Movie,Ram Gopal Varma,India,"October 1, 2018",2009,14+ Teens,97,Minutes
4559,s4560,Movie,N. Linguswamy,India,"October 1, 2018",2014,14+ Teens,146,Minutes
4560,s4561,Movie,Deep Joshi,India,"October 1, 2018",2016,14+ Teens,118,Minutes
4561,s4562,Movie,Rakeysh Omprakash Mehra,India,"October 1, 2018",2009,14+ Teens,128,Minutes
4562,s4563,Movie,Anurag Kashyap,India,"October 1, 2018",2009,Mature Adults,137,Minutes
4563,s4564,Movie,Manjeet Maan,India,"October 1, 2018",2014,Parental Guidance,145,Minutes
4565,s4566,Movie,Shakun Batra,India,"October 1, 2018",2012,14+ Teens,106,Minutes
4567,s4568,Movie,Amitoj Mann,India,"October 1, 2018",2013,14+ Teens,137,Minutes
4568,s4569,Movie,Amarpreet G S Chabbra,India,"October 1, 2018",2014,14+ Teens,129,Minutes
4569,s4570,Movie,Paresh Mokashi,India,"October 1, 2018",2009,Parental Guidance,99,Minutes
4571,s4572,Movie,Anurag Basu,India,"October 1, 2018",2017,14+ Teens,155,Minutes
4572,s4573,Movie,Rohit Jugraj,India,"October 1, 2018",2014,14+ Teens,142,Minutes
4573,s4574,Movie,Ashutosh Gowariker,India,"October 1, 2018",2008,14+ Teens,214,Minutes
4574,s4575,Movie,Atharv Baluja,India,"October 1, 2018",2015,Parental Guidance,137,Minutes
4575,s4576,Movie,Vishal Bhardwaj,India,"October 1, 2018",2009,14+ Teens,128,Minutes
4576,s4577,Movie,Rohit Jugraj,India,"October 1, 2018",2018,14+ Teens,151,Minutes
4577,s4578,Movie,Shashanka Ghosh,India,"October 1, 2018",2014,14+ Teens,121,Minutes
4578,s4579,Movie,Puneet Sira,India,"October 1, 2018",2009,14+ Teens,101,Minutes
4579,s4580,Movie,Aziz Mirza,India,"October 1, 2018",2008,14+ Teens,145,Minutes
4580,s4581,Movie,Renzil D'Silva,India,"October 1, 2018",2009,14+ Teens,147,Minutes
4581,s4582,Movie,Smeep Kang,India,"October 1, 2018",2016,14+ Teens,90,Minutes
4582,s4583,Movie,Sameer Sharma,India,"October 1, 2018",2012,14+ Teens,129,Minutes
4583,s4584,Movie,Chandan Arora,India,"October 1, 2018",2005,Parental Guidance,129,Minutes
4584,s4585,Movie,Baljit Singh Deo,India,"October 1, 2018",2017,14+ Teens,136,Minutes
4585,s4586,Movie,Amitoj Mann,India,"October 1, 2018",2016,Parental Guidance,117,Minutes
4586,s4587,Movie,Mysskin,India,"October 1, 2018",2012,14+ Teens,150,Minutes
4587,s4588,Movie,Rajan Madhav,India,"October 1, 2018",2011,14+ Teens,134,Minutes
4588,s4589,Movie,Raaghav Dar,India,"October 1, 2018",2011,14+ Teens,100,Minutes
4589,s4590,Movie,Ishi Rudell,United States,"October 1, 2018",2018,Children,44,Minutes
4590,s4591,Movie,Ishi Rudell,United States,"October 1, 2018",2018,Children,44,Minutes
4591,s4592,Movie,David Lee Miller,United States,"October 1, 2018",2009,Mature Adults,111,Minutes
4592,s4593,Movie,Thiru,India,"October 1, 2018",2014,14+ Teens,147,Minutes
4593,s4594,Movie,Amit Saxena,India,"October 1, 2018",2013,14+ Teens,115,Minutes
4594,s4595,Movie,Pankaj Batra,India,"October 1, 2018",2013,Parental Guidance,121,Minutes
4595,s4596,Movie,Jaivi Dhanda,India,"October 1, 2018",2016,14+ Teens,103,Minutes
4596,s4597,Movie,Suman Ghosh,India,"October 1, 2018",2016,14+ Teens,73,Minutes
4597,s4598,Movie,Kabir Khan,India,"October 1, 2018",2015,14+ Teens,129,Minutes
4598,s4599,Movie,Akshay Akkineni,India,"October 1, 2018",2014,14+ Teens,102,Minutes
4599,s4600,Movie,Nidhi Sharma,India,"October 1, 2018",2013,Parental Guidance,122,Minutes
4600,s4601,Movie,"Mastan Alibhai Burmawalla, Abbas Alibhai Burmawalla",India,"October 1, 2018",2008,14+ Teens,155,Minutes
4601,s4602,Movie,"Abbas Alibhai Burmawalla, Mastan Alibhai Burmawalla",India,"October 1, 2018",2013,14+ Teens,139,Minutes
4602,s4603,Movie,Vipin Parashar,India,"October 1, 2018",2015,Parental Guidance,131,Minutes
4603,s4604,Movie,Vikram Pradhan,India,"October 1, 2018",2017,14+ Teens,127,Minutes
4605,s4606,Movie,Vijay,India,"October 1, 2018",2012,14+ Teens,156,Minutes
4607,s4608,Movie,Sundar C.,India,"October 1, 2018",2013,Parental Guidance,132,Minutes
4609,s4610,Movie,Sartaj Singh Pannu,India,"October 1, 2018",2016,14+ Teens,130,Minutes
4610,s4611,Movie,Vikramaditya Motwane,India,"October 1, 2018",2010,Mature Adults,137,Minutes
4611,s4612,Movie,N. Linguswamy,India,"October 1, 2018",2012,14+ Teens,156,Minutes
4612,s4613,Movie,Ayaan Mukherji,India,"October 1, 2018",2009,14+ Teens,132,Minutes
4613,s4614,Movie,Sidharth Malhotra,India,"October 1, 2018",2010,14+ Teens,119,Minutes
4614,s4615,Movie,Saket Behl,India,"October 1, 2018",2015,Parental Guidance,140,Minutes
4615,s4616,Movie,Anjum Shahzad,Pakistan,"October 1, 2018",2016,14+ Teens,126,Minutes
4616,s4617,Movie,Ken Kwapis,United States,"September 30, 2018",2012,Parental Guidance,107,Minutes
4617,s4618,Movie,Monique Gardenberg,Brazil,"September 29, 2018",2018,Mature Adults,111,Minutes
4618,s4619,Movie,Han Yan,China,"September 28, 2018",2018,Mature Adults,130,Minutes
4619,s4620,Movie,Jeremy Saulnier,United States,"September 28, 2018",2018,Mature Adults,126,Minutes
4620,s4621,Movie,Kim A. Snyder,United States,"September 28, 2018",2018,14+ Teens,24,Minutes
4624,s4625,Movie,Rocky Soraya,Indonesia,"September 28, 2018",2018,Mature Adults,108,Minutes
4625,s4626,Movie,"Álvaro Longoria, Gerardo Olivares",Spain,"September 28, 2018",2018,Mature Adults,117,Minutes
4626,s4627,Movie,Anthony Byrne,United Kingdom,"September 22, 2018",2018,Mature Adults,101,Minutes
4630,s4631,Movie,"Rashida Jones, Alan Hicks",United States,"September 21, 2018",2018,Mature Adults,124,Minutes
4641,s4642,Movie,Ariel Vromen,Israel,"September 14, 2018",2018,Mature Adults,114,Minutes
4642,s4643,Movie,Nicole Holofcener,United States,"September 14, 2018",2018,Mature Adults,98,Minutes
4646,s4647,Movie,Alessio Cremonini,Italy,"September 12, 2018",2018,Mature Adults,100,Minutes
4649,s4650,Movie,Joram Lürsen,Netherlands,"September 11, 2018",2018,Mature Adults,123,Minutes
4653,s4654,Movie,Madeleine Gavin,United States,"September 7, 2018",2018,Mature Adults,77,Minutes
4656,s4657,Movie,"Kevin R. Adams, Joe Ksander",China,"September 7, 2018",2018,Parental Guidance,106,Minutes
4657,s4658,Movie,Ian Samuels,United States,"September 7, 2018",2018,Parents Strongly Cautioned,106,Minutes
4659,s4660,Movie,Franck Ribière,Belgium,"September 7, 2018",2018,Mature Adults,102,Minutes
4660,s4661,Movie,Rajkumar Hirani,India,"September 6, 2018",2014,14+ Teens,146,Minutes
4661,s4662,Movie,Jesse V. Johnson,United Kingdom,"September 3, 2018",2018,Mature Adults,96,Minutes
4664,s4665,TV Show,Peter Ho,Taiwan,"September 1, 2018",2018,Mature Adults,1,Seasons
4665,s4666,Movie,Olivier Marchal,France,"September 1, 2018",2017,Mature Adults,104,Minutes
4666,s4667,Movie,Qaushiq Mukherjee,India,"September 1, 2018",2018,Mature Adults,109,Minutes
4667,s4668,Movie,Onir,India,"September 1, 2018",2018,14+ Teens,110,Minutes
4668,s4669,Movie,Jatla Siddartha,India,"September 1, 2018",2017,Mature Adults,110,Minutes
4669,s4670,Movie,Kanwal Sethi,India,"September 1, 2018",2018,Parental Guidance,101,Minutes
4671,s4672,Movie,Samuel Jouy,France,"September 1, 2018",2017,Mature Adults,94,Minutes
4675,s4676,Movie,Mateo Gil,Spain,"August 31, 2018",2018,Mature Adults,101,Minutes
4679,s4680,Movie,Shivam Nair,India,"August 28, 2018",2017,14+ Teens,141,Minutes
4680,s4681,Movie,Tanuja Chandra,India,"August 28, 2018",2017,14+ Teens,120,Minutes
4681,s4682,Movie,A.R. Murugadoss,India,"August 28, 2018",2017,14+ Teens,140,Minutes
4683,s4684,Movie,Jordan Brady,United States,"August 25, 2018",2012,Mature Adults,50,Minutes
4685,s4686,TV Show,Patrick Graham,India,"August 24, 2018",2018,Mature Adults,1,Seasons
4686,s4687,Movie,Mike Clattenburg,Canada,"August 24, 2018",1998,Mature Adults,31,Minutes
4687,s4688,TV Show,Han Qing,China,"August 24, 2018",2018,14+ Teens,1,Seasons
4688,s4689,Movie,Ian Edelman,United States,"August 24, 2018",2018,Mature Adults,90,Minutes
4690,s4691,Movie,Ashwiny Iyer Tiwari,India,"August 21, 2018",2017,14+ Teens,110,Minutes
4691,s4692,Movie,Atlee Kumar,India,"August 21, 2018",2017,14+ Teens,162,Minutes
4692,s4693,Movie,Ravi Udyawar,India,"August 21, 2018",2017,14+ Teens,139,Minutes
4693,s4694,Movie,R. Balki,India,"August 21, 2018",2018,Parents Strongly Cautioned,130,Minutes
4694,s4695,Movie,Shree Narayan Singh,India,"August 21, 2018",2017,14+ Teens,145,Minutes
4697,s4698,Movie,Manuel Martín Cuenca,Spain,"August 17, 2018",2017,Mature Adults,114,Minutes
4698,s4699,Movie,Susan Johnson,United States,"August 17, 2018",2018,14+ Teens,100,Minutes
4699,s4700,Movie,Y. Joon Chung,South Korea,"August 17, 2018",2018,Mature Adults,54,Minutes
4700,s4701,Movie,Vikramaditya Motwane,India,"August 16, 2018",2018,14+ Teens,150,Minutes
4701,s4702,Movie,Rucha Humnabadkar,United States,"August 15, 2018",2015,Mature Adults,105,Minutes
4705,s4706,Movie,Mike Newell,United Kingdom,"August 10, 2018",2018,Parental Guidance,124,Minutes
4706,s4707,Movie,Jake Szymanski,United States,"August 10, 2018",2018,Mature Adults,95,Minutes
4707,s4708,Movie,Floyd Russ,United States,"August 10, 2018",2018,Parental Guidance,12,Minutes
4708,s4709,Movie,Alejandro Montiel,Argentina,"August 9, 2018",2018,Mature Adults,104,Minutes
4712,s4713,Movie,Abhishek Varman,India,"August 4, 2018",2014,Parental Guidance,143,Minutes
4713,s4714,Movie,Sabir Khan,India,"August 4, 2018",2016,14+ Teens,127,Minutes
4714,s4715,Movie,Nikhil Nagesh Bhat,India,"August 4, 2018",2018,Mature Adults,100,Minutes
4715,s4716,Movie,"Xiaoxing Yi, Yoshitaka Takeuchi, Haoling Li",China,"August 4, 2018",2018,Parental Guidance,74,Minutes
4718,s4719,Movie,Lauren Miller Rogen,United States,"August 3, 2018",2018,Mature Adults,104,Minutes
4719,s4720,Movie,Vishal Bhardwaj,India,"August 2, 2018",2011,Mature Adults,148,Minutes
4720,s4721,Movie,"Vikas Bahl, Nitesh Tiwari",India,"August 2, 2018",2011,Parental Guidance,127,Minutes
4721,s4722,Movie,Madhur Bhandarkar,India,"August 2, 2018",2008,Mature Adults,158,Minutes
4722,s4723,Movie,Abhishek Kapoor,India,"August 2, 2018",2016,14+ Teens,124,Minutes
4723,s4724,Movie,Khalid Mohamed,India,"August 2, 2018",2000,14+ Teens,163,Minutes
4724,s4725,Movie,Sanjay Leela Bhansali,India,"August 2, 2018",2010,14+ Teens,121,Minutes
4725,s4726,Movie,Vishal Bhardwaj,India,"August 2, 2018",2014,Mature Adults,154,Minutes
4726,s4727,Movie,Imtiaz Ali,India,"August 2, 2018",2014,14+ Teens,127,Minutes
4727,s4728,Movie,Punit Malhotra,India,"August 2, 2018",2010,14+ Teens,128,Minutes
4728,s4729,Movie,Shirish Kunder,India,"August 2, 2018",2012,Parental Guidance,98,Minutes
4729,s4730,Movie,Prem Soni,India,"August 2, 2018",2009,14+ Teens,109,Minutes
4730,s4731,Movie,Ashutosh Gowariker,India,"August 2, 2018",2016,14+ Teens,168,Minutes
4731,s4732,Movie,Prakash Jha,India,"August 2, 2018",2010,14+ Teens,162,Minutes
4732,s4733,Movie,Rakeysh Omprakash Mehra,India,"August 2, 2018",2006,14+ Teens,159,Minutes
4733,s4734,Movie,Prabhu Deva,India,"August 2, 2018",2012,14+ Teens,137,Minutes
4734,s4735,Movie,Imtiaz Ali,India,"August 2, 2018",2015,14+ Teens,133,Minutes
4735,s4736,Movie,Mandeep Kumar,India,"August 2, 2018",2012,14+ Teens,127,Minutes
4736,s4737,Movie,Anees Bazmee,India,"August 2, 2018",2011,14+ Teens,131,Minutes
4737,s4738,Movie,Vishal Bhardwaj,India,"August 2, 2018",2005,Parental Guidance,90,Minutes
4739,s4740,Movie,"Jesse Handsher, Olivier Roland",United States,"August 1, 2018",2018,Mature Adults,88,Minutes
4740,s4741,Movie,Pablo Giorgelli,Argentina,"August 1, 2018",2017,Mature Adults,87,Minutes
4745,s4746,Movie,Ted Emery,Australia,"July 28, 2018",2005,Parental Guidance,82,Minutes
4746,s4747,Movie,Ted Emery,Australia,"July 28, 2018",2012,14+ Teens,86,Minutes
4748,s4749,Movie,Tony Datis,France,"July 28, 2018",2017,Mature Adults,100,Minutes
4749,s4750,Movie,"Raúl Campos, Jan Suter",Mexico,"July 27, 2018",2018,Mature Adults,57,Minutes
4751,s4752,Movie,Ben Young,United States,"July 27, 2018",2018,Mature Adults,95,Minutes
4753,s4754,Movie,Kirby Dick,Australia,"July 27, 2018",2018,14+ Teens,101,Minutes
4755,s4756,Movie,Abhishek Sharma,India,"July 25, 2018",2018,Parental Guidance,124,Minutes
4756,s4757,Movie,Steve Paley,United States,"July 24, 2018",2018,Mature Adults,72,Minutes
4757,s4758,Movie,Daniel Calparsoro,Spain,"July 24, 2018",2018,Mature Adults,93,Minutes
4760,s4761,Movie,Chris Jenkins,China,"July 20, 2018",2018,Parental Guidance,92,Minutes
4765,s4766,Movie,Alexandre Avancini,Brazil,"July 20, 2018",2018,Parental Guidance,133,Minutes
4768,s4769,Movie,Alexis Morante,Spain,"July 18, 2018",2018,14+ Teens,105,Minutes
4769,s4770,Movie,"Kobun Shizuno, Hiroyuki Seshita",Japan,"July 18, 2018",2018,14+ Teens,101,Minutes
4770,s4771,Movie,Clay Glen,Australia,"July 15, 2018",2018,General Audience,88,Minutes
4773,s4774,Movie,David M. Rosenthal,United States,"July 13, 2018",2018,Mature Adults,113,Minutes
4774,s4775,Movie,Scott Zabielski,United States,"July 13, 2018",2018,Mature Adults,71,Minutes
4775,s4776,Movie,Diego Cohen,Mexico,"July 13, 2018",2018,Mature Adults,75,Minutes
4779,s4780,TV Show,Lee Eung-bok,South Korea,"July 8, 2018",2018,Mature Adults,1,Seasons
4781,s4782,Movie,"Raúl Campos, Jan Suter",Argentina,"July 6, 2018",2018,14+ Teens,66,Minutes
4782,s4783,Movie,Jody Hill,United States,"July 6, 2018",2018,14+ Teens,83,Minutes
4783,s4784,Movie,Samu Fuentes,Spain,"July 6, 2018",2018,Mature Adults,110,Minutes
4784,s4785,Movie,Alexandre Espigares,France,"July 6, 2018",2018,Parental Guidance,88,Minutes
4785,s4786,Movie,Kevin Layne,United States,"July 4, 2018",2013,Mature Adults,77,Minutes
4786,s4787,Movie,Scott L. Montoya,United States,"July 3, 2018",2012,Mature Adults,58,Minutes
4787,s4788,Movie,Scott L. Montoya,United States,"July 3, 2018",2012,Mature Adults,69,Minutes
4788,s4789,Movie,Marcus Raboy,United States,"July 3, 2018",2012,Mature Adults,61,Minutes
4789,s4790,Movie,Sam Voutas,China,"July 2, 2018",2018,14+ Teens,88,Minutes
4790,s4791,Movie,Raj Kaushal,India,"July 1, 2018",2006,14+ Teens,122,Minutes
4791,s4792,Movie,"Bo Burnham, Christopher Storer",United States,"July 1, 2018",2013,Mature Adults,60,Minutes
4792,s4793,Movie,Aziz Mirza,India,"July 1, 2018",2003,14+ Teens,166,Minutes
4793,s4794,Movie,K.C. Bokadia,India,"July 1, 2018",2013,14+ Teens,107,Minutes
4794,s4795,Movie,Miguel Arteta,United States,"July 1, 2018",2018,Mature Adults,94,Minutes
4795,s4796,Movie,Nila Madhab Panda,India,"July 1, 2018",2010,Parental Guidance,87,Minutes
4796,s4797,Movie,Samir Soni,India,"July 1, 2018",2018,14+ Teens,92,Minutes
4797,s4798,Movie,Vipul Amrutlal Shah,India,"July 1, 2018",2007,14+ Teens,130,Minutes
4799,s4800,Movie,Juan Antonio de la Riva,Mexico,"July 1, 2018",2015,14+ Teens,88,Minutes
4800,s4801,Movie,Kabir Sadanand,India,"July 1, 2018",2010,14+ Teens,128,Minutes
4801,s4802,Movie,"Bert Marcus, Cyrus Saidi",United States,"July 1, 2018",2017,Mature Adults,96,Minutes
4802,s4803,Movie,Shlok Sharma,India,"July 1, 2018",2018,Mature Adults,94,Minutes
4803,s4804,Movie,Jay Karas,United States,"June 30, 2018",2012,Mature Adults,69,Minutes
4805,s4806,Movie,Yayo Herrero,Spain,"June 30, 2018",2017,Mature Adults,90,Minutes
4806,s4807,Movie,Matt Palmer,United Kingdom,"June 29, 2018",2018,Mature Adults,101,Minutes
4808,s4809,Movie,"Raúl Campos, Jan Suter",Chile,"June 29, 2018",2018,Mature Adults,77,Minutes
4810,s4811,Movie,Rodrigo Triana,Colombia,"June 29, 2018",2018,14+ Teens,89,Minutes
4811,s4812,Movie,Elaine McMillion Sheldon,United States,"June 29, 2018",2018,Mature Adults,90,Minutes
4812,s4813,Movie,Federico D'Alessandro,United States,"June 29, 2018",2018,Restricted,98,Minutes
4814,s4815,Movie,Shannon Hartman,United States,"June 26, 2018",2018,Mature Adults,66,Minutes
4816,s4817,Movie,Seiji Mizushima,Japan,"June 25, 2018",2014,Mature Adults,103,Minutes
4817,s4818,Movie,Myriam Aziza,France,"June 24, 2018",2018,Mature Adults,95,Minutes
4819,s4820,Movie,Gerard Barrett,United States,"June 22, 2018",2016,Parents Strongly Cautioned,89,Minutes
4822,s4823,Movie,Rene Liu,China,"June 22, 2018",2018,Mature Adults,119,Minutes
4823,s4824,Movie,"Madeleine Parry, Jon Olb",Australia,"June 19, 2018",2018,Mature Adults,70,Minutes
4825,s4826,Movie,"Zoya Akhtar, Karan Johar, Anurag Kashyap, Dibakar Banerjee",India,"June 15, 2018",2018,Mature Adults,121,Minutes
4826,s4827,Movie,Oded Raz,Israel,"June 15, 2018",2018,Mature Adults,106,Minutes
4827,s4828,Movie,"Mariana Tschudi, Héctor Gálvez",Peru,"June 15, 2018",2017,General Audience,74,Minutes
4828,s4829,Movie,Claire Scanlon,United States,"June 15, 2018",2018,Mature Adults,106,Minutes
4829,s4830,Movie,Ramón Salazar,Spain,"June 15, 2018",2017,Parents Strongly Cautioned,113,Minutes
4830,s4831,Movie,Eduardo Mendoza de Echave,Chile,"June 15, 2018",2017,Mature Adults,119,Minutes
4833,s4834,Movie,Craig Johnson,United States,"June 8, 2018",2018,Mature Adults,100,Minutes
4834,s4835,Movie,Jeffrey Walker,Australia,"June 8, 2018",2018,Mature Adults,110,Minutes
4835,s4836,Movie,Ulises Valencia,Mexico,"June 8, 2018",2018,Mature Adults,66,Minutes
4839,s4840,Movie,Shadab Khan,India,"June 1, 2018",2017,14+ Teens,126,Minutes
4840,s4841,Movie,Nattawut Poonpiriya,Thailand,"June 1, 2018",2017,Mature Adults,130,Minutes
4842,s4843,Movie,Lynn Shelton,United States,"June 1, 2018",2018,Mature Adults,110,Minutes
4843,s4844,Movie,Felix Starck,Germany,"June 1, 2018",2015,Mature Adults,85,Minutes
4847,s4848,Movie,Norberto López Amado,Spain,"May 26, 2018",2018,Mature Adults,117,Minutes
4849,s4850,Movie,"Raúl Campos, Jan Suter",Argentina,"May 25, 2018",2018,Mature Adults,63,Minutes
4850,s4851,Movie,Alex Richanbach,United States,"May 25, 2018",2018,Mature Adults,94,Minutes
4851,s4852,Movie,Marcus Raboy,United States,"May 25, 2018",2018,14+ Teens,74,Minutes
4854,s4855,Movie,Tig Notaro,United States,"May 22, 2018",2018,14+ Teens,58,Minutes
4855,s4856,Movie,Kagiso Lediga,South Africa,"May 18, 2018",2018,Mature Adults,117,Minutes
4858,s4859,Movie,Brit McAdams,United States,"May 17, 2018",2007,Mature Adults,89,Minutes
4859,s4860,Movie,Mercedes Cordova,Argentina,"May 16, 2018",2017,Mature Adults,66,Minutes
4860,s4861,Movie,Neeraj Pandey,India,"May 15, 2018",2018,Mature Adults,158,Minutes
4861,s4862,Movie,Hayao Miyazaki,Japan,"May 15, 2018",1979,Parents Strongly Cautioned,100,Minutes
4863,s4864,Movie,Jay Karas,United States,"May 13, 2018",2018,Mature Adults,64,Minutes
4864,s4865,Movie,"Anthony Abrams, Adam Larson Broder",United States,"May 12, 2018",2017,Mature Adults,92,Minutes
4866,s4867,Movie,"Raúl Campos, Jan Suter",Mexico,"May 11, 2018",2018,Mature Adults,63,Minutes
4867,s4868,TV Show,"Trey Borzillieri, Barbara Schroeder",United States,"May 11, 2018",2018,Mature Adults,1,Seasons
4868,s4869,Movie,Vince Marcello,United Kingdom,"May 11, 2018",2018,14+ Teens,105,Minutes
4870,s4871,Movie,Bobcat Goldthwait,United States,"May 8, 2018",2018,Mature Adults,67,Minutes
4871,s4872,Movie,Dani Levy,Germany,"May 7, 2018",2007,14+ Teens,91,Minutes
4872,s4873,Movie,Sonny Mallhi,United States,"May 5, 2018",2018,Mature Adults,92,Minutes
4873,s4874,Movie,Robert Vince,Canada,"May 5, 2018",2018,General,87,Minutes
4875,s4876,Movie,Andrew Niccol,United Kingdom,"May 4, 2018",2018,Mature Adults,100,Minutes
4876,s4877,Movie,Isabelle Nanty,France,"May 4, 2018",2018,Mature Adults,113,Minutes
4877,s4878,Movie,"Rob Epstein, Jeffrey Friedman",United States,"May 4, 2018",2018,Parental Guidance,40,Minutes
4878,s4879,Movie,Antonio Morabito,Italy,"May 4, 2018",2018,Mature Adults,105,Minutes
4880,s4881,Movie,Rene Bueno,Mexico,"May 4, 2018",2018,14+ Teens,94,Minutes
4881,s4882,Movie,John Woo,China,"May 4, 2018",2017,Mature Adults,109,Minutes
4882,s4883,Movie,Patricia Ferreira,Spain,"May 4, 2018",2017,Mature Adults,99,Minutes
4883,s4884,Movie,Fernando Ayllón,Colombia,"May 3, 2018",2018,Mature Adults,89,Minutes
4884,s4885,Movie,Jimmy Henderson,Cambodia,"May 2, 2018",2017,Mature Adults,92,Minutes
4885,s4886,Movie,Devashish Makhija,India,"May 1, 2018",2017,Mature Adults,105,Minutes
4886,s4887,Movie,Amal Neerad,India,"May 1, 2018",2017,14+ Teens,130,Minutes
4887,s4888,Movie,"Fluvio Iannuci, Roly Santos",Italy,"May 1, 2018",2017,Parental Guidance,69,Minutes
4888,s4889,Movie,Julius R. Nasso,United States,"May 1, 2018",2018,Mature Adults,98,Minutes
4889,s4890,Movie,Lucas Figueroa,Argentina,"May 1, 2018",2017,Mature Adults,90,Minutes
4890,s4891,Movie,Alex Timbers,United States,"May 1, 2018",2018,Mature Adults,65,Minutes
4891,s4892,Movie,Justin G. Dyck,Canada,"May 1, 2018",2018,Parental Guidance,92,Minutes
4893,s4894,Movie,Alfonso Rodríguez,Spain,"May 1, 2018",2008,Children,25,Minutes
4899,s4900,Movie,Priyadarshan,India,"May 1, 2018",2016,14+ Teens,101,Minutes
4901,s4902,Movie,Dito Montiel,United States,"May 1, 2018",2017,Restricted,90,Minutes
4902,s4903,Movie,Vicente Villanueva,Spain,"May 1, 2018",2017,Mature Adults,96,Minutes
4904,s4905,Movie,Amit Roy,India,"April 30, 2018",2017,14+ Teens,115,Minutes
4905,s4906,Movie,Teddy Lussi-Modeste,France,"April 30, 2018",2017,Mature Adults,92,Minutes
4907,s4908,Movie,Ben Shelton,United States,"April 27, 2018",2018,14+ Teens,93,Minutes
4909,s4910,Movie,Curro Velázquez,Spain,"April 27, 2018",2017,Mature Adults,95,Minutes
4911,s4912,Movie,Laura Brownson,United States,"April 27, 2018",2018,Mature Adults,105,Minutes
4912,s4913,Movie,Robert Smigel,United States,"April 27, 2018",2018,14+ Teens,117,Minutes
4915,s4916,Movie,Max Amini,Germany,"April 26, 2018",2018,Mature Adults,66,Minutes
4916,s4917,Movie,"Jason Sussberg, David Alvarado",United States,"April 25, 2018",2017,Parental Guidance,97,Minutes
4917,s4918,Movie,"Célia Catunda, Kiko Mistrorigo, Rodrigo Eba",Brazil,"April 25, 2018",2018,Children,78,Minutes
4918,s4919,Movie,Sang-ho Yeon,South Korea,"April 25, 2018",2018,Mature Adults,102,Minutes
4919,s4920,Movie,Andy Fickman,United States,"April 24, 2018",2018,Parental Guidance,62,Minutes
4920,s4921,Movie,Olivia Milch,United States,"April 20, 2018",2018,Mature Adults,97,Minutes
4921,s4922,Movie,Mark Raso,Canada,"April 20, 2018",2018,Mature Adults,105,Minutes
4922,s4923,Movie,"David Sington, Heather Walsh",United States,"April 20, 2018",2018,Parental Guidance,79,Minutes
4923,s4924,Movie,Pedro Coutinho,Brazil,"April 19, 2018",2017,Mature Adults,90,Minutes
4927,s4928,Movie,Liam O'Donnell,United States,"April 15, 2018",2017,Restricted,107,Minutes
4928,s4929,Movie,Joshua Marston,United States,"April 13, 2018",2018,14+ Teens,105,Minutes
4929,s4930,Movie,Eleonore Pourriat,France,"April 13, 2018",2018,Mature Adults,99,Minutes
4931,s4932,Movie,Peter Webber,Colombia,"April 12, 2018",2017,Mature Adults,108,Minutes
4932,s4933,Movie,Peter Orton,United Kingdom,"April 10, 2018",2018,Mature Adults,66,Minutes
4934,s4935,Movie,Marja Lewis Ryan,United States,"April 6, 2018",2018,Mature Adults,75,Minutes
4935,s4936,Movie,Ryan Koo,United States,"April 6, 2018",2018,Mature Adults,96,Minutes
4936,s4937,Movie,Hatem Khraiche,Spain,"April 6, 2018",2017,14+ Teens,95,Minutes
4937,s4938,Movie,Derek Peck,United States,"April 6, 2018",2018,14+ Teens,32,Minutes
4938,s4939,Movie,Ryan Polito,United States,"April 6, 2018",2018,Mature Adults,70,Minutes
4939,s4940,Movie,Jennifer Morrison,Mexico,"April 6, 2018",2017,Mature Adults,94,Minutes
4940,s4941,Movie,"Raúl Campos, Jan Suter",Argentina,"April 6, 2018",2018,Mature Adults,78,Minutes
4943,s4944,Movie,Hèctor Hernández Vicens,Bulgaria,"April 5, 2018",2018,Restricted,91,Minutes
4944,s4945,Movie,Kader Aoun,France,"April 3, 2018",2018,Mature Adults,75,Minutes
4945,s4946,Movie,Abhay Chopra,India,"April 3, 2018",2017,Mature Adults,105,Minutes
4947,s4948,Movie,Diego Lerman,Argentina,"April 1, 2018",2017,14+ Teens,96,Minutes
4948,s4949,Movie,Priyadarshan,India,"April 1, 2018",2009,Parental Guidance,132,Minutes
4950,s4951,Movie,Ryan Polito,United States,"April 1, 2018",2012,Mature Adults,60,Minutes
4952,s4953,Movie,Farah Khan,India,"April 1, 2018",2004,14+ Teens,171,Minutes
4953,s4954,Movie,Ananda Krishnan,India,"April 1, 2018",2016,14+ Teens,116,Minutes
4954,s4955,Movie,Farah Khan,India,"April 1, 2018",2007,14+ Teens,169,Minutes
4955,s4956,Movie,Amol Palekar,India,"April 1, 2018",2005,Parental Guidance,134,Minutes
4956,s4957,Movie,Aziz Mirza,India,"April 1, 2018",2000,14+ Teens,159,Minutes
4958,s4959,Movie,Joe Miale,United Kingdom,"March 31, 2018",2017,Restricted,87,Minutes
4959,s4960,Movie,Olivia Newman,United States,"March 30, 2018",2018,Mature Adults,103,Minutes
4960,s4961,Movie,Jared Stern,United States,"March 30, 2018",2018,Mature Adults,78,Minutes
4962,s4963,Movie,"Raúl Campos, Jan Suter",Mexico,"March 30, 2018",2018,Mature Adults,62,Minutes
4963,s4964,Movie,Lennart Ruff,United Kingdom,"March 30, 2018",2018,Mature Adults,97,Minutes
4965,s4966,Movie,Mike Clattenburg,Canada,"March 30, 2018",2009,Restricted,102,Minutes
4966,s4967,Movie,Mike Clattenburg,Canada,"March 30, 2018",2006,Restricted,95,Minutes
4968,s4969,TV Show,Dan Lucchesi,United Kingdom,"March 27, 2018",2018,14+ Teens,1,Seasons
4969,s4970,Movie,Mikhail Red,Philippines,"March 26, 2018",2016,Mature Adults,115,Minutes
4970,s4971,Movie,Kyle Newacheck,United States,"March 23, 2018",2018,Mature Adults,102,Minutes
4971,s4972,Movie,Mijke de Jong,Netherlands,"March 23, 2018",2016,Mature Adults,99,Minutes
4972,s4973,Movie,Daryl Hannah,United States,"March 23, 2018",2018,Mature Adults,74,Minutes
4974,s4975,Movie,Michael Larnell,United States,"March 23, 2018",2018,Mature Adults,100,Minutes
4975,s4976,Movie,Advait Chandan,India,"March 23, 2018",2017,14+ Teens,150,Minutes
4977,s4978,Movie,Brandon Camp,United Arab Emirates,"March 16, 2018",2018,Parental Guidance,87,Minutes
4979,s4980,Movie,Alison Klayman,United States,"March 16, 2018",2018,14+ Teens,88,Minutes
4982,s4983,Movie,Sunao Katabuchi,Japan,"March 15, 2018",2016,Parents Strongly Cautioned,129,Minutes
4983,s4984,Movie,Johan Brisinger,Sweden,"March 15, 2018",2016,Mature Adults,91,Minutes
4986,s4987,Movie,Maria Sadowska,Poland,"March 15, 2018",2017,Mature Adults,115,Minutes
4987,s4988,Movie,Yang Woo-seok,South Korea,"March 14, 2018",2018,Mature Adults,140,Minutes
4989,s4990,Movie,John L. Spencer,United Kingdom,"March 13, 2018",2018,Mature Adults,79,Minutes
4990,s4991,Movie,Victor Cook,United States,"March 13, 2018",2018,Kids 7+,104,Minutes
4991,s4992,TV Show,Kazuya Murata,Japan,"March 9, 2018",2018,14+ Teens,1,Seasons
4993,s4994,Movie,Martin Zandvliet,United States,"March 9, 2018",2018,Mature Adults,121,Minutes
4995,s4996,Movie,Uraaz Bahl,India,"March 8, 2018",2018,General Audience,40,Minutes
4996,s4997,Movie,"Paul Solet, Rick Benattar",Bulgaria,"March 7, 2018",2017,Restricted,94,Minutes
4998,s4999,Movie,Michael Simon,United States,"March 6, 2018",2018,14+ Teens,58,Minutes
5001,s5002,Movie,"Raúl Campos, Jan Suter",Argentina,"March 2, 2018",2018,Mature Adults,51,Minutes
5002,s5003,Movie,"Raúl Campos, Jan Suter",Chile,"March 2, 2018",2018,Mature Adults,69,Minutes
5003,s5004,Movie,Robin Aubert,Canada,"March 2, 2018",2017,Mature Adults,104,Minutes
5006,s5007,Movie,Mitch Gould,United States,"March 1, 2018",2018,Mature Adults,94,Minutes
5007,s5008,Movie,Mani Ratnam,India,"March 1, 2018",1998,14+ Teens,166,Minutes
5008,s5009,Movie,Mani Ratnam,India,"March 1, 2018",2007,Parental Guidance,155,Minutes
5009,s5010,Movie,David Dhawan,India,"March 1, 2018",2017,14+ Teens,145,Minutes
5010,s5011,Movie,RZA,United States,"March 1, 2018",2016,Restricted,106,Minutes
5011,s5012,Movie,Lars Büchel,Germany,"March 1, 2018",2016,14+ Teens,94,Minutes
5012,s5013,Movie,Amit Barot,India,"March 1, 2018",2017,Parental Guidance,127,Minutes
5013,s5014,Movie,Carlo Padial,Spain,"March 1, 2018",2017,Mature Adults,87,Minutes
5014,s5015,Movie,Ashutosh Gowariker,India,"March 1, 2018",2004,Parental Guidance,185,Minutes
5015,s5016,Movie,"Mike Smith, John Paul Tremblay, Robb Wells",Canada,"March 1, 2018",2014,Mature Adults,75,Minutes
5016,s5017,Movie,"Mike Smith, John Paul Tremblay, Robb Wells",Canada,"March 1, 2018",2014,Mature Adults,89,Minutes
5017,s5018,Movie,"Mike Smith, John Paul Tremblay, Robb Wells",Canada,"March 1, 2018",2014,Mature Adults,81,Minutes
5018,s5019,Movie,Mike Clattenburg,Canada,"March 1, 2018",2008,Mature Adults,47,Minutes
5019,s5020,Movie,Mike Clattenburg,Canada,"March 1, 2018",2004,Mature Adults,46,Minutes
5020,s5021,Movie,Milind Dhaimade,India,"March 1, 2018",2016,14+ Teens,125,Minutes
5021,s5022,Movie,Mani Ratnam,India,"March 1, 2018",2004,14+ Teens,160,Minutes
5022,s5023,Movie,Hong-seon Kim,South Korea,"February 28, 2018",2017,Mature Adults,110,Minutes
5024,s5025,Movie,Marcus Raboy,United States,"February 27, 2018",2018,Mature Adults,67,Minutes
5025,s5026,Movie,Paco Plaza,Spain,"February 25, 2018",2017,Mature Adults,105,Minutes
5028,s5029,Movie,Duncan Jones,United Kingdom,"February 23, 2018",2018,Mature Adults,127,Minutes
5031,s5032,Movie,Hang-Jun Jang,South Korea,"February 21, 2018",2017,Mature Adults,109,Minutes
5033,s5034,Movie,Fumihiko Sori,Japan,"February 19, 2018",2017,Parental Guidance,134,Minutes
5034,s5035,Movie,Mariano Baez,Argentina,"February 16, 2018",2018,Mature Adults,60,Minutes
5037,s5038,Movie,Stephanie Laing,United States,"February 16, 2018",2018,Mature Adults,96,Minutes
5039,s5040,Movie,Bo Burnham,United States,"February 14, 2018",2018,Mature Adults,65,Minutes
5040,s5041,Movie,Anand Tiwari,India,"February 14, 2018",2018,14+ Teens,133,Minutes
5041,s5042,Movie,"Roberta Grossman, Sophie Sartain",United States,"February 9, 2018",2018,14+ Teens,96,Minutes
5042,s5043,Movie,David Bruckner,United Kingdom,"February 9, 2018",2018,Mature Adults,95,Minutes
5043,s5044,Movie,Tamta Gabrichidze,Georgia,"February 9, 2018",2018,Parental Guidance,24,Minutes
5044,s5045,Movie,Ari Sandel,United States,"February 9, 2018",2018,14+ Teens,97,Minutes
5047,s5048,Movie,Julius Onah,United States,"February 5, 2018",2018,Parents Strongly Cautioned,102,Minutes
5050,s5051,Movie,Ildiko Enyedi,Hungary,"February 2, 2018",2017,Mature Adults,116,Minutes
5051,s5052,Movie,You-Jeong Chang,South Korea,"February 2, 2018",2017,14+ Teens,102,Minutes
5053,s5054,Movie,Drake Doremus,United States,"February 1, 2018",2017,Mature Adults,117,Minutes
5054,s5055,TV Show,Dan Forrer,United States,"February 1, 2018",2016,Mature Adults,8,Seasons
5055,s5056,Movie,Selima Taibi,Germany,"January 31, 2018",2017,Parental Guidance,96,Minutes
5056,s5057,Movie,Marty Callner,United States,"January 30, 2018",1998,14+ Teens,69,Minutes
5058,s5059,Movie,"Javier Ambrossi, Javier Calvo",Spain,"January 29, 2018",2017,Mature Adults,108,Minutes
5059,s5060,Movie,David Wain,United States,"January 26, 2018",2018,Mature Adults,102,Minutes
5060,s5061,Movie,Michael McKay,Singapore,"January 26, 2018",2018,Mature Adults,61,Minutes
5062,s5063,Movie,"Raúl Campos, Jan Suter",Argentina,"January 26, 2018",2018,Mature Adults,49,Minutes
5064,s5065,Movie,Isaac Florentine,Bulgaria,"January 25, 2018",2017,Restricted,87,Minutes
5066,s5067,Movie,"Raúl Campos, Jan Suter",Colombia,"January 24, 2018",2018,Mature Adults,59,Minutes
5067,s5068,Movie,Scott Moran,United States,"January 23, 2018",2018,Mature Adults,63,Minutes
5071,s5072,Movie,Michael McKay,United States,"January 19, 2018",2018,14+ Teens,62,Minutes
5072,s5073,Movie,Charles Stone III,United States,"January 19, 2018",2018,Parents Strongly Cautioned,108,Minutes
5073,s5074,Movie,"Matt Angel, Suzanne Coote",Canada,"January 19, 2018",2018,Mature Adults,95,Minutes
5074,s5075,Movie,Chris Baugh,United Kingdom,"January 18, 2018",2017,Mature Adults,99,Minutes
5076,s5077,Movie,"Raúl Campos, Jan Suter",Colombia,"January 17, 2018",2018,Mature Adults,62,Minutes
5077,s5078,TV Show,"Kobun Shizuno, Hiroyuki Seshita",Japan,"January 17, 2018",2017,14+ Teens,1,Seasons
5079,s5080,Movie,"Latif Faiziyev, Umesh Mehra",Soviet Union,"January 15, 2018",1980,14+ Teens,147,Minutes
5080,s5081,Movie,Rajiv Mehra,India,"January 15, 2018",1986,14+ Teens,153,Minutes
5081,s5082,Movie,Rhiannon Bannenberg,Australia,"January 15, 2018",2017,Parental Guidance,87,Minutes
5083,s5084,Movie,David Mrnka,Czech Republic,"January 12, 2018",2017,14+ Teens,124,Minutes
5084,s5085,Movie,Maya Forbes,United States,"January 12, 2018",2018,14+ Teens,94,Minutes
5085,s5086,Movie,Choi Jin-seong,South Korea,"January 12, 2018",2017,Mature Adults,100,Minutes
5086,s5087,Movie,Jay Karas,United States,"January 12, 2018",2018,Mature Adults,71,Minutes
5088,s5089,Movie,Milind Rau,India,"January 9, 2018",2017,Mature Adults,135,Minutes
5091,s5092,Movie,Mike Flanagan,United States,"January 5, 2018",2016,Parents Strongly Cautioned,97,Minutes
5092,s5093,TV Show,Masaaki Yuasa,Japan,"January 5, 2018",2018,Mature Adults,1,Seasons
5093,s5094,Movie,Craig Elrod,United States,"January 2, 2018",2017,14+ Teens,86,Minutes
5094,s5095,Movie,Jose Manuel Colón,Spain,"January 1, 2018",2017,Mature Adults,91,Minutes
5096,s5097,TV Show,Yasuhiro Irie,Japan,"January 1, 2018",2010,14+ Teens,5,Seasons
5100,s5101,TV Show,Stan Lathan,United States,"December 31, 2017",2017,Mature Adults,1,Seasons
5101,s5102,Movie,Alethea Jones,United States,"December 31, 2017",2017,Restricted,82,Minutes
5102,s5103,Movie,Jay Baruchel,Canada,"December 30, 2017",2016,Restricted,102,Minutes
5104,s5105,Movie,Ludovic Bernard,France,"December 29, 2017",2017,14+ Teens,105,Minutes
5106,s5107,Movie,Detlev Buck,Germany,"December 27, 2017",2017,14+ Teens,106,Minutes
5107,s5108,Movie,Noël Wells,United States,"December 26, 2017",2017,Mature Adults,91,Minutes
5108,s5109,Movie,Jay Chapman,United States,"December 26, 2017",2017,Mature Adults,61,Minutes
5110,s5111,Movie,Patrick Brice,United States,"December 23, 2017",2017,Mature Adults,80,Minutes
5111,s5112,TV Show,Daniel Kontur,United Kingdom,"December 23, 2017",2017,Parental Guidance,1,Seasons
5113,s5114,Movie,David Ayer,United States,"December 22, 2017",2017,Mature Adults,118,Minutes
5114,s5115,Movie,Diego Kaplan,Argentina,"December 21, 2017",2017,Mature Adults,94,Minutes
5115,s5116,Movie,"Marco Deufemia, Justin G. Dyck",Canada,"December 20, 2017",2017,General Audience,84,Minutes
5116,s5117,Movie,Lydia Tenaglia,Mexico,"December 20, 2017",2016,Restricted,103,Minutes
5117,s5118,Movie,Peter Orton,United Kingdom,"December 19, 2017",2017,Mature Adults,69,Minutes
5121,s5122,Movie,Ernie Barbarash,United States,"December 15, 2017",2017,General Audience,105,Minutes
5122,s5123,Movie,Varun Narvekar,India,"December 15, 2017",2017,Mature Adults,128,Minutes
5123,s5124,Movie,Seth Henrikson,United States,"December 15, 2017",2017,Parents Strongly Cautioned,86,Minutes
5124,s5125,Movie,Benson Lee,South Korea,"December 15, 2017",2015,Mature Adults,109,Minutes
5127,s5128,Movie,Marcus Raboy,United States,"December 12, 2017",2017,Mature Adults,70,Minutes
5129,s5130,Movie,David E. Talbert,United States,"December 8, 2017",2017,Mature Adults,89,Minutes
5130,s5131,Movie,Umesh Mehra,India,"December 8, 2017",1986,14+ Teens,162,Minutes
5131,s5132,Movie,"Latif Faiziyev, Umesh Mehra",India,"December 8, 2017",1991,14+ Teens,163,Minutes
5132,s5133,Movie,Drew Heriot,Australia,"December 7, 2017",2006,14+ Teens,91,Minutes
5133,s5134,Movie,Joel Crawford,United States,"December 6, 2017",2017,Kids 7+,27,Minutes
5134,s5135,Movie,Jay Chapman,United States,"December 5, 2017",2017,Mature Adults,67,Minutes
5135,s5136,Movie,Imtiaz Ali,India,"December 2, 2017",2017,Mature Adults,142,Minutes
5136,s5137,Movie,Michael Barrett,Japan,"December 2, 2017",2017,Mature Adults,78,Minutes
5137,s5138,Movie,"Evan Spiridellis, Jeff Gill",United States,"December 1, 2017",2017,Children,26,Minutes
5142,s5143,Movie,Leopoldo Aguilar,India,"December 1, 2017",2017,Kids 7+,81,Minutes
5143,s5144,Movie,"Nana Ekvtimishvili, Simon Gross",Georgia,"December 1, 2017",2017,14+ Teens,119,Minutes
5144,s5145,TV Show,Olivier Jean-Marie,France,"December 1, 2017",2017,Kids 7+,1,Seasons
5146,s5147,Movie,Ali F. Mostafa,United Arab Emirates,"December 1, 2017",2016,Mature Adults,99,Minutes
5148,s5149,Movie,"Myles Kane, Josh Koury",United States,"December 1, 2017",2017,Mature Adults,96,Minutes
5151,s5152,Movie,Shreyas Talpade,India,"November 27, 2017",2017,Parents Strongly Cautioned,128,Minutes
5152,s5153,Movie,Jon Alpert,United States,"November 24, 2017",2017,14+ Teens,114,Minutes
5153,s5154,Movie,Ibai Abad,Spain,"November 24, 2017",2016,Mature Adults,101,Minutes
5158,s5159,Movie,"Barbra Streisand, Jim Gable",United States,"November 22, 2017",2017,14+ Teens,109,Minutes
5160,s5161,Movie,Josh Wakely,Australia,"November 21, 2017",2017,Children,51,Minutes
5161,s5162,Movie,Troy Miller,United States,"November 21, 2017",2017,Parental Guidance,61,Minutes
5162,s5163,Movie,Jacob Kornbluth,United States,"November 21, 2017",2017,Parental Guidance,73,Minutes
5163,s5164,Movie,Alex Zamm,United States,"November 17, 2017",2017,Parental Guidance,92,Minutes
5164,s5165,Movie,Chris Smith,Canada,"November 17, 2017",2017,Mature Adults,94,Minutes
5167,s5168,Movie,Dee Rees,United States,"November 17, 2017",2017,Restricted,135,Minutes
5171,s5172,Movie,Marcus Raboy,United States,"November 14, 2017",2017,Mature Adults,66,Minutes
5172,s5173,Movie,Alain Desrochers,Canada,"November 11, 2017",2017,Mature Adults,126,Minutes
5174,s5175,TV Show,Go Koga,Japan,"November 10, 2017",2017,Kids 7+,2,Seasons
5176,s5177,Movie,"Raúl Campos, Jan Suter",Mexico,"November 10, 2017",2017,Mature Adults,54,Minutes
5177,s5178,Movie,Marcelo Galvão,Brazil,"November 10, 2017",2017,Mature Adults,100,Minutes
5179,s5180,Movie,Christian Charles,United States,"November 7, 2017",2002,Restricted,81,Minutes
5181,s5182,Movie,Bronwen Hughes,United States,"November 7, 2017",2016,Restricted,123,Minutes
5182,s5183,Movie,John Ridley,United States,"November 6, 2017",2017,Mature Adults,144,Minutes
5183,s5184,Movie,Anees Bazmee,India,"November 5, 2017",2017,Parents Strongly Cautioned,153,Minutes
5186,s5187,Movie,Alo Sarkar,India,"November 1, 2017",1978,Parental Guidance,141,Minutes
5187,s5188,Movie,Iñaki Dorronsoro,Spain,"November 1, 2017",2016,Mature Adults,104,Minutes
5188,s5189,Movie,"Ali Bin Matar, Ibrahim Bin Mohamed",United Arab Emirates,"November 1, 2017",2016,Parental Guidance,97,Minutes
5189,s5190,Movie,Ali Samadi Ahadi,Germany,"November 1, 2017",2016,General Audience,82,Minutes
5190,s5191,Movie,D Ho,China,"November 1, 2017",2017,Mature Adults,98,Minutes
5196,s5197,Movie,Judah Friedlander,United States,"October 31, 2017",2017,Mature Adults,84,Minutes
5197,s5198,Movie,Errol Morris,United States,"October 31, 2017",2016,Restricted,76,Minutes
5198,s5199,Movie,Alex Israel,United States,"October 30, 2017",2017,Parents Strongly Cautioned,75,Minutes
5199,s5200,Movie,Robert Vince,Canada,"October 28, 2017",2017,Parental Guidance,93,Minutes
5201,s5202,Movie,Griffin Dunne,United States,"October 27, 2017",2017,14+ Teens,98,Minutes
5202,s5203,Movie,Katherine Dieckmann,United States,"October 26, 2017",2016,Restricted,91,Minutes
5203,s5204,Movie,Quentin Tarantino,United States,"October 25, 2017",2015,Restricted,168,Minutes
5204,s5205,Movie,Brian Klein,United Kingdom,"October 24, 2017",2017,Mature Adults,68,Minutes
5207,s5208,Movie,Zak Hilditch,United States,"October 20, 2017",2017,Mature Adults,103,Minutes
5209,s5210,Movie,"Heidi Ewing, Rachel Grady",United States,"October 20, 2017",2017,14+ Teens,95,Minutes
5211,s5212,Movie,Jeremy Rush,United States,"October 20, 2017",2017,Mature Adults,82,Minutes
5212,s5213,Movie,Reem Kherici,France,"October 19, 2017",2017,Mature Adults,94,Minutes
5213,s5214,Movie,Bobcat Goldthwait,United States,"October 17, 2017",2017,Mature Adults,66,Minutes
5214,s5215,Movie,Milan Luthria,India,"October 16, 2017",2017,14+ Teens,135,Minutes
5217,s5218,Movie,Ranjit Tiwari,India,"October 16, 2017",2017,14+ Teens,144,Minutes
5218,s5219,Movie,David Stubbs,New Zealand,"October 15, 2017",2015,Mature Adults,90,Minutes
5220,s5221,Movie,Shakti Samanta,India,"October 15, 2017",1960,Parental Guidance,158,Minutes
5222,s5223,Movie,Mahmoud al Massad,Germany,"October 13, 2017",2016,14+ Teens,83,Minutes
5223,s5224,Movie,Yesim Ustaoglu,Turkey,"October 13, 2017",2016,Mature Adults,102,Minutes
5224,s5225,Movie,Jan Suter,Mexico,"October 13, 2017",2017,Mature Adults,52,Minutes
5225,s5226,Movie,Lucy Cohen,United Kingdom,"October 13, 2017",2017,Mature Adults,110,Minutes
5226,s5227,Movie,McG,United States,"October 13, 2017",2017,Mature Adults,85,Minutes
5227,s5228,Movie,Noah Baumbach,United States,"October 13, 2017",2017,Mature Adults,113,Minutes
5228,s5229,Movie,Mahmoud Sabbagh,Saudi Arabia,"October 12, 2017",2016,Mature Adults,88,Minutes
5229,s5230,Movie,Borja Cobeaga,Spain,"October 12, 2017",2017,Mature Adults,89,Minutes
5230,s5231,Movie,Jay Karas,United States,"October 10, 2017",2017,Mature Adults,59,Minutes
5233,s5234,Movie,David France,Greece,"October 6, 2017",2017,Mature Adults,106,Minutes
5234,s5235,Movie,Brandon Jones,United States,"October 3, 2017",2017,Mature Adults,66,Minutes
5235,s5236,Movie,Geun-hyun Cho,South Korea,"October 1, 2017",2012,Mature Adults,135,Minutes
5238,s5239,Movie,Carlos Therón,Spain,"October 1, 2017",2017,Mature Adults,93,Minutes
5239,s5240,Movie,Francesco Carrozzini,United States,"October 1, 2017",2016,Mature Adults,79,Minutes
5240,s5241,Movie,Vlad Yudin,United States,"October 1, 2017",2017,Parents Strongly Cautioned,107,Minutes
5241,s5242,Movie,Karen J. Lloyd,Canada,"October 1, 2017",2016,Kids 7+,47,Minutes
5248,s5249,Movie,Vibeke Idsøe,Norway,"October 1, 2017",2016,14+ Teens,118,Minutes
5249,s5250,Movie,"Carlos Algara, Alejandro Martinez-Beltran",Mexico,"October 1, 2017",2017,Mature Adults,81,Minutes
5252,s5253,Movie,Mike Flanagan,United States,"September 29, 2017",2017,Mature Adults,103,Minutes
5253,s5254,Movie,Jacob LaMendola,United States,"September 29, 2017",2017,14+ Teens,40,Minutes
5255,s5256,Movie,Ritesh Batra,United States,"September 29, 2017",2017,14+ Teens,103,Minutes
5260,s5261,Movie,Nabil Ayouch,France,"September 27, 2017",2015,Mature Adults,104,Minutes
5261,s5262,Movie,Louis J. Horvitz,United States,"September 26, 2017",2017,Mature Adults,82,Minutes
5264,s5265,Movie,Warren P. Sonoda,Canada,"September 24, 2017",2014,Adults Only,112,Minutes
5265,s5266,Movie,Álex de la Iglesia,Spain,"September 24, 2017",2017,Mature Adults,102,Minutes
5266,s5267,Movie,Chris Moukarbel,United States,"September 22, 2017",2017,Mature Adults,101,Minutes
5267,s5268,Movie,Ana Lily Amirpour,United States,"September 22, 2017",2016,Restricted,119,Minutes
5268,s5269,Movie,Michael Bonfiglio,United States,"September 19, 2017",2017,14+ Teens,62,Minutes
5269,s5270,Movie,Conrad Helten,United States,"September 18, 2017",2017,Children,64,Minutes
5270,s5271,Movie,Angelina Jolie,Cambodia,"September 15, 2017",2017,Mature Adults,137,Minutes
5271,s5272,Movie,Yance Ford,United States,"September 15, 2017",2017,Mature Adults,108,Minutes
5273,s5274,Movie,Ben Wallis,United States,"September 13, 2017",2017,General,78,Minutes
5275,s5276,Movie,Elaine McMillion Sheldon,United States,"September 12, 2017",2017,14+ Teens,40,Minutes
5276,s5277,Movie,Michael Simon,United States,"September 12, 2017",2017,Mature Adults,71,Minutes
5277,s5278,Movie,Fernando Lebrija,United States,"September 8, 2017",2017,14+ Teens,99,Minutes
5279,s5280,Movie,"Rodrigo Toro, Francisco Schultz",Chile,"September 8, 2017",2017,Mature Adults,60,Minutes
5282,s5283,Movie,Susan Johnson,United States,"September 5, 2017",2016,Mature Adults,98,Minutes
5283,s5284,Movie,Lynn Shelton,United States,"September 5, 2017",2017,Mature Adults,70,Minutes
5290,s5291,Movie,Rajiv Mehra,India,"September 1, 2017",1988,14+ Teens,148,Minutes
5292,s5293,Movie,Toshiyuki Kubooka,Japan,"September 1, 2017",2012,Mature Adults,92,Minutes
5293,s5294,Movie,Toshiyuki Kubooka,Japan,"September 1, 2017",2013,Mature Adults,107,Minutes
5294,s5295,Movie,Todd S. Yellin,United States,"September 1, 2017",2006,Mature Adults,90,Minutes
5296,s5297,Movie,Rajiv Mehra,India,"September 1, 2017",1983,14+ Teens,151,Minutes
5300,s5301,Movie,Mohammed Hussain,India,"September 1, 2017",1973,14+ Teens,132,Minutes
5302,s5303,Movie,Eli Craig,United States,"September 1, 2017",2017,Mature Adults,95,Minutes
5303,s5304,Movie,Shammi Kapoor,India,"September 1, 2017",1974,14+ Teens,162,Minutes
5304,s5305,Movie,Umesh Mehra,India,"September 1, 2017",1989,14+ Teens,163,Minutes
5306,s5307,Movie,Florian Schnell,Germany,"September 1, 2017",2016,Mature Adults,89,Minutes
5307,s5308,Movie,"Josh Izenberg, Wynn Padula",United States,"September 1, 2017",2017,Mature Adults,28,Minutes
5308,s5309,Movie,"Thierry Demaizière, Alban Teurlai",France,"September 1, 2017",2016,Mature Adults,103,Minutes
5309,s5310,Movie,"Latif Faiziyev, Umesh Mehra",India,"September 1, 2017",1984,14+ Teens,160,Minutes
5310,s5311,Movie,"Gastón Duprat, Mariano Cohn",Argentina,"September 1, 2017",2016,Mature Adults,113,Minutes
5311,s5312,Movie,Gary Wang,China,"September 1, 2017",2016,General Audience,86,Minutes
5312,s5313,Movie,Raz Degan,United Kingdom,"September 1, 2017",2016,14+ Teens,83,Minutes
5313,s5314,Movie,Israel Adrián Caetano,Argentina,"September 1, 2017",2017,Mature Adults,113,Minutes
5314,s5315,Movie,"Mariano Cohn, Gastón Duprat",Argentina,"September 1, 2017",2016,Mature Adults,86,Minutes
5315,s5316,Movie,Marcus Raboy,United States,"August 29, 2017",2017,14+ Teens,57,Minutes
5316,s5317,Movie,Sarah Adina Smith,United States,"August 26, 2017",2016,Mature Adults,98,Minutes
5317,s5318,Movie,Cate Shortland,Australia,"August 25, 2017",2017,Restricted,116,Minutes
5318,s5319,Movie,Adam Wingard,United States,"August 25, 2017",2017,Mature Adults,100,Minutes
5319,s5320,Movie,Marcus Raboy,United States,"August 22, 2017",2017,Mature Adults,51,Minutes
5322,s5323,Movie,"Daniel Lindsay, T.J. Martin",United States,"August 18, 2017",2011,Parents Strongly Cautioned,113,Minutes
5323,s5324,Movie,Tommy Wirkola,United Kingdom,"August 18, 2017",2017,Mature Adults,124,Minutes
5325,s5326,Movie,Jay Chapman,United States,"August 15, 2017",2017,Mature Adults,63,Minutes
5326,s5327,Movie,Jay Chapman,United States,"August 15, 2017",2015,Mature Adults,56,Minutes
5328,s5329,Movie,Peter Hutchings,United States,"August 14, 2017",2017,14+ Teens,94,Minutes
5329,s5330,Movie,Jean-Claude La Marre,United States,"August 12, 2017",2017,Mature Adults,90,Minutes
5330,s5331,Movie,Jorge Hernandez Aldana,Mexico,"August 12, 2017",2015,Mature Adults,71,Minutes
5331,s5332,Movie,Michael Tiddes,United States,"August 11, 2017",2017,14+ Teens,97,Minutes
5332,s5333,Movie,Will Canon,United States,"August 10, 2017",2015,Restricted,83,Minutes
5333,s5334,Movie,Ernie Barbarash,United States,"August 10, 2017",2017,14+ Teens,92,Minutes
5334,s5335,Movie,S.S. Rajamouli,India,"August 7, 2017",2017,Mature Adults,165,Minutes
5337,s5338,Movie,S.S. Rajamouli,India,"August 7, 2017",2015,14+ Teens,159,Minutes
5340,s5341,Movie,Rob Silvestri,United States,"August 6, 2017",2015,Kids 7+,22,Minutes
5341,s5342,Movie,Matthias Hoene,France,"August 5, 2017",2016,Parents Strongly Cautioned,105,Minutes
5342,s5343,Movie,"Raúl Campos, Jan Suter",Mexico,"August 4, 2017",2017,Mature Adults,54,Minutes
5343,s5344,Movie,Bryan Fogel,United States,"August 4, 2017",2017,Mature Adults,121,Minutes
5344,s5345,Movie,Fabrice Du Welz,United Kingdom,"August 4, 2017",2017,Restricted,103,Minutes
5346,s5347,Movie,Fernando González Molina,Spain,"August 3, 2017",2017,Mature Adults,129,Minutes
5351,s5352,Movie,John Butler,Ireland,"August 1, 2017",2016,Mature Adults,95,Minutes
5353,s5354,Movie,Ali Scher,United States,"August 1, 2017",2016,Children,80,Minutes
5358,s5359,Movie,Isaac Rentz,United States,"August 1, 2017",2016,Mature Adults,84,Minutes
5359,s5360,Movie,Clay Glen,Australia,"August 1, 2017",2016,Children,97,Minutes
5361,s5362,Movie,Christopher Murray,Chile,"August 1, 2017",2016,Mature Adults,86,Minutes
5364,s5365,Movie,Claude Lelouch,France,"August 1, 2017",2015,Mature Adults,114,Minutes
5367,s5368,TV Show,Vanessa Roth,United States,"July 28, 2017",2017,14+ Teens,1,Seasons
5368,s5369,Movie,Jim Strouse,United States,"July 28, 2017",2017,Mature Adults,84,Minutes
5369,s5370,Movie,Daniel Gray Longino,United States,"July 25, 2017",2017,Mature Adults,67,Minutes
5370,s5371,Movie,Kasper Collin,Sweden,"July 24, 2017",2016,14+ Teens,91,Minutes
5371,s5372,Movie,Fazila Allana,India,"July 18, 2017",2017,Mature Adults,63,Minutes
5372,s5373,TV Show,Eric Abrams,United States,"July 18, 2017",2017,Mature Adults,1,Seasons
5373,s5374,Movie,Agustí Villaronga,Spain,"July 17, 2017",2017,Mature Adults,116,Minutes
5374,s5375,Movie,Esteban Crespo,Spain,"July 15, 2017",2017,Mature Adults,104,Minutes
5375,s5376,Movie,Harry Chaskin,United States,"July 14, 2017",2017,Kids 7+,14,Minutes
5376,s5377,Movie,Jeff Orlowski,United States,"July 14, 2017",2017,Parental Guidance,89,Minutes
5377,s5378,Movie,Marti Noxon,United States,"July 14, 2017",2017,Mature Adults,108,Minutes
5378,s5379,Movie,Jay Chapman,United States,"July 13, 2017",2014,Mature Adults,59,Minutes
5379,s5380,Movie,Jay Chapman,United States,"July 13, 2017",2014,Mature Adults,74,Minutes
5381,s5382,TV Show,Stefan Brogren,Canada,"July 7, 2017",2017,14+ Teens,4,Seasons
5385,s5386,Movie,Pat Healy,United States,"July 7, 2017",2017,Mature Adults,84,Minutes
5387,s5388,Movie,Nicolas Brossette,France,"July 1, 2017",2012,14+ Teens,97,Minutes
5388,s5389,TV Show,Serdar Akar,Turkey,"July 1, 2017",2016,Mature Adults,1,Seasons
5389,s5390,Movie,Clay Glen,Australia,"July 1, 2017",2011,Parental Guidance,95,Minutes
5391,s5392,Movie,Lekh Tandon,India,"July 1, 2017",1966,Parental Guidance,116,Minutes
5394,s5395,Movie,Doesjka van Hoogdalem,Netherlands,"July 1, 2017",2018,Mature Adults,86,Minutes
5396,s5397,Movie,Sushil Majumdar,India,"July 1, 2017",1971,14+ Teens,153,Minutes
5398,s5399,Movie,Geetu Mohandas,India,"July 1, 2017",2013,Mature Adults,104,Minutes
5400,s5401,Movie,Lekh Tandon,India,"July 1, 2017",1962,Parental Guidance,163,Minutes
5402,s5403,Movie,Paulo Oriol,Spain,"July 1, 2017",2016,14+ Teens,106,Minutes
5408,s5409,Movie,Umesh Mehra,India,"July 1, 2017",1994,14+ Teens,148,Minutes
5411,s5412,Movie,Oskar Santos,Spain,"July 1, 2017",2016,Parental Guidance,105,Minutes
5415,s5416,Movie,Bong Joon Ho,South Korea,"June 28, 2017",2017,Mature Adults,121,Minutes
5416,s5417,Movie,Bill D'Elia,United States,"June 27, 2017",2017,Mature Adults,66,Minutes
5417,s5418,Movie,Justin Kelly,United States,"June 26, 2017",2015,Mature Adults,102,Minutes
5418,s5419,Movie,Brian Knappenberger,Netherlands,"June 23, 2017",2017,14+ Teens,96,Minutes
5419,s5420,Movie,Brent Bonacorso,United States,"June 23, 2017",2017,Mature Adults,89,Minutes
5420,s5421,Movie,Nitesh Tiwari,India,"June 21, 2017",2016,Parental Guidance,161,Minutes
5423,s5424,Movie,"Roy Burdine, Johnny Castuciano",United States,"June 20, 2017",2017,Kids 7+,24,Minutes
5424,s5425,Movie,Scott Moran,United States,"June 20, 2017",2017,Mature Adults,66,Minutes
5426,s5427,Movie,Jay Bulger,United States,"June 16, 2017",2017,Mature Adults,91,Minutes
5427,s5428,Movie,"Kip Andersen, Keegan Kuhn",United States,"June 16, 2017",2017,Parental Guidance,92,Minutes
5428,s5429,TV Show,Iginio Straffi,Italy,"June 16, 2017",2017,Kids 7+,2,Seasons
5429,s5430,Movie,Arun Chidambaram,India,"June 15, 2017",2017,Parental Guidance,104,Minutes
5430,s5431,Movie,Caio Cobra,Brazil,"June 15, 2017",2017,Mature Adults,73,Minutes
5431,s5432,Movie,Cal Seville,United Kingdom,"June 15, 2017",2017,Parental Guidance,47,Minutes
5432,s5433,Movie,Michael John Warren,United States,"June 13, 2017",2017,Mature Adults,102,Minutes
5435,s5436,TV Show,Chang-Min Lee,South Korea,"June 10, 2017",2017,14+ Teens,1,Seasons
5440,s5441,Movie,Oren Uziel,Canada,"June 9, 2017",2017,Mature Adults,87,Minutes
5441,s5442,Movie,Manika Sharma,India,"June 5, 2017",2017,14+ Teens,117,Minutes
5442,s5443,Movie,"Timo Tjahjanto, Kimo Stamboel",Indonesia,"June 3, 2017",2016,Mature Adults,119,Minutes
5443,s5444,Movie,Salvador Calvo,Spain,"June 2, 2017",2016,Restricted,130,Minutes
5446,s5447,Movie,Jun-seong Kim,South Korea,"June 2, 2017",2017,Mature Adults,102,Minutes
5447,s5448,Movie,Umesh Mehra,India,"June 1, 2017",1993,14+ Teens,154,Minutes
5448,s5449,Movie,Edward Cotterill,United Kingdom,"June 1, 2017",2017,Parental Guidance,44,Minutes
5449,s5450,Movie,Onur Tukel,United States,"June 1, 2017",2016,Mature Adults,96,Minutes
5450,s5451,Movie,Cal Seville,United Kingdom,"June 1, 2017",2017,14+ Teens,47,Minutes
5451,s5452,Movie,Edward Cotterill,United Kingdom,"June 1, 2017",2017,Parental Guidance,44,Minutes
5452,s5453,Movie,Jayaprakash Radhakrishnan,India,"June 1, 2017",2015,Mature Adults,109,Minutes
5453,s5454,Movie,Rob Meyer,United States,"June 1, 2017",2016,Mature Adults,89,Minutes
5454,s5455,Movie,Anita Barbosa,Brazil,"June 1, 2017",2017,Mature Adults,92,Minutes
5455,s5456,Movie,Ketan Mehta,France,"June 1, 2017",1993,14+ Teens,122,Minutes
5456,s5457,Movie,Daniel Wilner,Canada,"June 1, 2017",2017,Parental Guidance,19,Minutes
5460,s5461,Movie,Ketan Mehta,India,"June 1, 2017",1995,14+ Teens,154,Minutes
5461,s5462,Movie,Lekh Tandon,India,"June 1, 2017",1969,Parental Guidance,152,Minutes
5462,s5463,Movie,Umesh Mehra,India,"June 1, 2017",1998,14+ Teens,161,Minutes
5463,s5464,Movie,Alberto Rodríguez,Spain,"June 1, 2017",2016,14+ Teens,123,Minutes
5466,s5467,Movie,Edward Cotterill,United Kingdom,"June 1, 2017",2017,Parental Guidance,44,Minutes
5467,s5468,Movie,Cosima Spender,United Kingdom,"May 31, 2017",2011,14+ Teens,80,Minutes
5468,s5469,Movie,Liam Lynch,United States,"May 30, 2017",2017,Mature Adults,71,Minutes
5469,s5470,Movie,Vishal Bhardwaj,India,"May 29, 2017",2017,14+ Teens,153,Minutes
5471,s5472,Movie,Joe Piscatella,United States,"May 26, 2017",2017,14+ Teens,79,Minutes
5472,s5473,Movie,Rahul Dholakia,India,"May 26, 2017",2017,14+ Teens,143,Minutes
5473,s5474,Movie,David Michôd,United States,"May 26, 2017",2017,Mature Adults,123,Minutes
5474,s5475,Movie,Jean-Patrick Benes,France,"May 23, 2017",2016,Mature Adults,80,Minutes
5476,s5477,Movie,Hiroyuki Seshita,Japan,"May 19, 2017",2017,14+ Teens,106,Minutes
5478,s5479,Movie,"Lygia Barbosa da Silva, Eliane Brum",Brazil,"May 19, 2017",2017,Mature Adults,101,Minutes
5480,s5481,Movie,Ryan Polito,United States,"May 16, 2017",2017,Mature Adults,59,Minutes
5481,s5482,Movie,Rajiv Mehra,India,"May 15, 2017",1992,14+ Teens,164,Minutes
5482,s5483,Movie,Kundan Shah,India,"May 15, 2017",1994,14+ Teens,151,Minutes
5483,s5484,Movie,So Yong Kim,United States,"May 15, 2017",2016,Mature Adults,84,Minutes
5484,s5485,Movie,Alina Teodorescu,United States,"May 15, 2017",2010,14+ Teens,51,Minutes
5485,s5486,Movie,Rajiv Mehra,India,"May 15, 2017",1995,14+ Teens,142,Minutes
5486,s5487,Movie,Filip Renc,Czech Republic,"May 15, 2017",2016,Mature Adults,110,Minutes
5487,s5488,Movie,Andy Tennant,Germany,"May 13, 2017",2016,Parents Strongly Cautioned,86,Minutes
5489,s5490,Movie,"Dylan Bank, Daniel DiMauro, Morgan Pehme",United States,"May 12, 2017",2017,Mature Adults,101,Minutes
5490,s5491,Movie,Sean Foley,United Kingdom,"May 12, 2017",2017,Mature Adults,88,Minutes
5491,s5492,Movie,Pierre Coré,France,"May 12, 2017",2017,Kids 7+,86,Minutes
5492,s5493,Movie,Liz Plonka,United States,"May 9, 2017",2017,Mature Adults,61,Minutes
5493,s5494,Movie,Jeff Garlin,United States,"May 5, 2017",2017,Mature Adults,81,Minutes
5495,s5496,Movie,"Jan Suter, Raúl Campos",Mexico,"May 5, 2017",2017,Mature Adults,72,Minutes
5496,s5497,Movie,Michael Barnett,United States,"May 5, 2017",2017,Parental Guidance,98,Minutes
5497,s5498,Movie,Jessica Yu,United States,"May 2, 2017",2017,Mature Adults,64,Minutes
5498,s5499,Movie,K. Rajagopal,Singapore,"May 1, 2017",2016,Mature Adults,111,Minutes
5499,s5500,Movie,Mahesh Bhatt,India,"May 1, 2017",1996,14+ Teens,148,Minutes
5500,s5501,Movie,Praveen Nischol,India,"May 1, 2017",1996,14+ Teens,163,Minutes
5501,s5502,Movie,Lucien Jean-Baptiste,France,"May 1, 2017",2016,Mature Adults,95,Minutes
5502,s5503,Movie,Jalil Lespert,France,"May 1, 2017",2016,Mature Adults,99,Minutes
5503,s5504,Movie,Edward Cotterill,United Kingdom,"May 1, 2017",2017,Parental Guidance,44,Minutes
5504,s5505,Movie,Sean Cisterna,Canada,"May 1, 2017",2017,Mature Adults,93,Minutes
5505,s5506,Movie,Sudhanshu Saria,India,"May 1, 2017",2015,Mature Adults,89,Minutes
5506,s5507,Movie,Dilip Mehta,Canada,"May 1, 2017",2016,Mature Adults,83,Minutes
5507,s5508,Movie,"Isaki Lacuesta, Isa Campo",Spain,"May 1, 2017",2016,Mature Adults,104,Minutes
5508,s5509,Movie,Kitty Green,United States,"April 28, 2017",2017,14+ Teens,81,Minutes
5511,s5512,Movie,Spike Lee,United States,"April 28, 2017",2017,Mature Adults,53,Minutes
5512,s5513,Movie,Evan Katz,Canada,"April 28, 2017",2017,Mature Adults,95,Minutes
5515,s5516,Movie,Gauri Shinde,India,"April 25, 2017",2016,14+ Teens,149,Minutes
5516,s5517,Movie,Oliver Schmitz,South Africa,"April 25, 2017",2016,Restricted,106,Minutes
5517,s5518,Movie,"Felix Herngren, Måns Herngren",Sweden,"April 25, 2017",2016,Mature Adults,108,Minutes
5518,s5519,Movie,Marcus Raboy,United States,"April 25, 2017",2017,Mature Adults,66,Minutes
5521,s5522,TV Show,"Jill Bauer, Ronna Gradus, Rashida Jones",United States,"April 21, 2017",2017,Mature Adults,1,Seasons
5522,s5523,Movie,Fernando Coimbra,United States,"April 21, 2017",2017,Mature Adults,113,Minutes
5524,s5525,Movie,Adam Leon,United States,"April 21, 2017",2017,Mature Adults,83,Minutes
5525,s5526,Movie,Jay Chapman,United States,"April 18, 2017",2017,Mature Adults,50,Minutes
5526,s5527,Movie,Detlev Buck,Germany,"April 15, 2017",2014,Parental Guidance,97,Minutes
5527,s5528,Movie,Detlev Buck,Germany,"April 15, 2017",2014,14+ Teens,105,Minutes
5528,s5529,Movie,Detlev Buck,Germany,"April 15, 2017",2016,14+ Teens,107,Minutes
5529,s5530,Movie,Andrea Molaioli,Italy,"April 15, 2017",2017,Mature Adults,99,Minutes
5530,s5531,Movie,Kemi Adetiba,Nigeria,"April 15, 2017",2016,14+ Teens,101,Minutes
5531,s5532,Movie,Marie Madinier,France,"April 14, 2017",2016,14+ Teens,81,Minutes
5532,s5533,Movie,Miguel Ángel Lamata,Spain,"April 14, 2017",2016,Mature Adults,92,Minutes
5533,s5534,Movie,Steven Brill,United States,"April 14, 2017",2017,14+ Teens,131,Minutes
5534,s5535,Movie,Antonio Serrano,Mexico,"April 12, 2017",2016,Mature Adults,101,Minutes
5535,s5536,Movie,Leslie Small,United States,"April 11, 2017",2016,Restricted,96,Minutes
5536,s5537,Movie,"Grant S. Johnson, Ippsie Jones",United States,"April 10, 2017",2017,Mature Adults,85,Minutes
5539,s5540,Movie,Gerardo Olivares,Spain,"April 7, 2017",2016,Mature Adults,110,Minutes
5540,s5541,Movie,Joe Swanberg,United States,"April 7, 2017",2017,Mature Adults,89,Minutes
5543,s5544,Movie,Alexandre Reinecke,Brazil,"April 1, 2017",2016,Mature Adults,88,Minutes
5544,s5545,Movie,Jamal Hill,United States,"April 1, 2017",2016,Mature Adults,88,Minutes
5545,s5546,Movie,K. Ramanlal,India,"April 1, 2017",1971,14+ Teens,143,Minutes
5546,s5547,Movie,Maris Curran,United States,"April 1, 2017",2015,Mature Adults,83,Minutes
5547,s5548,Movie,Avinash Arun,India,"April 1, 2017",2014,14+ Teens,107,Minutes
5548,s5549,Movie,Jason Spingarn-Koff,United States,"April 1, 2017",2010,Mature Adults,99,Minutes
5549,s5550,Movie,A. Salaam,India,"April 1, 2017",1975,14+ Teens,134,Minutes
5550,s5551,Movie,Eduardo Casanova,Spain,"April 1, 2017",2017,Mature Adults,78,Minutes
5551,s5552,Movie,Daniel Burman,Argentina,"April 1, 2017",2016,Mature Adults,81,Minutes
5552,s5553,Movie,Kike Maíllo,Spain,"April 1, 2017",2016,Mature Adults,106,Minutes
5555,s5556,TV Show,Gordon Anderson,United Kingdom,"March 31, 2017",2016,Mature Adults,2,Seasons
5556,s5557,Movie,Charlie McDowell,United States,"March 31, 2017",2017,Mature Adults,102,Minutes
5557,s5558,Movie,Shannon Hartman,United States,"March 28, 2017",2017,Mature Adults,63,Minutes
5559,s5560,Movie,Diego Pignataro,Brazil,"March 24, 2017",2017,Mature Adults,91,Minutes
5560,s5561,Movie,Meghan O'Hara,United States,"March 24, 2017",2016,14+ Teens,93,Minutes
5561,s5562,Movie,Tommy O'Haver,United States,"March 24, 2017",2017,Mature Adults,93,Minutes
5562,s5563,TV Show,Stan Lathan,United States,"March 21, 2017",2017,Mature Adults,1,Seasons
5564,s5565,Movie,Lonny Price,United States,"March 18, 2017",2016,Mature Adults,97,Minutes
5565,s5566,Movie,Sydney Freeland,United States,"March 17, 2017",2017,14+ Teens,92,Minutes
5568,s5569,Movie,Jung-woo Park,South Korea,"March 17, 2017",2016,Mature Adults,137,Minutes
5570,s5571,Movie,James Ivory,United Kingdom,"March 16, 2017",1992,Parental Guidance,143,Minutes
5571,s5572,Movie,Santosh Sivan,India,"March 15, 2017",2001,Restricted,168,Minutes
5572,s5573,Movie,Erik Canuel,Canada,"March 15, 2017",2006,Mature Adults,117,Minutes
5573,s5574,Movie,"Peter Middleton, James Spinney",United Kingdom,"March 15, 2017",2016,Parental Guidance,87,Minutes
5574,s5575,Movie,Shashilal K. Nair,India,"March 15, 2017",2001,14+ Teens,160,Minutes
5576,s5577,Movie,Shannon Hartman,United States,"March 14, 2017",2017,Mature Adults,62,Minutes
5577,s5578,Movie,Marcel Barrena,Portugal,"March 10, 2017",2016,Mature Adults,109,Minutes
5579,s5580,Movie,Gerard McMurray,United States,"March 10, 2017",2017,Mature Adults,102,Minutes
5581,s5582,Movie,Yılmaz Erdoğan,Turkey,"March 10, 2017",2013,Parental Guidance,118,Minutes
5582,s5583,Movie,Amy Schumer,United States,"March 7, 2017",2017,Mature Adults,57,Minutes
5584,s5585,Movie,Selvamani Selvaraj,India,"March 1, 2017",2016,Mature Adults,94,Minutes
5586,s5587,Movie,"Seth Barrish, Mike Birbiglia",United States,"February 28, 2017",2017,Mature Adults,71,Minutes
5587,s5588,Movie,Abhinay Deo,India,"February 27, 2017",2016,14+ Teens,123,Minutes
5588,s5589,Movie,Lô Politi,Brazil,"February 26, 2017",2015,Mature Adults,97,Minutes
5589,s5590,Movie,Tomas Portella,Brazil,"February 25, 2017",2015,Mature Adults,99,Minutes
5590,s5591,Movie,Macon Blair,United States,"February 24, 2017",2017,Mature Adults,97,Minutes
5594,s5595,Movie,David Paul Meyer,United States,"February 21, 2017",2017,14+ Teens,67,Minutes
5595,s5596,Movie,Mar Targarona,Spain,"February 19, 2017",2016,Mature Adults,105,Minutes
5596,s5597,Movie,Keith Scholey,United States,"February 19, 2017",2016,General,78,Minutes
5597,s5598,Movie,Juan Pablo Buscarini,Spain,"February 19, 2017",2016,General,99,Minutes
5599,s5600,Movie,Nishikant Kamat,India,"February 17, 2017",2016,Mature Adults,119,Minutes
5600,s5601,Movie,Thomas Stuber,Germany,"February 15, 2017",2015,Mature Adults,109,Minutes
5602,s5603,Movie,"Sam Dunn, Scot McFadyen",Canada,"February 15, 2017",2010,Mature Adults,107,Minutes
5604,s5605,Movie,Raúl Arévalo,Spain,"February 15, 2017",2016,Mature Adults,92,Minutes
5605,s5606,Movie,Matías Bize,Chile,"February 15, 2017",2015,Mature Adults,88,Minutes
5606,s5607,Movie,Michael Paul Stephenson,United States,"February 14, 2017",2017,Mature Adults,71,Minutes
5607,s5608,Movie,Colin Dench,United Kingdom,"February 14, 2017",2017,Mature Adults,64,Minutes
5610,s5611,Movie,Ricky Gervais,United Kingdom,"February 10, 2017",2016,Mature Adults,97,Minutes
5612,s5613,Movie,"Joachim Fest, Christian Herrendoerfer",West Germany,"February 10, 2017",1977,Mature Adults,150,Minutes
5613,s5614,Movie,"Scott Aukerman, Akiva Schaffer",United States,"February 7, 2017",2017,Mature Adults,54,Minutes
5614,s5615,Movie,"Raúl Campos, Jan Suter",Mexico,"February 3, 2017",2017,Mature Adults,78,Minutes
5615,s5616,Movie,Malik Vitthal,United States,"February 3, 2017",2014,Mature Adults,86,Minutes
5616,s5617,Movie,Rohit Shetty,India,"February 1, 2017",2015,Parental Guidance,154,Minutes
5617,s5618,Movie,Farah Khan,India,"February 1, 2017",2014,14+ Teens,179,Minutes
5618,s5619,Movie,Shlok Sharma,India,"February 1, 2017",2015,14+ Teens,93,Minutes
5619,s5620,Movie,Joaquín Mazón,Spain,"February 1, 2017",2016,Mature Adults,97,Minutes
5620,s5621,Movie,Jonás Trueba,Spain,"February 1, 2017",2016,Mature Adults,108,Minutes
5621,s5622,Movie,Peter DeLuise,Canada,"February 1, 2017",2014,Children,92,Minutes
5622,s5623,Movie,Jay Karas,United States,"January 31, 2017",2017,Mature Adults,78,Minutes
5623,s5624,Movie,Alejandra Márquez Abella,Mexico,"January 31, 2017",2015,Mature Adults,87,Minutes
5624,s5625,Movie,Sébastien Betbeder,France,"January 29, 2017",2016,14+ Teens,99,Minutes
5625,s5626,Movie,Adam Randall,United Kingdom,"January 27, 2017",2017,Mature Adults,91,Minutes
5626,s5627,Movie,Marco Dutra,Brazil,"January 25, 2017",2016,Mature Adults,102,Minutes
5627,s5628,Movie,Marcus Raboy,United States,"January 24, 2017",2017,Mature Adults,67,Minutes
5628,s5629,Movie,Mario Rouleau,France,"January 23, 2017",2017,Mature Adults,57,Minutes
5629,s5630,Movie,Aniruddha Roy Chowdhury,India,"January 20, 2017",2016,14+ Teens,130,Minutes
5630,s5631,Movie,Chester Tam,United States,"January 20, 2017",2017,Mature Adults,80,Minutes
5631,s5632,Movie,Neal Brennan,United States,"January 17, 2017",2017,Mature Adults,66,Minutes
5632,s5633,Movie,Hannes Stöhr,Germany,"January 15, 2017",2008,Mature Adults,105,Minutes
5633,s5634,Movie,Andreas Prochaska,Austria,"January 15, 2017",2014,Parental Guidance,98,Minutes
5634,s5635,Movie,Maximilian Erlenwein,Germany,"January 15, 2017",2014,Mature Adults,91,Minutes
5635,s5636,Movie,Burhan Qurbani,Germany,"January 15, 2017",2014,Mature Adults,123,Minutes
5636,s5637,Movie,Hubert Woroniecki,France,"January 13, 2017",2016,14+ Teens,82,Minutes
5637,s5638,Movie,Alistair Legrand,United States,"January 13, 2017",2017,Mature Adults,104,Minutes
5638,s5639,Movie,Mir-Jean Bou Chaaya,Lebanon,"January 12, 2017",2015,Mature Adults,109,Minutes
5639,s5640,Movie,Jeannie Gaffigan,United States,"January 10, 2017",2017,14+ Teens,74,Minutes
5641,s5642,Movie,Babak Anvari,United Kingdom,"January 7, 2017",2016,Parents Strongly Cautioned,84,Minutes
5642,s5643,Movie,Emily Hagins,United States,"January 6, 2017",2017,14+ Teens,98,Minutes
5643,s5644,Movie,Greg Richardson,United States,"January 6, 2017",2013,Kids 7+,22,Minutes
5644,s5645,Movie,Uwe Boll,Canada,"January 5, 2017",2016,Mature Adults,100,Minutes
5645,s5646,Movie,Mitch Schauer,United States,"January 4, 2017",2016,Parental Guidance,75,Minutes
5646,s5647,Movie,Lance Bangs,United States,"January 3, 2017",2017,Mature Adults,69,Minutes
5647,s5648,Movie,Rohit Mittal,India,"January 1, 2017",2016,Mature Adults,97,Minutes
5648,s5649,Movie,"Steve Hickner, Simon J. Smith",United States,"January 1, 2017",2007,Parental Guidance,92,Minutes
5649,s5650,Movie,Jalil Lespert,France,"January 1, 2017",2011,Mature Adults,92,Minutes
5651,s5652,Movie,Abhishek Chaubey,India,"January 1, 2017",2016,Mature Adults,146,Minutes
5652,s5653,Movie,Diego Luna,Mexico,"December 31, 2016",2016,Mature Adults,97,Minutes
5656,s5657,Movie,Jorge Michel Grau,Mexico,"December 23, 2016",2016,Mature Adults,93,Minutes
5657,s5658,Movie,"Riki Lindhome, Jeremy Konner",United States,"December 23, 2016",2016,Mature Adults,62,Minutes
5659,s5660,Movie,Thomas Astruc,France,"December 20, 2016",2016,Kids 7+,22,Minutes
5660,s5661,Movie,Manny Rodriguez,United States,"December 20, 2016",2016,14+ Teens,88,Minutes
5661,s5662,Movie,Vikram Gandhi,United States,"December 16, 2016",2016,Mature Adults,105,Minutes
5663,s5664,Movie,Sean Hanish,United States,"December 16, 2016",2016,Mature Adults,88,Minutes
5664,s5665,Movie,Sinan Akkuş,Germany,"December 15, 2016",2015,Mature Adults,93,Minutes
5666,s5667,Movie,Matt Bell,United Kingdom,"December 15, 2016",2015,Mature Adults,98,Minutes
5674,s5675,TV Show,James Hawes,United Kingdom,"December 15, 2016",2012,Parental Guidance,5,Seasons
5676,s5677,Movie,Elite Zexer,Israel,"December 15, 2016",2016,Parental Guidance,88,Minutes
5678,s5679,Movie,"Raúl Campos, Jan Suter",Mexico,"December 12, 2016",2016,Mature Adults,31,Minutes
5679,s5680,Movie,Alex Lehmann,United States,"December 11, 2016",2016,Mature Adults,83,Minutes
5681,s5682,Movie,James Yukich,United States,"December 9, 2016",2015,General Audience,38,Minutes
5682,s5683,Movie,Nic Mathieu,United States,"December 9, 2016",2016,14+ Teens,108,Minutes
5685,s5686,Movie,Chris Kelly,United States,"December 8, 2016",2016,Mature Adults,97,Minutes
5687,s5688,Movie,Alex Lehmann,United States,"December 6, 2016",2016,Mature Adults,81,Minutes
5688,s5689,Movie,Roman Gackowski,United States,"December 6, 2016",2016,14+ Teens,70,Minutes
5689,s5690,Movie,Benjamin Dickinson,United States,"December 6, 2016",2016,Mature Adults,62,Minutes
5691,s5692,Movie,Sacha Wolff,France,"December 4, 2016",2016,Mature Adults,99,Minutes
5693,s5694,Movie,Adam Nimoy,Canada,"December 2, 2016",2016,14+ Teens,112,Minutes
5694,s5695,Movie,Elizabeth Wood,United States,"December 2, 2016",2016,Mature Adults,90,Minutes
5695,s5696,Movie,Robert McCullough Jr.,United States,"December 1, 2016",2016,Parental Guidance,56,Minutes
5696,s5697,Movie,Shrihari Sathe,India,"December 1, 2016",2014,14+ Teens,89,Minutes
5697,s5698,Movie,Ralph Macchio,United States,"December 1, 2016",2013,Parental Guidance,24,Minutes
5698,s5699,Movie,Ricardo Maldonado,Peru,"December 1, 2016",2015,14+ Teens,100,Minutes
5701,s5702,Movie,Vetrimaaran,India,"December 1, 2016",2015,Mature Adults,116,Minutes
5702,s5703,Movie,Linas Phillips,United States,"December 1, 2016",2016,Mature Adults,92,Minutes
5704,s5705,Movie,Jeff Margolis,United States,"December 1, 2016",1979,Mature Adults,79,Minutes
5705,s5706,Movie,Bauddhayan Mukherji,India,"December 1, 2016",2016,14+ Teens,72,Minutes
5706,s5707,Movie,María Jose Cuevas,Mexico,"November 25, 2016",2016,Mature Adults,92,Minutes
5708,s5709,Movie,Oz Rodriguez,United States,"November 25, 2016",2016,Mature Adults,61,Minutes
5709,s5710,Movie,Chris Sparling,United States,"November 22, 2016",2016,Mature Adults,88,Minutes
5710,s5711,Movie,Qaushiq Mukherjee,India,"November 22, 2016",2012,14+ Teens,113,Minutes
5711,s5712,Movie,"Jan Suter, Raúl Campos Delgado",Mexico,"November 21, 2016",2016,Mature Adults,67,Minutes
5712,s5713,Movie,"Shannon Hartman, Michelle Caputo",United States,"November 19, 2016",2012,Mature Adults,65,Minutes
5713,s5714,Movie,Jerry Seinfeld,United States,"November 18, 2016",2016,Mature Adults,62,Minutes
5714,s5715,Movie,Houda Benyamina,France,"November 18, 2016",2016,Mature Adults,107,Minutes
5717,s5718,Movie,Volker Weicker,Germany,"November 15, 2016",2016,Mature Adults,69,Minutes
5718,s5719,Movie,Manjeet Singh,India,"November 15, 2016",2012,Mature Adults,77,Minutes
5719,s5720,Movie,Jeff Wadlow,United States,"November 11, 2016",2016,14+ Teens,98,Minutes
5721,s5722,Movie,Lorene Machado,United States,"November 10, 2016",2016,Mature Adults,71,Minutes
5724,s5725,Movie,Marcus Raboy,United States,"November 4, 2016",2016,Mature Adults,64,Minutes
5725,s5726,Movie,"Kief Davidson, Richard Ladkani",Austria,"November 4, 2016",2016,14+ Teens,112,Minutes
5726,s5727,Movie,Richard Mears,United Kingdom,"November 1, 2016",2015,Parental Guidance,59,Minutes
5733,s5734,Movie,"Heidi Ewing, Rachel Grady",United States,"November 1, 2016",2016,Mature Adults,91,Minutes
5735,s5736,Movie,Emilio Martínez Lázaro,Spain,"November 1, 2016",2015,Mature Adults,107,Minutes
5736,s5737,Movie,Robert Vince,Canada,"October 29, 2016",2016,General,92,Minutes
5737,s5738,Movie,Osgood Perkins,Canada,"October 28, 2016",2016,14+ Teens,89,Minutes
5738,s5739,Movie,Werner Herzog,United Kingdom,"October 28, 2016",2016,Parental Guidance,107,Minutes
5739,s5740,Movie,Julien Rambaldi,France,"October 28, 2016",2016,14+ Teens,94,Minutes
5740,s5741,Movie,Yvan Attal,France,"October 28, 2016",2016,Mature Adults,110,Minutes
5742,s5743,Movie,Benjamin Weill,France,"October 28, 2016",2016,Mature Adults,81,Minutes
5743,s5744,Movie,Roger Gual,Spain,"October 27, 2016",2016,Mature Adults,77,Minutes
5745,s5746,Movie,Anthony Giordano,United States,"October 21, 2016",2016,Mature Adults,64,Minutes
5746,s5747,Movie,Thomas Sorriaux,France,"October 15, 2016",2016,Mature Adults,97,Minutes
5747,s5748,Movie,Toshiyuki Kubooka,Japan,"October 15, 2016",2012,Mature Adults,77,Minutes
5748,s5749,Movie,Noriyuki Abe,Japan,"October 15, 2016",2008,Parental Guidance,94,Minutes
5749,s5750,Movie,Noriyuki Abe,Japan,"October 15, 2016",2010,14+ Teens,94,Minutes
5750,s5751,Movie,Clovis Cornillac,France,"October 15, 2016",2015,14+ Teens,91,Minutes
5754,s5755,Movie,Kevin MacDonald,United States,"October 14, 2016",2016,Mature Adults,80,Minutes
5755,s5756,Movie,Christopher Guest,United States,"October 13, 2016",2016,Mature Adults,95,Minutes
5756,s5757,Movie,Jonathan Demme,United States,"October 12, 2016",2016,Mature Adults,90,Minutes
5757,s5758,Movie,Ava DuVernay,United States,"October 7, 2016",2016,Mature Adults,101,Minutes
5758,s5759,Movie,Dave Higby,United States,"October 7, 2016",2016,Mature Adults,73,Minutes
5760,s5761,Movie,Richie Smyth,Ireland,"October 7, 2016",2016,Mature Adults,108,Minutes
5761,s5762,Movie,Michael D. Black,United States,"October 4, 2016",2016,Kids 7+,25,Minutes
5764,s5765,Movie,Riccardo Pilizzeri,New Zealand,"October 1, 2016",2016,Mature Adults,86,Minutes
5765,s5766,Movie,Guilherme Fontes,Brazil,"October 1, 2016",2015,Mature Adults,105,Minutes
5767,s5768,Movie,Aamir Bashir,India,"October 1, 2016",2010,Mature Adults,100,Minutes
5770,s5771,Movie,Alejandro Fernández Almendras,Chile,"October 1, 2016",2016,Mature Adults,96,Minutes
5772,s5773,Movie,Álex de la Iglesia,Spain,"October 1, 2016",2015,Mature Adults,97,Minutes
5773,s5774,Movie,Ishi Rudell,United States,"October 1, 2016",2016,Kids 7+,73,Minutes
5774,s5775,TV Show,David Schalko,United States,"October 1, 2016",2015,Mature Adults,1,Seasons
5776,s5777,Movie,Pieter Kuijpers,Netherlands,"October 1, 2016",2016,14+ Teens,132,Minutes
5778,s5779,Movie,Prashant Nair,India,"October 1, 2016",2015,Mature Adults,96,Minutes
5779,s5780,Movie,"Paul Taublieb, Jon Freeman",United States,"October 1, 2016",2016,Mature Adults,92,Minutes
5780,s5781,Movie,Riccardo Milani,Italy,"October 1, 2016",2013,Mature Adults,99,Minutes
5782,s5783,Movie,"Rod Blackhurst, Brian McGinn",Denmark,"September 30, 2016",2016,Mature Adults,92,Minutes
5783,s5784,Movie,"Bonni Cohen, Jon Shenk",United States,"September 23, 2016",2016,Mature Adults,99,Minutes
5784,s5785,Movie,Bobcat Goldthwait,United States,"September 23, 2016",2016,Mature Adults,78,Minutes
5792,s5793,Movie,Tony Elliott,Canada,"September 16, 2016",2016,Mature Adults,89,Minutes
5793,s5794,Movie,Troy Miller,United States,"September 16, 2016",2016,Mature Adults,60,Minutes
5795,s5796,Movie,Orlando von Einsiedel,United Kingdom,"September 16, 2016",2016,Parental Guidance,41,Minutes
5796,s5797,Movie,Dan Forrer,United States,"September 15, 2016",2012,14+ Teens,83,Minutes
5797,s5798,Movie,Dan Krauss,United States,"September 13, 2016",2016,Parental Guidance,25,Minutes
5808,s5809,Movie,Jay Karas,United States,"August 26, 2016",2016,14+ Teens,75,Minutes
5809,s5810,Movie,Christopher Louie,United States,"August 26, 2016",2016,Mature Adults,92,Minutes
5810,s5811,Movie,Justin Krook,United States,"August 19, 2016",2016,Mature Adults,80,Minutes
5815,s5816,Movie,Michael Drumm,United States,"August 11, 2016",2005,14+ Teens,72,Minutes
5816,s5817,Movie,Troy Miller,United States,"August 11, 2016",2009,Parental Guidance,71,Minutes
5817,s5818,Movie,Jay Karas,United States,"August 11, 2016",2012,14+ Teens,77,Minutes
5818,s5819,Movie,Jay Chapman,United States,"August 11, 2016",2014,14+ Teens,70,Minutes
5819,s5820,Movie,Alex Coletti,United States,"August 5, 2016",2016,Mature Adults,73,Minutes
5820,s5821,Movie,Michael Drumm,United States,"August 2, 2016",2011,Mature Adults,81,Minutes
5821,s5822,Movie,John Smithson,United Kingdom,"August 1, 2016",1994,Mature Adults,63,Minutes
5824,s5825,Movie,Christopher Martin,United States,"August 1, 2016",2008,Mature Adults,45,Minutes
5826,s5827,Movie,Tom Whitter,United Kingdom,"August 1, 2016",2008,14+ Teens,46,Minutes
5828,s5829,Movie,Sian Heder,United States,"July 29, 2016",2016,Mature Adults,112,Minutes
5830,s5831,Movie,Karl Mueller,United States,"July 15, 2016",2016,Mature Adults,101,Minutes
5831,s5832,Movie,Joe Berlinger,United States,"July 15, 2016",2016,Mature Adults,117,Minutes
5832,s5833,Movie,Allan Ungar,Canada,"July 14, 2016",2015,Restricted,114,Minutes
5833,s5834,Movie,Qaushiq Mukherjee,India,"July 6, 2016",2016,Mature Adults,96,Minutes
5834,s5835,TV Show,Tensai Okamura,Japan,"July 4, 2016",2016,14+ Teens,2,Seasons
5835,s5836,Movie,Ryan Polito,United States,"July 1, 2016",2016,Mature Adults,87,Minutes
5837,s5838,Movie,"Hemant Gaba, Pratim D. Gupta, Sudhish Kamath, Nalan Kumarasamy, Anu Menon, Sandeep Mohan, Qaushiq Mukherjee, Rajshree Ojha, Raja Sen, Abhinav Shiv Tiwari, Suparn Verma",India,"July 1, 2016",2015,Mature Adults,105,Minutes
5839,s5840,Movie,"Raúl Campos, Jan Suter",Mexico,"June 24, 2016",2016,Mature Adults,80,Minutes
5840,s5841,Movie,Rob Burnett,United States,"June 24, 2016",2016,Mature Adults,97,Minutes
5841,s5842,Movie,Wilson Yip,China,"June 18, 2016",2015,Parents Strongly Cautioned,105,Minutes
5842,s5843,Movie,"Bo Burnham, Christopher Storer",United States,"June 3, 2016",2016,Mature Adults,60,Minutes
5846,s5847,Movie,Steven Brill,United States,"May 27, 2016",2016,Mature Adults,109,Minutes
5847,s5848,Movie,Jay Karas,United States,"May 6, 2016",2016,Mature Adults,60,Minutes
5848,s5849,Movie,Ricky Gervais,Canada,"April 29, 2016",2016,Mature Adults,101,Minutes
5849,s5850,Movie,Jon Greenhalgh,United States,"April 29, 2016",2016,Mature Adults,91,Minutes
5851,s5852,Movie,"Felix Van Groeningen, Felix van Groeningen",Belgium,"April 15, 2016",2016,Mature Adults,127,Minutes
5852,s5853,Movie,Mike Flanagan,United States,"April 8, 2016",2016,Restricted,82,Minutes
5854,s5855,Movie,G.J. Echternkamp,United States,"April 1, 2016",2007,Mature Adults,70,Minutes
5857,s5858,Movie,Rodolphe Guenoden,United States,"March 25, 2016",2016,Parental Guidance,23,Minutes
5858,s5859,Movie,Jason Krawczyk,Canada,"March 18, 2016",2015,Restricted,97,Minutes
5859,s5860,Movie,Sam Wrench,United Kingdom,"March 18, 2016",2016,Mature Adults,62,Minutes
5860,s5861,Movie,"Sophie Robinson, Lotje Sodderland",United Kingdom,"March 18, 2016",2016,14+ Teens,84,Minutes
5861,s5862,Movie,John Lee,United States,"March 18, 2016",2016,Parental Guidance,90,Minutes
5864,s5865,Movie,Yuen Wo-Ping,China,"February 26, 2016",2016,Parents Strongly Cautioned,101,Minutes
5865,s5866,Movie,Mitch Schauer,United States,"February 24, 2016",2015,Parental Guidance,74,Minutes
5868,s5869,Movie,Lance Bangs,United States,"February 5, 2016",2016,Mature Adults,68,Minutes
5872,s5873,Movie,"Raúl Campos, Jan Suter",Mexico,"January 22, 2016",2016,Mature Adults,92,Minutes
5873,s5874,Movie,Wilson Yip,Hong Kong,"January 15, 2016",2008,Restricted,107,Minutes
5874,s5875,Movie,Wilson Yip,Hong Kong,"January 15, 2016",2010,Restricted,108,Minutes
5875,s5876,Movie,Jay Karas,United States,"January 8, 2016",2016,Mature Adults,74,Minutes
5876,s5877,Movie,Alik Sakharov,United States,"December 26, 2015",2015,Mature Adults,29,Minutes
5878,s5879,Movie,L. Frazier,United States,"December 18, 2015",2015,Mature Adults,60,Minutes
5879,s5880,Movie,Frank Coraci,United States,"December 11, 2015",2015,14+ Teens,120,Minutes
5880,s5881,Movie,"Gary Howsam, Mike Smith, John Paul Tremblay, Robb Wells",Canada,"December 9, 2015",2015,Mature Adults,74,Minutes
5881,s5882,Movie,Sofia Coppola,United States,"December 4, 2015",2015,14+ Teens,57,Minutes
5883,s5884,Movie,Kristin Hanggi,United States,"November 18, 2015",2015,Mature Adults,91,Minutes
5884,s5885,Movie,Rhys Thomas,United States,"November 13, 2015",2015,Mature Adults,62,Minutes
5886,s5887,Movie,J. Davis,United States,"October 27, 2015",2015,Mature Adults,85,Minutes
5887,s5888,Movie,"Chris Buck, Jennifer Lee, Patrick Osborne, Lauren MacMullan, John Kahrs, Nathan Greno, Byron Howard, Stevie Wermers, Dean Wellins, Kevin Deters, Roger Allers, Mike Gabriel, Mark Henn",United States,"October 25, 2015",2015,Children,90,Minutes
5888,s5889,TV Show,Eli Roth,United States,"October 23, 2015",2015,Mature Adults,3,Seasons
5889,s5890,Movie,Andrew Bujalski,United States,"October 22, 2015",2015,Restricted,105,Minutes
5890,s5891,Movie,Adam Dubin,United States,"October 16, 2015",2015,Mature Adults,59,Minutes
5891,s5892,Movie,Cary Joji Fukunaga,United States,"October 16, 2015",2015,Mature Adults,137,Minutes
5892,s5893,Movie,"Aaron Hann, Mario Miscione",United States,"October 16, 2015",2015,Mature Adults,86,Minutes
5893,s5894,Movie,Evgeny Afineevsky,United Kingdom,"October 9, 2015",2015,Mature Adults,99,Minutes
5894,s5895,Movie,Jay Karas,United States,"October 2, 2015",2015,14+ Teens,64,Minutes
5896,s5897,Movie,Morgan Neville,United States,"September 18, 2015",2015,14+ Teens,82,Minutes
5897,s5898,Movie,"Kip Andersen, Keegan Kuhn",United States,"September 15, 2015",2014,Parental Guidance,90,Minutes
5898,s5899,Movie,Hannah Fidell,United States,"September 8, 2015",2015,Mature Adults,80,Minutes
5899,s5900,Movie,Jay Karas,United States,"August 14, 2015",2015,Mature Adults,62,Minutes
5901,s5902,Movie,"Kristina Goolsby, Ashley York",United States,"July 17, 2015",2015,14+ Teens,92,Minutes
5903,s5904,Movie,Patrick Brice,United States,"July 14, 2015",2014,Restricted,78,Minutes
5904,s5905,Movie,Phil Joanou,United States,"July 10, 2015",2015,Mature Adults,92,Minutes
5905,s5906,Movie,Anthony Pierce,United States,"June 29, 2015",2015,Mature Adults,69,Minutes
5906,s5907,Movie,Liz Garbus,United States,"June 26, 2015",2015,14+ Teens,103,Minutes
5907,s5908,Movie,Jennifer Phang,United States,"June 23, 2015",2015,Mature Adults,92,Minutes
5909,s5910,Movie,Luis Estrada,Mexico,"June 1, 2015",2014,Mature Adults,143,Minutes
5910,s5911,Movie,"Jill Bauer, Ronna Gradus",United States,"May 29, 2015",2015,Mature Adults,83,Minutes
5911,s5912,Movie,Lance Bangs,United States,"May 22, 2015",2015,Mature Adults,78,Minutes
5912,s5913,Movie,Mike Fleiss,United States,"May 22, 2015",2015,14+ Teens,84,Minutes
5913,s5914,Movie,Bill D'Elia,United States,"April 17, 2015",2015,Mature Adults,84,Minutes
5915,s5916,Movie,Aziz Ansari,United States,"March 6, 2015",2015,Mature Adults,58,Minutes
5916,s5917,Movie,David Sampliner,United States,"March 6, 2015",2015,Mature Adults,82,Minutes
5917,s5918,Movie,John Asher,United States,"February 27, 2015",2015,Mature Adults,83,Minutes
5921,s5922,Movie,Jay Karas,United States,"December 5, 2014",2014,Mature Adults,81,Minutes
5924,s5925,Movie,Lance Bangs,United States,"November 14, 2014",2014,Mature Adults,75,Minutes
5925,s5926,Movie,Orlando von Einsiedel,United Kingdom,"November 7, 2014",2014,Mature Adults,100,Minutes
5926,s5927,Movie,"Katy Chevigny, Ross Kauffman",United States,"October 24, 2014",2014,Mature Adults,90,Minutes
5927,s5928,Movie,Wyatt Cenac,United States,"October 21, 2014",2014,Mature Adults,68,Minutes
5928,s5929,Movie,James Yukich,United States,"October 10, 2014",2014,Mature Adults,71,Minutes
5929,s5930,Movie,"Luis Lopez, Clay Tweel",United States,"September 26, 2014",2014,14+ Teens,100,Minutes
5930,s5931,Movie,"Robert Nixon, Fisher Stevens",United States,"August 15, 2014",2014,Parental Guidance,94,Minutes
5931,s5932,Movie,"Chapman Way, Maclain Way",United States,"July 11, 2014",2014,Mature Adults,80,Minutes
5932,s5933,Movie,Werner Herzog,United States,"April 15, 2014",2013,14+ Teens,35,Minutes
5934,s5935,Movie,Greg Whiteley,United States,"January 24, 2014",2014,Parental Guidance,93,Minutes
5935,s5936,Movie,Jehane Noujaim,United Kingdom,"January 17, 2014",2013,Mature Adults,105,Minutes
5936,s5937,Movie,Jason Moore,United States,"December 29, 2013",2013,General Audience,130,Minutes
5937,s5938,Movie,Josh Greenbaum,United States,"December 12, 2013",2013,Parental Guidance,100,Minutes
5938,s5939,Movie,"Will Lovelace, Dylan Southern",United States,"November 1, 2013",2013,Mature Adults,80,Minutes
5941,s5942,Movie,Constance Marks,United States,"February 21, 2012",2011,Parental Guidance,76,Minutes
5942,s5943,Movie,Larry Elikann,United States,"October 1, 2011",1988,14+ Teens,95,Minutes
5943,s5944,Movie,Robert Markowitz,United States,"October 1, 2011",1986,Mature Adults,96,Minutes
5944,s5945,Movie,Eric Laneuville,United States,"October 1, 2011",1986,14+ Teens,94,Minutes
5945,s5946,Movie,Joel Oliansky,United States,"October 1, 2011",1990,14+ Teens,94,Minutes
5946,s5947,Movie,Roy Campanella II,United States,"October 1, 2011",1988,Parental Guidance,93,Minutes
5947,s5948,Movie,Arthur Allan Seidelman,United States,"October 1, 2011",1987,Parental Guidance,96,Minutes
5948,s5949,Movie,John Herzfeld,United States,"October 1, 2011",1989,Parental Guidance,94,Minutes
5949,s5950,Movie,Buzz Kulik,United States,"October 1, 2011",1988,Mature Adults,94,Minutes
5950,s5951,Movie,Richard Michaels,United States,"October 1, 2011",1991,Parental Guidance,93,Minutes
5951,s5952,Movie,Linda Otto,United States,"October 1, 2011",1990,14+ Teens,95,Minutes
5952,s5953,Movie,Roger Young,United States,"October 1, 2011",1991,14+ Teens,93,Minutes
5953,s5954,Movie,"Rob LaDuca, Robert C. Ramirez",United States,"September 27, 2011",2000,Parental Guidance,75,Minutes
5954,s5955,Movie,Icíar Bollaín,Spain,"May 17, 2011",2010,Mature Adults,103,Minutes
5955,s5956,Movie,Joe Dante,United States,"November 18, 2009",2009,Mature Adults,29,Minutes
5956,s5957,Movie,Ole Bornedal,Denmark,"May 5, 2009",2007,Mature Adults,104,Minutes
5957,s5958,Movie,Sorin Dan Mihalcescu,United States,"January 1, 2008",2006,Mature Adults,81,Minutes
5958,s5959,Movie,Shane Acker,United States,"November 16, 2017",2009,Parents Strongly Cautioned,80,Minutes
5959,s5960,Movie,Robert Luketic,United States,"January 1, 2020",2008,Parents Strongly Cautioned,123,Minutes
5960,s5961,Movie,Kevin Reynolds,United States,"November 1, 2019",1997,Restricted,119,Minutes
5961,s5962,Movie,Shravan Kumar,India,"April 1, 2019",2019,14+ Teens,118,Minutes
5962,s5963,Movie,Vikram Bhatt,India,"December 15, 2017",2008,Mature Adults,143,Minutes
5963,s5964,Movie,Kunle Afolayan,Nigeria,"September 1, 2019",2014,14+ Teens,149,Minutes
5965,s5966,Movie,Paul Greengrass,Norway,"October 10, 2018",2018,Restricted,144,Minutes
5966,s5967,Movie,Swapnaneel Jayakar,India,"March 29, 2019",2019,14+ Teens,124,Minutes
5968,s5969,Movie,Vijay Milton,India,"September 15, 2018",2018,14+ Teens,128,Minutes
5969,s5970,Movie,Santwana Bardoloi,India,"September 15, 2018",2017,14+ Teens,117,Minutes
5970,s5971,Movie,Atanu Ghosh,India,"September 15, 2018",2017,14+ Teens,100,Minutes
5971,s5972,Movie,"Lyric R. Cabral, David Felix Sutcliffe",United States,"June 30, 2016",2015,Not Rated,84,Minutes
5972,s5973,Movie,Michael Margolis,Canada,"February 5, 2020",2020,14+ Teens,90,Minutes
5973,s5974,Movie,Michael Kennedy,Canada,"April 10, 2019",2018,14+ Teens,105,Minutes
5975,s5976,Movie,Óskar Thór Axelsson,Iceland,"March 27, 2018",2017,Mature Adults,106,Minutes
5976,s5977,Movie,Ozan Açıktan,Turkey,"March 10, 2017",2010,Mature Adults,99,Minutes
5977,s5978,Movie,Karyn Kusama,United States,"February 1, 2018",2005,Parents Strongly Cautioned,93,Minutes
5979,s5980,Movie,Adam Deyoe,United States,"July 1, 2017",2014,Parental Guidance,89,Minutes
5980,s5981,Movie,Leif Tilden,United States,"July 7, 2017",2017,14+ Teens,105,Minutes
5981,s5982,Movie,Roland Emmerich,United States,"June 1, 2019",2008,Parents Strongly Cautioned,109,Minutes
5983,s5984,Movie,Melinda Janko,United States,"March 20, 2018",2016,14+ Teens,75,Minutes
5985,s5986,Movie,Sam Upton,United States,"March 14, 2019",2017,Mature Adults,90,Minutes
5987,s5988,Movie,Victor Zarcoff,United States,"August 13, 2016",2015,Not Rated,90,Minutes
5988,s5989,Movie,Daniel Stamm,United States,"January 13, 2019",2014,Restricted,93,Minutes
5990,s5991,Movie,Daniel Lee,Hong Kong,"April 3, 2019",2010,Restricted,113,Minutes
5991,s5992,Movie,"Scott Hussion, Seth Fuller",United States,"October 27, 2018",2018,Mature Adults,89,Minutes
5992,s5993,Movie,Richard Donner,United States,"November 1, 2019",2006,Parents Strongly Cautioned,102,Minutes
5993,s5994,Movie,Burr Steers,United States,"January 1, 2021",2009,Parents Strongly Cautioned,102,Minutes
5994,s5995,Movie,David Marmor,United States,"August 23, 2020",2019,Mature Adults,90,Minutes
5995,s5996,Movie,Raymond Wood,United States,"July 26, 2019",2018,Mature Adults,94,Minutes
5996,s5997,Movie,Morgan Neville,United States,"September 22, 2018",2013,Parents Strongly Cautioned,91,Minutes
5998,s5999,Movie,Hasraf Dulull,United Kingdom,"December 20, 2018",2018,14+ Teens,95,Minutes
5999,s6000,Movie,Mike Mills,United States,"June 28, 2019",2016,Restricted,119,Minutes
6000,s6001,Movie,"Jon Lucas, Scott Moore",United States,"April 16, 2019",2013,Restricted,93,Minutes
6002,s6003,Movie,Joey Curtis,United States,"March 1, 2018",2016,Mature Adults,101,Minutes
6003,s6004,Movie,Brian Smrz,South Africa,"April 7, 2018",2017,Restricted,93,Minutes
6004,s6005,Movie,Nicanor Loreti,Argentina,"May 1, 2018",2018,Mature Adults,82,Minutes
6005,s6006,Movie,Simon Napier-Bell,United Kingdom,"May 1, 2018",2017,Mature Adults,70,Minutes
6006,s6007,Movie,Betty Thomas,United States,"September 30, 2020",2000,Parents Strongly Cautioned,104,Minutes
6008,s6009,Movie,Gaby Dellal,United States,"August 28, 2017",2015,Parents Strongly Cautioned,92,Minutes
6009,s6010,Movie,Iman Brotoseno,Indonesia,"January 5, 2019",2016,Parental Guidance,124,Minutes
6010,s6011,Movie,Shazia Javed,Canada,"June 15, 2019",2018,Parental Guidance,53,Minutes
6011,s6012,Movie,Hani Hamdi,Egypt,"April 18, 2019",2016,14+ Teens,91,Minutes
6012,s6013,Movie,Ruben Fleischer,United States,"January 1, 2021",2011,Restricted,83,Minutes
6013,s6014,Movie,Maciej Dejczer,Denmark,"October 1, 2019",1989,14+ Teens,93,Minutes
6014,s6015,Movie,Jack C. Newell,United States,"February 1, 2018",2017,Mature Adults,81,Minutes
6015,s6016,Movie,Andrew Nackman,United States,"May 5, 2016",2015,Not Rated,86,Minutes
6017,s6018,Movie,Victor Levin,United States,"March 16, 2017",2014,Restricted,97,Minutes
6018,s6019,Movie,Peter Segal,United States,"December 1, 2020",2004,Parents Strongly Cautioned,99,Minutes
6019,s6020,Movie,Jonathan Levine,United States,"June 1, 2019",2011,Restricted,100,Minutes
6020,s6021,Movie,Rizal Mantovani,Indonesia,"September 28, 2018",2012,14+ Teens,126,Minutes
6021,s6022,Movie,Toa Fraser,New Zealand,"February 8, 2018",2017,Restricted,94,Minutes
6022,s6023,Movie,Bharat Jain,India,"November 1, 2017",2014,Mature Adults,103,Minutes
6023,s6024,Movie,Trent Haaga,United States,"September 1, 2019",2017,Restricted,96,Minutes
6024,s6025,TV Show,Nizar Shafi,India,"July 30, 2019",2019,14+ Teens,1,Seasons
6025,s6026,Movie,"Meenu Gaur, Farjad Nabi",Pakistan,"May 15, 2019",2018,Parental Guidance,137,Minutes
6027,s6028,Movie,"Jon Lucas, Scott Moore",United States,"February 14, 2020",2017,Restricted,104,Minutes
6028,s6029,Movie,Padmakumar Narasimhamurthy,India,"April 1, 2018",2016,14+ Teens,104,Minutes
6029,s6030,Movie,John Asher,United States,"January 15, 2018",2016,Parental Guidance,94,Minutes
6030,s6031,Movie,Richard Attenborough,United States,"July 1, 2020",1977,Parental Guidance,176,Minutes
6031,s6032,Movie,Stanley Kubrick,United Kingdom,"November 1, 2020",1971,Restricted,137,Minutes
6032,s6033,Movie,Stephen Gyllenhaal,United States,"April 1, 2018",1993,Restricted,101,Minutes
6033,s6034,Movie,Tom Fassaert,Netherlands,"October 16, 2016",2015,Parental Guidance,111,Minutes
6034,s6035,Movie,Mark Williams,Canada,"December 15, 2019",2016,Restricted,110,Minutes
6035,s6036,Movie,Remo D'Souza,India,"November 15, 2017",2016,14+ Teens,142,Minutes
6036,s6037,Movie,Roman Coppola,United States,"July 15, 2018",2012,Restricted,86,Minutes
6038,s6039,Movie,Erik Nelson,United States,"December 25, 2017",2017,Mature Adults,93,Minutes
6039,s6040,Movie,Michael Tiddes,United States,"February 21, 2020",2013,Restricted,86,Minutes
6040,s6041,Movie,Teo Konuralp,United States,"September 17, 2019",2019,14+ Teens,80,Minutes
6041,s6042,Movie,Jim Fall,United States,"November 4, 2019",2011,General Audience,92,Minutes
6042,s6043,Movie,Andy Goddard,United States,"May 1, 2017",2016,Restricted,96,Minutes
6043,s6044,Movie,Chris Bell,United States,"August 27, 2018",2018,Mature Adults,87,Minutes
6046,s6047,Movie,J.C. Chandor,United Arab Emirates,"July 22, 2018",2014,Restricted,125,Minutes
6047,s6048,Movie,"Christopher S. Rech, Brandon Kimber",United States,"April 28, 2017",2014,Parents Strongly Cautioned,91,Minutes
6049,s6050,Movie,John Fortenberry,United States,"December 1, 2019",1998,Parents Strongly Cautioned,82,Minutes
6050,s6051,Movie,Joram Lürsen,Netherlands,"September 1, 2016",2015,Mature Adults,111,Minutes
6051,s6052,Movie,Michael Lennox,United Kingdom,"April 15, 2017",2015,Mature Adults,92,Minutes
6052,s6053,Movie,Kees Van Oostrum,United States,"June 6, 2019",2013,Restricted,94,Minutes
6053,s6054,Movie,Michael Damian,United States,"August 28, 2020",2011,Parental Guidance,91,Minutes
6054,s6055,Movie,Henry Sarwer-Foner,Canada,"November 1, 2013",2011,Not Rated,44,Minutes
6055,s6056,Movie,Ishaan Trivedi,India,"October 15, 2017",2016,Mature Adults,108,Minutes
6056,s6057,Movie,Asghar Farhadi,Iran,"March 16, 2019",2011,Parents Strongly Cautioned,123,Minutes
6057,s6058,Movie,"Ethan Coen, Joel Coen",United States,"January 16, 2018",2009,Restricted,106,Minutes
6058,s6059,Movie,Maria Burton,United States,"August 1, 2017",2015,Parental Guidance,89,Minutes
6059,s6060,Movie,Natalie Portman,Israel,"October 25, 2019",2015,Parents Strongly Cautioned,98,Minutes
6060,s6061,Movie,Martin Lawrence,United States,"December 1, 2020",1996,Restricted,108,Minutes
6061,s6062,Movie,Brian Robbins,United States,"July 1, 2020",2012,Parents Strongly Cautioned,92,Minutes
6062,s6063,Movie,Adam Shankman,United States,"July 1, 2020",2002,Parental Guidance,102,Minutes
6063,s6064,Movie,Neeraj Pandey,India,"November 1, 2018",2008,Mature Adults,103,Minutes
6064,s6065,Movie,Gregory Caruso,United States,"February 19, 2018",2017,14+ Teens,91,Minutes
6065,s6066,Movie,Ava DuVernay,United States,"September 25, 2018",2018,Parental Guidance,110,Minutes
6068,s6069,Movie,Rusty Nixon,Canada,"October 1, 2020",2019,Mature Adults,77,Minutes
6069,s6070,Movie,Oliver Daly,United States,"March 20, 2019",2018,Parental Guidance,99,Minutes
6070,s6071,Movie,Ömer Faruk Sorak,Turkey,"April 4, 2018",2011,Mature Adults,122,Minutes
6071,s6072,Movie,Midhun Manuel Thomas,India,"May 15, 2018",2017,Mature Adults,150,Minutes
6072,s6073,Movie,Chandrakant Kulkarni,India,"January 1, 2018",2013,Parental Guidance,126,Minutes
6073,s6074,Movie,Prakash Jha,India,"December 31, 2019",2011,14+ Teens,164,Minutes
6074,s6075,Movie,Nagesh Kukunoor,India,"October 22, 2017",2010,14+ Teens,115,Minutes
6075,s6076,Movie,Uttung Shelar,India,"January 1, 2018",2010,14+ Teens,133,Minutes
6076,s6077,Movie,Atanu Ghosh,India,"May 1, 2017",2015,Parental Guidance,127,Minutes
6078,s6079,Movie,A. L. Vijay,India,"May 1, 2018",2016,14+ Teens,131,Minutes
6079,s6080,TV Show,"Jung-ah Im, Seung-uk Jo",South Korea," August 4, 2017",2017,Parental Guidance,2,Seasons
6080,s6081,Movie,Chad Van De Keere,United States,"February 18, 2016",2012,Kids 7+,44,Minutes
6081,s6082,Movie,"Chris Weitz, Paul Weitz",United Kingdom,"February 1, 2019",2002,Parents Strongly Cautioned,101,Minutes
6082,s6083,Movie,Daniela Goggi,Argentina,"August 25, 2016",2015,Mature Adults,90,Minutes
6083,s6084,Movie,Alfonso Serrano Maturino,Mexico,"June 3, 2017",2016,Mature Adults,89,Minutes
6084,s6085,Movie,Julien Christian Lutz,Canada,"April 1, 2019",2015,Mature Adults,88,Minutes
6085,s6086,Movie,Julie Taymor,United States,"January 1, 2019",2007,Parents Strongly Cautioned,133,Minutes
6086,s6087,Movie,"Mike McCoy, Scott Waugh",United States,"June 1, 2020",2012,Restricted,110,Minutes
6087,s6088,Movie,Mahsun Kırmızıgül,Turkey,"September 29, 2018",2010,Not Rated,112,Minutes
6088,s6089,Movie,Brett Donowho,Canada,"August 1, 2020",2018,Restricted,87,Minutes
6090,s6091,Movie,Thierry Donard,France,"June 12, 2020",2014,14+ Teens,91,Minutes
6091,s6092,Movie,Anne Fontaine,Australia,"November 20, 2019",2013,Restricted,111,Minutes
6092,s6093,Movie,Sandeep Chatterjee,India,"December 31, 2019",2017,14+ Teens,99,Minutes
6093,s6094,Movie,Kyle Rideout,Canada,"August 15, 2018",2018,Not Rated,86,Minutes
6095,s6096,Movie,Bryce Wagoner,United States,"May 27, 2019",2012,Not Rated,93,Minutes
6096,s6097,Movie,Brittany Andrews,United States,"December 30, 2018",2018,Mature Adults,87,Minutes
6097,s6098,Movie,Antonio Campos,United States,"August 13, 2020",2008,Mature Adults,107,Minutes
6098,s6099,Movie,Nicolás López,United States,"March 7, 2018",2012,Restricted,89,Minutes
6099,s6100,Movie,Terry Loane,United Kingdom,"January 31, 2019",2018,Mature Adults,92,Minutes
6103,s6104,Movie,Shivam Nair,India,"December 31, 2019",2006,14+ Teens,122,Minutes
6104,s6105,Movie,Alison Klayman,United States,"March 1, 2018",2012,Restricted,91,Minutes
6106,s6107,Movie,Biswajeet Bora,India,"October 15, 2017",2015,14+ Teens,127,Minutes
6107,s6108,Movie,"Abbas Alibhai Burmawalla, Mastan Alibhai Burmawalla",India,"March 1, 2018",2004,14+ Teens,153,Minutes
6109,s6110,Movie,Castille Landon,United States,"July 1, 2017",2016,Parental Guidance,106,Minutes
6110,s6111,Movie,"Gervasio Iglesias, Alexis Morante",Spain,"August 18, 2018",2018,Mature Adults,102,Minutes
6111,s6112,Movie,Martin Scorsese,United States,"July 1, 2019",1974,Parental Guidance,112,Minutes
6112,s6113,Movie,J. Michael Long,United States,"January 9, 2018",2017,Parental Guidance,63,Minutes
6113,s6114,Movie,Sean McNamara,United States,"March 6, 2018",2018,Parental Guidance,90,Minutes
6114,s6115,Movie,Susan Glatzer,Sweden,"August 10, 2017",2016,14+ Teens,89,Minutes
6115,s6116,Movie,Eva Vives,United States,"March 18, 2019",2018,Restricted,101,Minutes
6116,s6117,Movie,"Don Bluth, Gary Goldman, Dan Kuenster",Ireland,"June 1, 2020",1989,General,85,Minutes
6117,s6118,Movie,Víctor García,Spain,"July 30, 2019",2019,Mature Adults,83,Minutes
6118,s6119,Movie,Charlie Vaughn,United States,"August 1, 2017",2016,General Audience,92,Minutes
6119,s6120,Movie,Chris Blake,United States,"February 2, 2019",2018,Mature Adults,84,Minutes
6120,s6121,Movie,Jonathan Levine,United States,"July 3, 2018",2006,Restricted,91,Minutes
6121,s6122,Movie,Matthew Hope,United Kingdom,"May 15, 2019",2018,Restricted,100,Minutes
6122,s6123,Movie,Vincent Perez,United Kingdom,"February 15, 2019",2016,Restricted,103,Minutes
6123,s6124,Movie,Lee Tamahori,United States,"October 1, 2019",2001,Restricted,103,Minutes
6124,s6125,Movie,Richard Rich,United States,"October 1, 2019",2013,General Audience,45,Minutes
6125,s6126,Movie,Richard Rich,United States,"January 1, 2020",2014,Kids 7+,45,Minutes
6127,s6128,Movie,Greg Kohs,United States,"January 1, 2018",2017,General Audience,90,Minutes
6128,s6129,Movie,Trey Haley,United States,"March 3, 2020",2019,14+ Teens,98,Minutes
6129,s6130,Movie,Atul Malhotra,United Kingdom,"June 20, 2017",2015,Mature Adults,92,Minutes
6130,s6131,Movie,Manmohan Desai,India,"December 31, 2019",1977,14+ Teens,172,Minutes
6131,s6132,Movie,Khaled Youssef,Egypt,"April 26, 2019",2011,14+ Teens,125,Minutes
6133,s6134,Movie,Charlie Siskel,United States,"June 23, 2017",2016,Mature Adults,81,Minutes
6134,s6135,Movie,Michael Cuesta,United States,"January 31, 2020",2017,Restricted,112,Minutes
6135,s6136,Movie,Sam Mendes,United States,"January 1, 2020",1999,Restricted,122,Minutes
6136,s6137,Movie,Brendon Marotta,United States,"December 16, 2018",2017,14+ Teens,101,Minutes
6138,s6139,Movie,Barak Goodman,United States,"April 19, 2017",2017,Mature Adults,53,Minutes
6139,s6140,TV Show,Sharon Grimberg,United States,"May 2, 2019",2018,Parental Guidance,1,Seasons
6140,s6141,Movie,Mark Zwonitzer,United States,"May 1, 2019",2018,14+ Teens,53,Minutes
6141,s6142,Movie,Wilson Coneybeare,Canada,"July 30, 2019",2019,Mature Adults,99,Minutes
6142,s6143,Movie,Sarik Andreasyan,Canada,"October 23, 2019",2014,Restricted,95,Minutes
6143,s6144,Movie,Tony Kaye,United States,"November 1, 2019",1998,Restricted,119,Minutes
6144,s6145,Movie,Andrea Arnold,United Kingdom,"April 27, 2019",2016,Restricted,163,Minutes
6145,s6146,Movie,Nick Davis,United States,"April 1, 2019",2018,Mature Adults,55,Minutes
6147,s6148,Movie,Mary Harron,United States,"September 1, 2019",2000,Restricted,102,Minutes
6148,s6149,Movie,Jerry G. Angelo,United States,"September 13, 2019",2019,Mature Adults,106,Minutes
6149,s6150,Movie,Asif Kapadia,United Kingdom,"July 26, 2018",2015,Restricted,128,Minutes
6150,s6151,Movie,Karan Bali,India,"January 1, 2017",2013,Parental Guidance,80,Minutes
6151,s6152,Movie,Don Bluth,United States,"April 1, 2018",1986,General,80,Minutes
6152,s6153,Movie,"Phil Nibbelink, Simon Wells",United States,"April 1, 2018",1991,General,75,Minutes
6153,s6154,Movie,Larry Latham,United States,"April 1, 2018",1999,General,75,Minutes
6154,s6155,Movie,Larry Latham,United States,"April 1, 2018",2000,General,79,Minutes
6155,s6156,Movie,Wael Ehsan,Egypt,"April 26, 2019",2012,14+ Teens,87,Minutes
6157,s6158,Movie,Perry Lang,United States,"March 1, 2019",2018,Parental Guidance,97,Minutes
6158,s6159,Movie,"Ismail Farouk, Hazem Fouda",Egypt,"June 20, 2019",2014,Mature Adults,85,Minutes
6159,s6160,Movie,Avinash Das,India,"August 1, 2017",2017,Mature Adults,111,Minutes
6160,s6161,Movie,Carlos Marques-Marcet,Spain,"February 15, 2019",2017,Mature Adults,113,Minutes
6162,s6163,Movie,Tim Blake Nelson,United States,"December 30, 2018",2015,Restricted,90,Minutes
6163,s6164,Movie,Luis Mandoki,United States,"September 5, 2020",2001,Restricted,103,Minutes
6164,s6165,Movie,Peter Segal,United States,"November 1, 2019",2003,Parents Strongly Cautioned,105,Minutes
6165,s6166,Movie,Pan Nalin,India,"March 14, 2017",2015,Mature Adults,104,Minutes
6168,s6169,Movie,Sohail Tatari,India,"October 15, 2017",2013,14+ Teens,127,Minutes
6169,s6170,Movie,Paul Serafini,United States,"August 1, 2017",2016,Parental Guidance,92,Minutes
6170,s6171,Movie,Juan Zapata,Brazil,"March 21, 2017",2016,Parental Guidance,72,Minutes
6171,s6172,Movie,Peyton Reed,United States,"January 29, 2019",2018,Parents Strongly Cautioned,118,Minutes
6172,s6173,Movie,Sherif Ismail,Egypt,"May 9, 2019",2017,Mature Adults,110,Minutes
6175,s6176,Movie,Ken Barbet,United States,"April 14, 2019",2018,Mature Adults,90,Minutes
6176,s6177,Movie,Manish Jha,India,"December 31, 2019",2007,14+ Teens,134,Minutes
6178,s6179,Movie,"David Salzberg, Christian Tureaud",United States,"November 1, 2019",2017,Mature Adults,89,Minutes
6179,s6180,Movie,"J.F. Musial, Josh Vietze",United States,"August 1, 2016",2016,Not Rated,86,Minutes
6180,s6181,Movie,Gonzalo López-Gallego,United States,"March 9, 2019",2011,Parents Strongly Cautioned,87,Minutes
6181,s6182,Movie,"Christian Desmares, Franck Ekinci",France,"October 1, 2017",2015,Parental Guidance,107,Minutes
6182,s6183,Movie,Christopher Chambers,United States,"February 15, 2017",2015,14+ Teens,79,Minutes
6183,s6184,Movie,Khaled El Halafawy,Egypt,"August 1, 2019",2018,14+ Teens,87,Minutes
6184,s6185,Movie,Nia Dinata,Indonesia,"September 15, 2018",2011,14+ Teens,113,Minutes
6185,s6186,Movie,Jason Winer,United States,"April 1, 2019",2011,Parents Strongly Cautioned,110,Minutes
6186,s6187,Movie,Sarah Smith,United Kingdom,"January 1, 2020",2011,Parental Guidance,98,Minutes
6187,s6188,Movie,John Erick Dowdle,United States,"September 16, 2018",2014,Restricted,93,Minutes
6188,s6189,Movie,James L. Brooks,United States,"January 1, 2020",1997,Parents Strongly Cautioned,139,Minutes
6189,s6190,Movie,John Murlowski,United States,"October 25, 2019",2019,Mature Adults,94,Minutes
6190,s6191,Movie,Sung-soo Kim,South Korea,"February 15, 2018",2016,Not Rated,133,Minutes
6191,s6192,Movie,Mike Nicoll,United States,"December 14, 2016",2016,Mature Adults,81,Minutes
6192,s6193,Movie,Jason Stone,Canada,"December 27, 2018",2018,14+ Teens,91,Minutes
6193,s6194,Movie,Mez Tharatorn,United States,"September 5, 2018",2012,14+ Teens,122,Minutes
6195,s6196,Movie,"David Morris, Jacqui Morris",United Kingdom,"May 15, 2016",2014,14+ Teens,102,Minutes
6196,s6197,Movie,"Fabrizio Copano, Augusto Matte",Chile,"August 19, 2018",2016,14+ Teens,88,Minutes
6197,s6198,Movie,Mike Rossiter,United Kingdom,"January 19, 2019",1994,Parental Guidance,49,Minutes
6199,s6200,Movie,Gabe Ibáñez,Bulgaria,"September 8, 2017",2014,Restricted,110,Minutes
6200,s6201,Movie,"Anthony Russo, Joe Russo",United States,"December 25, 2018",2018,Parents Strongly Cautioned,150,Minutes
6201,s6202,Movie,Levan Tsikurishvili,Sweden,"December 28, 2018",2017,Mature Adults,97,Minutes
6202,s6203,Movie,Anthony D'Souza,India,"April 12, 2019",2016,14+ Teens,129,Minutes
6203,s6204,Movie,Ajay Bahl,India,"June 7, 2018",2013,14+ Teens,99,Minutes
6204,s6205,Movie,Çagan Irmak,Turkey,"April 30, 2018",2005,14+ Teens,112,Minutes
6205,s6206,Movie,Alejandro G. Iñárritu,France,"January 1, 2019",2006,Restricted,143,Minutes
6206,s6207,Movie,Shikha Makan,India,"March 1, 2018",2016,Mature Adults,61,Minutes
6207,s6208,Movie,José Eduardo Belmonte,Brazil,"January 5, 2017",2016,Not Rated,95,Minutes
6208,s6209,Movie,Adam MacDonald,Canada,"March 30, 2017",2014,Not Rated,92,Minutes
6209,s6210,Movie,Dave Patten,United States,"April 5, 2019",2019,Mature Adults,97,Minutes
6210,s6211,Movie,Michael Petroni,Australia,"December 25, 2018",2015,Restricted,90,Minutes
6211,s6212,Movie,Michael Bay,United States,"October 1, 2019",1995,Restricted,119,Minutes
6212,s6213,Movie,Michael Bay,United States,"October 1, 2019",2003,Restricted,147,Minutes
6214,s6215,Movie,David Chirchirillo,Singapore,"March 11, 2018",2017,Mature Adults,83,Minutes
6215,s6216,Movie,Salima Koroma,United States,"August 21, 2017",2016,Mature Adults,83,Minutes
6217,s6218,Movie,"Sumitra Bhave, Sunil Sukthankar",India,"January 1, 2018",2006,14+ Teens,91,Minutes
6218,s6219,Movie,Justin Lee,United States,"March 26, 2020",2019,14+ Teens,117,Minutes
6220,s6221,Movie,Simon Wells,United States,"April 1, 2018",1995,General,78,Minutes
6221,s6222,Movie,Phil Weinstein,United States,"April 1, 2018",2001,General,75,Minutes
6222,s6223,Movie,Phil Weinstein,United States,"April 1, 2018",2004,General,78,Minutes
6223,s6224,Movie,Haissam Hussain,Pakistan,"March 1, 2018",2017,Mature Adults,149,Minutes
6224,s6225,Movie,Burak Aksak,Turkey,"March 10, 2017",2015,14+ Teens,103,Minutes
6225,s6226,Movie,Zoe Lister-Jones,United States,"April 12, 2019",2017,Restricted,94,Minutes
6226,s6227,Movie,"Aaron Nee, Adam Nee",United States,"April 15, 2016",2015,Not Rated,95,Minutes
6227,s6228,Movie,Tanit Jitnukul,Thailand,"July 25, 2018",2010,Mature Adults,122,Minutes
6229,s6230,Movie,Manop Janjarasskul,Thailand,"September 14, 2018",2002,Mature Adults,107,Minutes
6230,s6231,Movie,Adisorn Tresirikasem,Thailand,"September 5, 2018",2009,14+ Teens,126,Minutes
6231,s6232,Movie,Jordi Llompart,Spain,"September 1, 2018",2015,Mature Adults,122,Minutes
6232,s6233,Movie,Raja Menon,India,"December 31, 2019",2009,14+ Teens,95,Minutes
6233,s6234,Movie,Matthew Salleh,Australia,"August 15, 2017",2017,Mature Adults,101,Minutes
6234,s6235,Movie,Kyran Kelly,United States,"October 1, 2017",2013,Children,74,Minutes
6235,s6236,Movie,Adam Wood,United States,"October 1, 2017",2010,Children,74,Minutes
6236,s6237,Movie,Zeke Norton,United States,"October 1, 2017",2015,Children,74,Minutes
6237,s6238,Movie,Karen J. Lloyd,United States,"October 1, 2017",2015,Children,83,Minutes
6238,s6239,Movie,"Andrew Tan, Michael Goguen",United States,"October 1, 2017",2016,Children,79,Minutes
6239,s6240,Movie,William Lau,United States,"October 1, 2017",2010,Kids 7+,72,Minutes
6240,s6241,Movie,Ezekiel Norton,United States,"October 1, 2017",2011,Children,80,Minutes
6241,s6242,Movie,Conrad Helten,United States,"October 1, 2017",2016,Children,75,Minutes
6242,s6243,Movie,Ezekiel Norton,United States,"October 1, 2017",2012,Children,75,Minutes
6243,s6244,Movie,"Conrad Helten, Ezekiel Norton, Michael Goguen",United States,"October 1, 2017",2017,Children,72,Minutes
6244,s6245,Movie,Kyle Newman,United States,"July 26, 2018",2015,Parents Strongly Cautioned,99,Minutes
6245,s6246,Movie,Esteban Vidal,Chile,"August 19, 2018",2013,14+ Teens,91,Minutes
6246,s6247,Movie,Rajkumar Santoshi,India,"April 1, 2018",1995,Parental Guidance,166,Minutes
6247,s6248,Movie,David Zucker,United States,"November 1, 2018",1998,Restricted,103,Minutes
6248,s6249,Movie,Paul Verhoeven,United States,"October 1, 2020",1992,Restricted,128,Minutes
6251,s6252,Movie,Dava Whisenant,United States,"May 9, 2019",2018,Parents Strongly Cautioned,87,Minutes
6254,s6255,Movie,Hrishikesh Mukherjee,India,"December 31, 2019",1972,Parental Guidance,125,Minutes
6255,s6256,Movie,Sagar Sarhadi,India,"December 31, 2019",1982,14+ Teens,121,Minutes
6256,s6257,Movie,Lilibet Foster,United States,"February 28, 2017",2015,Mature Adults,110,Minutes
6257,s6258,Movie,Joshua Caldwell,United States,"November 20, 2019",2016,Parental Guidance,88,Minutes
6259,s6260,Movie,"Volker Arzt, Angelika Sigl",Germany,"March 1, 2017",2013,General Audience,52,Minutes
6260,s6261,Movie,Mel Smith,United Kingdom,"August 1, 2018",1997,Parents Strongly Cautioned,89,Minutes
6266,s6267,Movie,Mike Judge,United States,"November 20, 2019",1996,Parents Strongly Cautioned,81,Minutes
6267,s6268,Movie,Bruce W. Smith,United States,"November 20, 2019",1992,Parents Strongly Cautioned,73,Minutes
6268,s6269,Movie,"Agasyah Karim, Khalid Kashogi",Indonesia,"December 8, 2018",2008,14+ Teens,75,Minutes
6269,s6270,Movie,Khaled El Halafawy,Egypt,"April 18, 2019",2016,14+ Teens,99,Minutes
6270,s6271,Movie,Julian Jarrold,United Kingdom,"January 12, 2019",2007,Parents Strongly Cautioned,121,Minutes
6271,s6272,Movie,Adam Shankman,United States,"March 5, 2019",2008,Parental Guidance,100,Minutes
6272,s6273,Movie,Fisher Stevens,United States,"February 1, 2018",2016,Parental Guidance,97,Minutes
6273,s6274,Movie,Keiko Yagi,Japan,"August 25, 2017",2015,14+ Teens,105,Minutes
6274,s6275,Movie,Katherine Fairfax Wright,United States,"April 5, 2018",2017,Mature Adults,100,Minutes
6277,s6278,Movie,Rajeev Chaudhari,India,"November 1, 2017",2016,Mature Adults,115,Minutes
6278,s6279,Movie,Anthony Wonke,United Kingdom,"August 15, 2016",2015,14+ Teens,99,Minutes
6280,s6281,Movie,April Mullen,Canada,"August 1, 2017",2016,Mature Adults,91,Minutes
6282,s6283,Movie,Adam Marino,United States,"June 8, 2019",2019,Mature Adults,90,Minutes
6283,s6284,Movie,Joe Camp,United States,"March 6, 2018",2004,Parental Guidance,100,Minutes
6284,s6285,Movie,Joe Camp,United States,"October 3, 2018",1978,General Audience,25,Minutes
6285,s6286,Movie,Hakan Algül,Turkey,"March 10, 2017",2012,14+ Teens,99,Minutes
6288,s6289,Movie,Ted Braun,United States,"June 1, 2017",2017,Parental Guidance,104,Minutes
6289,s6290,Movie,Dharmesh Darshan,India,"July 21, 2019",2005,Parental Guidance,149,Minutes
6290,s6291,Movie,Khaled Marei,Egypt,"June 20, 2019",2010,14+ Teens,112,Minutes
6292,s6293,Movie,Sushrut Jain,United States,"April 1, 2017",2013,14+ Teens,98,Minutes
6293,s6294,Movie,Majid Majidi,India,"August 10, 2018",2018,14+ Teens,120,Minutes
6296,s6297,Movie,Priyadarshan,India,"December 31, 2019",2006,14+ Teens,151,Minutes
6298,s6299,Movie,Priyadarshan,India,"October 22, 2017",2007,14+ Teens,148,Minutes
6299,s6300,Movie,Ram Gopal Varma,India,"December 31, 2019",2003,Mature Adults,114,Minutes
6300,s6301,Movie,Jasbir Bijendra Bhati,India,"December 1, 2017",2017,14+ Teens,123,Minutes
6302,s6303,Movie,Joey Kern,United States,"February 28, 2018",2017,Mature Adults,87,Minutes
6303,s6304,Movie,Dennis Dugan,United States,"October 1, 2020",1999,Parents Strongly Cautioned,93,Minutes
6305,s6306,Movie,Shawn Levy,United States,"January 15, 2020",2002,Parental Guidance,88,Minutes
6306,s6307,Movie,Scott Martin,United States,"June 18, 2019",2018,Restricted,126,Minutes
6307,s6308,Movie,Kaspar Astrup Schröder,Denmark,"April 1, 2018",2017,Mature Adults,90,Minutes
6308,s6309,Movie,Ron Oliver,United States,"April 18, 2017",2017,Parental Guidance,95,Minutes
6309,s6310,Movie,Nick Broomfield,United Kingdom,"January 26, 2019",2002,Restricted,108,Minutes
6310,s6311,Movie,Shannon Hartman,United States,"November 10, 2017",2010,Not Rated,65,Minutes
6311,s6312,Movie,Stephen Daldry,United Kingdom,"February 1, 2019",2000,Restricted,110,Minutes
6312,s6313,Movie,"Vonda Harrell, Daniel Camenisch",United States,"February 28, 2019",2018,Parental Guidance,66,Minutes
6313,s6314,Movie,Indrasis Acharya,India,"March 15, 2018",2017,Mature Adults,127,Minutes
6314,s6315,Movie,"Gajendra Ahire, Viju Mane, Girish Mohite, Ravi Jadhav",India,"August 15, 2018",2015,14+ Teens,131,Minutes
6315,s6316,Movie,Emanuel Hoss-Desmarais,Canada,"June 28, 2018",2018,Mature Adults,88,Minutes
6316,s6317,Movie,Marianna Palka,United States,"March 11, 2018",2017,Restricted,97,Minutes
6317,s6318,Movie,Ham Tran,Vietnam,"September 2, 2017",2016,14+ Teens,116,Minutes
6319,s6320,TV Show,Miguel Conde,Spain,"March 29, 2019",2018,Mature Adults,1,Seasons
6320,s6321,Movie,Supavitra Babul,India,"July 5, 2020",2012,14+ Teens,117,Minutes
6321,s6322,Movie,Mark Harris,United States,"July 12, 2019",2019,Mature Adults,79,Minutes
6322,s6323,Movie,Ridley Scott,United States,"January 1, 2019",2001,Restricted,144,Minutes
6324,s6325,Movie,Jose Manuel Colón,Spain,"June 1, 2016",2015,Parental Guidance,79,Minutes
6325,s6326,Movie,Ryan Coogler,United States,"September 4, 2018",2018,Parents Strongly Cautioned,135,Minutes
6326,s6327,Movie,Jesse Gustafson,United States,"August 9, 2017",2017,Mature Adults,88,Minutes
6327,s6328,Movie,Craig Brewer,United States,"November 20, 2019",2007,Restricted,116,Minutes
6328,s6329,Movie,Martin Hodara,Argentina,"July 1, 2017",2017,Mature Adults,91,Minutes
6329,s6330,Movie,Gabriela Cowperthwaite,United States,"May 1, 2020",2013,Parents Strongly Cautioned,83,Minutes
6330,s6331,Movie,Daniel Alfredson,United States,"December 15, 2017",2015,Parents Strongly Cautioned,90,Minutes
6331,s6332,Movie,Ethan Hawke,United States,"August 30, 2020",2018,Restricted,129,Minutes
6332,s6333,Movie,Ben Younger,United States,"April 11, 2020",2016,Restricted,120,Minutes
6333,s6334,Movie,Deane Taylor,Australia,"February 8, 2017",2015,Parental Guidance,91,Minutes
6334,s6335,Movie,July Hygreck,France,"January 24, 2018",2017,Mature Adults,85,Minutes
6336,s6337,Movie,Jean-François Richet,France,"March 26, 2020",2016,Restricted,88,Minutes
6337,s6338,Movie,Ted Demme,United States,"October 1, 2019",2001,Restricted,123,Minutes
6338,s6339,Movie,Abdellatif Kechiche,France,"August 26, 2016",2013,Adults Only,180,Minutes
6339,s6340,Movie,Woody Allen,United States,"March 8, 2019",2013,Parents Strongly Cautioned,98,Minutes
6340,s6341,Movie,Lev L. Spiro,United States,"March 1, 2016",2016,Restricted,90,Minutes
6342,s6343,Movie,Jeremy Saulnier,United States,"February 25, 2019",2013,Restricted,90,Minutes
6343,s6344,Movie,Les Mayfield,Germany,"January 1, 2021",1999,Parents Strongly Cautioned,94,Minutes
6344,s6345,Movie,Derek Cianfrance,United States,"July 5, 2018",2010,Restricted,112,Minutes
6345,s6346,Movie,Barry Avrich,Canada,"December 31, 2017",2017,Mature Adults,85,Minutes
6346,s6347,Movie,Jeremy Kenyon Lockyer Corbell,United States,"June 18, 2019",2018,Mature Adults,97,Minutes
6348,s6349,Movie,Jay Surridge,Canada,"December 17, 2015",2015,General Audience,47,Minutes
6349,s6350,Movie,Elvira Lind,Denmark,"June 1, 2018",2017,Mature Adults,99,Minutes
6350,s6351,Movie,Raj Kapoor,India,"December 31, 2019",1973,14+ Teens,168,Minutes
6351,s6352,Movie,"Gabriel Clarke, Torquil Jones",United Kingdom,"December 1, 2018",2018,14+ Teens,99,Minutes
6352,s6353,Movie,Brendan Byrne,Ireland,"September 28, 2017",2016,14+ Teens,106,Minutes
6353,s6354,Movie,"Geoffrey Orthwein, Andrew Sullivan",United States,"June 22, 2017",2017,14+ Teens,92,Minutes
6354,s6355,Movie,"Byron Howard, Chris Williams",United States,"July 22, 2018",2008,Parental Guidance,99,Minutes
6355,s6356,Movie,Alexandra Dean,United States,"May 31, 2018",2017,14+ Teens,89,Minutes
6356,s6357,Movie,Jelle de Jonge,Netherlands,"September 1, 2016",2015,Mature Adults,88,Minutes
6358,s6359,Movie,Arthur Penn,United States,"January 1, 2021",1967,Restricted,111,Minutes
6359,s6360,Movie,Kaizad Gustad,India,"March 1, 2018",2003,Mature Adults,79,Minutes
6362,s6363,Movie,"Gary Cohen, Ross Hockrow",United States,"December 31, 2017",2017,Mature Adults,86,Minutes
6363,s6364,Movie,Gayane Petrosyan,United Kingdom,"April 1, 2017",2016,14+ Teens,74,Minutes
6365,s6366,Movie,Richard Sears,Canada,"May 28, 2020",2017,Mature Adults,84,Minutes
6366,s6367,Movie,Alê Abreu,Brazil,"October 1, 2017",2013,Parental Guidance,80,Minutes
6367,s6368,Movie,Chris Stokes,United States,"April 2, 2019",2016,Mature Adults,86,Minutes
6369,s6370,Movie,Michael Doneger,United States,"April 19, 2019",2018,Mature Adults,90,Minutes
6370,s6371,Movie,Sean McNamara,United States,"June 29, 2020",2007,Parental Guidance,102,Minutes
6371,s6372,TV Show,Cecilia Peck,United States,"February 17, 2018",2013,14+ Teens,1,Seasons
6372,s6373,Movie,Jody Lambert,United States,"December 15, 2017",2016,Mature Adults,92,Minutes
6374,s6375,Movie,Sridhar Rangayan,India,"December 15, 2017",2015,Mature Adults,81,Minutes
6375,s6376,Movie,Simon Baker,Australia,"December 5, 2018",2018,Mature Adults,116,Minutes
6376,s6377,Movie,Rian Johnson,United States,"September 1, 2018",2005,Restricted,110,Minutes
6377,s6378,Movie,Robert Adetuyi,United States,"August 29, 2017",2017,Parents Strongly Cautioned,95,Minutes
6379,s6380,Movie,Antoine Fuqua,United States,"October 1, 2018",2009,Restricted,133,Minutes
6380,s6381,Movie,Lu Yang,China,"November 28, 2018",2017,Mature Adults,120,Minutes
6382,s6383,Movie,Vivieno Caldinelli,Canada,"June 24, 2017",2016,Parental Guidance,91,Minutes
6383,s6384,Movie,Vivieno Caldinelli,Canada,"July 1, 2017",2017,Parental Guidance,90,Minutes
6384,s6385,Movie,Vivieno Caldinelli,Canada,"June 24, 2017",2017,Parental Guidance,90,Minutes
6386,s6387,Movie,Mike Wiluan,Indonesia,"April 12, 2019",2018,Mature Adults,103,Minutes
6387,s6388,Movie,Andreas Johnsen,Netherlands,"February 20, 2018",2016,General Audience,73,Minutes
6388,s6389,Movie,David McCracken,United States,"June 1, 2019",2018,Mature Adults,98,Minutes
6390,s6391,Movie,Steve Antin,United States,"December 16, 2019",2010,Parents Strongly Cautioned,119,Minutes
6391,s6392,Movie,Jon Manning,United States,"June 1, 2017",2017,Mature Adults,76,Minutes
6392,s6393,Movie,Lee Chang-dong,South Korea,"April 29, 2019",2018,Mature Adults,148,Minutes
6394,s6395,Movie,"Cary Murnion, Jonathan Milott",United States,"November 24, 2017",2017,Mature Adults,94,Minutes
6395,s6396,Movie,Daniel Mann,United States,"November 1, 2019",1960,14+ Teens,108,Minutes
6396,s6397,Movie,Daniele Thompson,Belgium,"September 7, 2017",2016,Restricted,114,Minutes
6397,s6398,Movie,Travis Zariwny,United States,"June 6, 2019",2016,Restricted,98,Minutes
6399,s6400,Movie,Angga Dwimas Sasongko,Indonesia,"October 5, 2018",2014,14+ Teens,151,Minutes
6400,s6401,Movie,Néstor Sánchez Sotelo,Argentina,"January 20, 2017",2016,Mature Adults,78,Minutes
6402,s6403,Movie,Asim Abbasi,United Kingdom,"May 15, 2019",2018,Mature Adults,125,Minutes
6403,s6404,Movie,Madhur Bhandarkar,India,"October 15, 2017",2015,14+ Teens,126,Minutes
6408,s6409,TV Show,Carlos Bolado,Mexico,"February 1, 2017",2014,14+ Teens,1,Seasons
6409,s6410,Movie,Scott Marshall Smith,United States,"August 20, 2017",2016,Mature Adults,104,Minutes
6410,s6411,Movie,Lisa Arnold,United States,"January 1, 2018",2017,General Audience,104,Minutes
6412,s6413,Movie,Peter Sattler,United States,"January 14, 2017",2014,Restricted,117,Minutes
6414,s6415,Movie,"Harry Elfont, Deborah Kaplan",United States,"January 1, 2021",1998,Parents Strongly Cautioned,101,Minutes
6415,s6416,Movie,Bernard Rose,United States,"October 1, 2019",1992,Restricted,99,Minutes
6417,s6418,Movie,Justin Pemberton,France,"September 8, 2020",2019,14+ Teens,103,Minutes
6418,s6419,Movie,Noushad,India,"July 1, 2018",2017,Parental Guidance,126,Minutes
6419,s6420,Movie,Mark O'Connor,Ireland,"September 15, 2018",2016,Mature Adults,92,Minutes
6421,s6422,Movie,Chito S. Roño,Philippines,"March 5, 2019",2008,14+ Teens,131,Minutes
6422,s6423,Movie,Todd Haynes,United Kingdom,"October 20, 2020",2015,Restricted,119,Minutes
6423,s6424,Movie,Brian De Palma,United States,"June 1, 2019",1976,Restricted,98,Minutes
6424,s6425,Movie,"Àlex Pastor, David Pastor",United States,"November 20, 2019",2009,Parents Strongly Cautioned,85,Minutes
6425,s6426,Movie,Matt Piedmont,United States,"November 14, 2012",2012,Restricted,84,Minutes
6427,s6428,Movie,Martin Campbell,United Kingdom,"August 31, 2020",2006,Parents Strongly Cautioned,145,Minutes
6428,s6429,Movie,Wong Jing,Hong Kong,"August 1, 2018",1992,Mature Adults,125,Minutes
6429,s6430,Movie,Wong Jing,Hong Kong,"August 16, 2018",1992,Mature Adults,108,Minutes
6431,s6432,Movie,Richard Brooks,United States,"November 1, 2019",1958,Not Rated,108,Minutes
6432,s6433,Movie,Shalini Kantayya,China,"April 22, 2016",2015,14+ Teens,74,Minutes
6433,s6434,Movie,Brad Peyton,United States,"February 1, 2019",2010,Parental Guidance,82,Minutes
6434,s6435,Movie,"Aaron Hancox, Michael McNamara",Canada,"January 7, 2019",2018,Parental Guidance,75,Minutes
6435,s6436,Movie,Henrik Martin Dahlsbakken,Norway,"June 15, 2017",2016,Mature Adults,77,Minutes
6436,s6437,Movie,Shivendra Singh Dungarpur,India,"April 1, 2017",2012,Parental Guidance,156,Minutes
6437,s6438,Movie,Nicholas Hytner,United States,"January 1, 2020",2000,Parents Strongly Cautioned,116,Minutes
6438,s6439,Movie,Harry Baweja,India,"November 1, 2018",2014,Parental Guidance,126,Minutes
6439,s6440,Movie,Aatmaram Dharne,India,"March 15, 2018",2010,14+ Teens,129,Minutes
6440,s6441,Movie,David Dhawan,India,"December 31, 2019",2000,14+ Teens,132,Minutes
6441,s6442,Movie,Umer Adil,Pakistan,"May 15, 2018",2017,14+ Teens,118,Minutes
6442,s6443,Movie,Arne Birkenstock,Germany,"March 1, 2017",2010,General Audience,87,Minutes
6443,s6444,Movie,Dianne Dreyer,United States,"March 1, 2020",2018,Parental Guidance,95,Minutes
6444,s6445,Movie,Garin Nugroho,Indonesia,"January 5, 2019",2016,14+ Teens,86,Minutes
6445,s6446,Movie,John Curran,United States,"October 1, 2018",2017,Parents Strongly Cautioned,106,Minutes
6446,s6447,Movie,Tim Burton,United Kingdom,"January 1, 2020",2005,Parental Guidance,115,Minutes
6447,s6448,Movie,McG,United States,"October 1, 2019",2003,Parents Strongly Cautioned,106,Minutes
6448,s6449,Movie,"Charles A. Nichols, Iwao Takamoto",United States,"November 23, 2019",1973,General,94,Minutes
6449,s6450,Movie,David Dhawan,India,"May 1, 2017",2013,Parental Guidance,121,Minutes
6450,s6451,Movie,Kevin Smith,United States,"January 1, 2020",1997,Restricted,113,Minutes
6452,s6453,Movie,"Wong Jing, Jason Kwan",Hong Kong,"April 19, 2018",2017,Mature Adults,129,Minutes
6453,s6454,Movie,John Scheinfeld,United States,"November 13, 2017",2016,Parental Guidance,99,Minutes
6454,s6455,Movie,Gurvinder Singh,India,"February 1, 2017",2015,14+ Teens,116,Minutes
6458,s6459,Movie,Bradley Parker,United States,"August 1, 2018",2012,Restricted,88,Minutes
6464,s6465,Movie,"Rajiv Chilaka, Binayak Das",India,"August 15, 2019",2019,Kids 7+,112,Minutes
6465,s6466,Movie,Anuranjan Premji,India,"July 1, 2018",2017,14+ Teens,113,Minutes
6466,s6467,Movie,Mark Dindal,United States,"March 16, 2016",2005,General,82,Minutes
6467,s6468,Movie,Niyi Akinmolayan,Nigeria,"March 15, 2019",2018,Mature Adults,98,Minutes
6468,s6469,Movie,Tom Holland,United States,"December 31, 2019",1988,Restricted,87,Minutes
6470,s6471,Movie,Tan Bing,China,"September 24, 2018",2017,Mature Adults,111,Minutes
6472,s6473,Movie,Bedabrata Pain,United States,"January 1, 2018",2012,Not Rated,105,Minutes
6473,s6474,Movie,Ken Hughes,United Kingdom,"January 1, 2020",1968,General,146,Minutes
6474,s6475,Movie,Atom Egoyan,United States,"January 1, 2020",2009,Restricted,96,Minutes
6475,s6476,Movie,Andrew Sandler,United States,"October 7, 2017",2017,Mature Adults,80,Minutes
6476,s6477,Movie,Corbin Bernsen,United States,"June 6, 2019",2014,Parental Guidance,99,Minutes
6478,s6479,Movie,Marita Grabiak,Canada,"November 4, 2019",2012,Parental Guidance,87,Minutes
6479,s6480,Movie,Gary Wheeler,United States,"March 1, 2019",2015,General Audience,88,Minutes
6480,s6481,Movie,Joe Roth,United States,"January 1, 2019",2004,Parental Guidance,99,Minutes
6481,s6482,Movie,Marc Forster,United States,"March 5, 2019",2018,Parental Guidance,104,Minutes
6482,s6483,Movie,Israel Adrián Caetano,Argentina,"June 15, 2018",2006,Restricted,104,Minutes
6484,s6485,Movie,Mohsin Ali,Pakistan,"January 15, 2019",2017,14+ Teens,118,Minutes
6485,s6486,Movie,Hrishikesh Mukherjee,India,"December 31, 2019",1975,Parental Guidance,127,Minutes
6486,s6487,Movie,Paul Weitz,United States,"April 16, 2018",2009,Parents Strongly Cautioned,109,Minutes
6488,s6489,Movie,"Fernando Meirelles, Katia Lund",Brazil,"January 1, 2020",2002,Restricted,130,Minutes
6489,s6490,Movie,Pete Travis,United Kingdom,"July 21, 2017",2016,Mature Adults,110,Minutes
6491,s6492,Movie,Nick Mead,United States,"November 14, 2019",2019,Mature Adults,88,Minutes
6492,s6493,Movie,Louis Leterrier,United States,"August 1, 2019",2010,Parents Strongly Cautioned,106,Minutes
6493,s6494,Movie,Gregory Hoblit,United States,"April 1, 2018",1993,Parental Guidance,91,Minutes
6494,s6495,Movie,Eric Stoltz,United States,"September 18, 2018",2018,Mature Adults,103,Minutes
6496,s6497,Movie,Jack Starrett,United States,"November 1, 2019",1973,Parental Guidance,89,Minutes
6497,s6498,Movie,Frank Coraci,United States,"January 1, 2020",2006,Parents Strongly Cautioned,108,Minutes
6499,s6500,Movie,Chris Perkel,United States,"September 17, 2019",2017,Mature Adults,124,Minutes
6500,s6501,Movie,John Crowley,United Kingdom,"October 16, 2017",2013,Restricted,96,Minutes
6501,s6502,Movie,"Lilly Wachowski, Lana Wachowski, Tom Tykwer",Germany,"August 1, 2017",2012,Restricted,172,Minutes
6502,s6503,Movie,Olivier Assayas,France,"February 12, 2017",2014,Restricted,124,Minutes
6503,s6504,Movie,Matt Reeves,United States,"January 1, 2020",2008,Parents Strongly Cautioned,85,Minutes
6510,s6511,Movie,Thomas Carter,United States,"January 1, 2020",2005,Parents Strongly Cautioned,137,Minutes
6511,s6512,Movie,Les Mayfield,United States,"November 1, 2019",2007,Parents Strongly Cautioned,91,Minutes
6512,s6513,Movie,Vishal Mishra,India,"November 1, 2017",2017,Parental Guidance,120,Minutes
6515,s6516,Movie,Saurav Palodhi,India,"March 30, 2017",2016,14+ Teens,118,Minutes
6516,s6517,Movie,Florian Gallenberger,Germany,"July 14, 2018",2015,Restricted,110,Minutes
6517,s6518,Movie,Ketan Mehta,India,"May 25, 2018",2008,14+ Teens,114,Minutes
6518,s6519,Movie,Zack Whedon,Canada,"September 18, 2019",2016,Restricted,112,Minutes
6521,s6522,Movie,Robert Kenner,United States,"May 15, 2017",2017,Parental Guidance,92,Minutes
6522,s6523,Movie,Ram Gopal Varma,India,"March 1, 2018",2002,Mature Adults,137,Minutes
6523,s6524,Movie,Craig Goodwill,United Kingdom,"October 4, 2018",2016,Mature Adults,84,Minutes
6525,s6526,Movie,"Jesse Adang, Syrine Boulanouar",Czech Republic,"September 1, 2017",2016,Mature Adults,52,Minutes
6526,s6527,Movie,Stacie Passon,United States,"August 2, 2018",2013,Restricted,96,Minutes
6527,s6528,Movie,Van M. Pham,Vietnam,"August 28, 2018",2014,Mature Adults,112,Minutes
6528,s6529,Movie,Gavin Fitzgerald,Ireland,"March 21, 2018",2017,Restricted,90,Minutes
6529,s6530,Movie,Ozan Açıktan,Turkey,"October 25, 2019",2014,Mature Adults,106,Minutes
6530,s6531,Movie,Ram Gopal Varma,India,"March 2, 2019",2008,14+ Teens,116,Minutes
6533,s6534,Movie,Stuart Rosenberg,United States,"January 1, 2021",1967,14+ Teens,127,Minutes
6534,s6535,Movie,Jon Rosenbaum,Canada,"August 17, 2017",2017,Parental Guidance,96,Minutes
6536,s6537,Movie,Henry Selick,United States,"March 16, 2017",2009,Parental Guidance,101,Minutes
6537,s6538,Movie,Jason Bourque,Canada,"July 1, 2018",2018,14+ Teens,88,Minutes
6539,s6540,Movie,"Micah Bickham, Galley Molina",United States,"March 31, 2016",2016,General Audience,75,Minutes
6540,s6541,Movie,Paul Haggis,United States,"October 1, 2019",2004,Restricted,112,Minutes
6541,s6542,Movie,Kranti Kanade,India,"April 29, 2019",2016,Mature Adults,110,Minutes
6543,s6544,Movie,Ang Lee,Taiwan,"March 1, 2019",2000,Parents Strongly Cautioned,120,Minutes
6544,s6545,Movie,Don Mancini,United States,"October 3, 2017",2017,Restricted,90,Minutes
6545,s6546,Movie,Zachary Heinzerling,United States,"June 14, 2018",2013,Restricted,82,Minutes
6546,s6547,Movie,Chandrakant Kanse,India,"February 15, 2018",2015,14+ Teens,118,Minutes
6547,s6548,Movie,Hasan Karacadağ,Turkey,"April 17, 2019",2015,Mature Adults,153,Minutes
6548,s6549,Movie,Gary David Goldberg,United States,"April 1, 2018",1989,Parental Guidance,117,Minutes
6550,s6551,Movie,Steve Carr,United States,"January 1, 2019",2003,Parental Guidance,93,Minutes
6551,s6552,Movie,Amara Cash,United States,"September 20, 2019",2019,Mature Adults,82,Minutes
6552,s6553,Movie,Pablo Parés,Argentina,"December 20, 2016",2015,Not Rated,115,Minutes
6553,s6554,Movie,Johnson Esthappan,India,"July 1, 2018",2017,14+ Teens,151,Minutes
6554,s6555,Movie,Raj Amit Kumar,United States,"April 1, 2018",2015,Mature Adults,103,Minutes
6555,s6556,Movie,Jean-Marc Vallée,United States,"January 16, 2018",2013,Restricted,117,Minutes
6557,s6558,Movie,Jeffrey Walker,Germany,"July 2, 2018",2017,Parental Guidance,100,Minutes
6558,s6559,Movie,Philipp Eichholtz,Germany,"April 1, 2017",2016,Mature Adults,70,Minutes
6561,s6562,Movie,Brendan Toller,United States,"March 2, 2017",2015,Mature Adults,103,Minutes
6562,s6563,Movie,Roger Donaldson,United States,"September 1, 2019",1997,Parents Strongly Cautioned,108,Minutes
6564,s6565,Movie,Agnidev Chatterjee,India,"December 15, 2017",2016,Mature Adults,91,Minutes
6565,s6566,Movie,Alexandros Avranas,United Kingdom,"October 15, 2019",2016,Restricted,93,Minutes
6566,s6567,Movie,Gilles Paquet-Brenner,United States,"July 26, 2018",2015,Restricted,113,Minutes
6567,s6568,Movie,Prawal Raman,India,"August 1, 2019",2003,Mature Adults,116,Minutes
6569,s6570,Movie,Parveen Kumar,India,"October 15, 2017",2016,14+ Teens,121,Minutes
6570,s6571,Movie,Julie Dash,United Kingdom,"June 10, 2017",1991,Not Rated,112,Minutes
6573,s6574,Movie,Amman Abbasi,United States,"January 11, 2018",2017,Mature Adults,76,Minutes
6574,s6575,Movie,"Dylan Haegens, Bas van Teylingen",Netherlands,"April 17, 2019",2018,Parental Guidance,81,Minutes
6575,s6576,Movie,"Noah Baumbach, Jake Paltrow",United States,"November 21, 2018",2015,Restricted,110,Minutes
6576,s6577,Movie,Tom Edmunds,United Kingdom,"March 1, 2019",2018,Mature Adults,90,Minutes
6577,s6578,Movie,Tanveer Khan,India,"December 31, 2019",2006,14+ Teens,97,Minutes
6578,s6579,Movie,Danny J. Boyle,United States,"February 15, 2019",2018,14+ Teens,86,Minutes
6579,s6580,Movie,Demetri Martin,United States,"March 15, 2020",2016,Parents Strongly Cautioned,94,Minutes
6580,s6581,Movie,Tanuj Bhramar,India,"March 2, 2019",2016,14+ Teens,83,Minutes
6581,s6582,Movie,Chad Van De Keere,United States,"February 18, 2016",2012,Kids Fantasy Violence,43,Minutes
6582,s6583,Movie,Jason Priestley,Canada,"November 4, 2019",2011,Parental Guidance,92,Minutes
6583,s6584,Movie,Neil LaBute,United States,"August 1, 2020",2010,Restricted,93,Minutes
6584,s6585,Movie,Harrison Smith,United States,"May 5, 2019",2017,Restricted,88,Minutes
6585,s6586,Movie,Clay Porter,United Kingdom,"March 1, 2018",2017,Mature Adults,53,Minutes
6588,s6589,Movie,Anees Bazmee,India,"January 3, 2020",2002,Mature Adults,156,Minutes
6589,s6590,Movie,"Ken Burns, Artemis Joukowsky",United States,"May 1, 2017",2016,14+ Teens,79,Minutes
6590,s6591,Movie,Dennis Iliadis,United States,"September 1, 2018",2018,Restricted,96,Minutes
6591,s6592,Movie,Camilla Nielsson,Denmark,"April 25, 2016",2014,Not Rated,99,Minutes
6592,s6593,Movie,Christian Gudegast,United States,"May 1, 2020",2018,Restricted,140,Minutes
6593,s6594,Movie,Ted Demme,United States,"August 8, 2017",1992,Restricted,62,Minutes
6595,s6596,Movie,Sam Patton,United States,"May 8, 2018",2017,Mature Adults,76,Minutes
6596,s6597,Movie,Mohamed Samy,Egypt,"August 5, 2019",2017,14+ Teens,99,Minutes
6597,s6598,Movie,Christopher Smith,United Kingdom,"May 25, 2017",2016,Restricted,97,Minutes
6598,s6599,Movie,Michael Feifer,United States,"September 13, 2019",2019,14+ Teens,87,Minutes
6599,s6600,Movie,Saara Cantell,Finland,"June 1, 2017",2016,Mature Adults,108,Minutes
6600,s6601,Movie,Clay Staub,Canada,"July 16, 2020",2017,Mature Adults,94,Minutes
6602,s6603,Movie,"Sumitra Bhave, Sunil Sukthankar",India,"January 1, 2018",2004,Parental Guidance,123,Minutes
6604,s6605,Movie,Indra Kumar,India,"December 31, 2019",2007,14+ Teens,128,Minutes
6605,s6606,Movie,Hark Tsui,China,"February 6, 2019",2018,14+ Teens,132,Minutes
6606,s6607,Movie,Ben Ryder,United Kingdom,"July 28, 2017",2017,Parental Guidance,93,Minutes
6608,s6609,Movie,Benoît Jacquot,France,"December 3, 2016",2015,Not Rated,96,Minutes
6609,s6610,Movie,Lee Tamahori,United Kingdom,"December 31, 2019",2002,Parents Strongly Cautioned,133,Minutes
6610,s6611,Movie,Kundan Shah,India,"April 1, 2018",2002,14+ Teens,176,Minutes
6612,s6613,Movie,Jay Roach,United States,"January 1, 2020",2010,Parents Strongly Cautioned,115,Minutes
6614,s6615,Movie,Chia-Liang Liu,Hong Kong,"August 16, 2018",1985,14+ Teens,90,Minutes
6615,s6616,Movie,Todd Standing,United States,"December 15, 2017",2017,Mature Adults,111,Minutes
6616,s6617,Movie,Benjamin Arfmann,United States,"February 19, 2018",2017,14+ Teens,87,Minutes
6617,s6618,Movie,Neill Blomkamp,South Africa,"November 4, 2019",2009,Restricted,112,Minutes
6619,s6620,Movie,David Lean,United States,"November 1, 2019",1965,Parents Strongly Cautioned,200,Minutes
6620,s6621,Movie,Paul Schrader,United States,"December 31, 2016",2016,Mature Adults,93,Minutes
6621,s6622,Movie,Philip Marlatt,United States,"June 5, 2019",2019,Parental Guidance,90,Minutes
6622,s6623,Movie,Charles Martin Smith,United States,"February 25, 2019",2014,Parental Guidance,107,Minutes
6623,s6624,Movie,Brian De Palma,Denmark,"September 28, 2019",2019,Restricted,89,Minutes
6624,s6625,Movie,"Mahin Ibrahim, Austin Kolodney, Will Lowell, David Beier, Dave Dorsey, Xu Zhang, Alana Waksman, Jon YonKondy, Drue Metz, Brandon Somerhalder",United States,"January 5, 2018",2015,14+ Teens,83,Minutes
6625,s6626,Movie,Jared Hess,United States,"March 1, 2020",2015,Parents Strongly Cautioned,96,Minutes
6626,s6627,Movie,Troy Nixey,United States,"November 2, 2019",2010,Restricted,99,Minutes
6627,s6628,Movie,Thierry Donard,France,"June 12, 2020",2015,Mature Adults,95,Minutes
6628,s6629,Movie,Thierry Donard,France,"June 12, 2020",2016,Mature Adults,88,Minutes
6629,s6630,Movie,Thierry Donard,France,"June 12, 2020",2017,14+ Teens,94,Minutes
6630,s6631,Movie,Caradog W. James,United Kingdom,"February 8, 2019",2016,Restricted,93,Minutes
6631,s6632,Movie,Daniel Gordon,United Kingdom,"April 1, 2017",2016,Mature Adults,93,Minutes
6632,s6633,Movie,Mike Birbiglia,United States,"May 1, 2017",2016,Restricted,92,Minutes
6633,s6634,Movie,Mike Newell,United States,"January 1, 2020",1997,Restricted,127,Minutes
6634,s6635,Movie,Andrzej Bartkowiak,United Kingdom,"November 1, 2020",2005,Restricted,105,Minutes
6636,s6637,Movie,Wong Jing,Hong Kong,"August 1, 2018",1989,14+ Teens,94,Minutes
6637,s6638,Movie,John Patrick Shanley,United States,"March 7, 2019",2008,Parents Strongly Cautioned,104,Minutes
6638,s6639,Movie,M.J. Isakson,United States,"January 15, 2018",2017,Parental Guidance,94,Minutes
6639,s6640,Movie,Bo Welch,United States,"May 1, 2019",2003,Parental Guidance,82,Minutes
6640,s6641,Movie,"Scott Mosier, Yarrow Cheney",France,"June 5, 2019",2018,Parental Guidance,86,Minutes
6641,s6642,Movie,Rob Cohen,United States,"January 1, 2020",1996,Parents Strongly Cautioned,103,Minutes
6642,s6643,Movie,Colin Teague,United States,"January 1, 2020",2015,Parents Strongly Cautioned,97,Minutes
6643,s6644,Movie,Doug Lefler,United States,"January 1, 2020",2000,Parental Guidance,84,Minutes
6644,s6645,Movie,Patrik Syversen,United States,"June 13, 2017",2017,Parents Strongly Cautioned,98,Minutes
6647,s6648,Movie,Greg MacGillivray,United States,"July 1, 2018",2017,General Audience,42,Minutes
6648,s6649,Movie,Tristan Ferland Milewski,Germany,"December 1, 2017",2017,Mature Adults,92,Minutes
6649,s6650,Movie,Reiner Holzemer,Germany,"January 1, 2018",2017,Parental Guidance,89,Minutes
6653,s6654,Movie,Afia Nathaniel,Pakistan,"September 1, 2016",2014,14+ Teens,93,Minutes
6654,s6655,Movie,Eeshwar Nivas,India,"March 1, 2018",2003,14+ Teens,162,Minutes
6655,s6656,Movie,Troy Miller,United States,"October 1, 2019",2003,Parents Strongly Cautioned,85,Minutes
6656,s6657,Movie,Emma Hatherley,United Kingdom,"February 1, 2019",2016,14+ Teens,52,Minutes
6657,s6658,Movie,Dave Green,United States,"October 1, 2019",2014,Parental Guidance,91,Minutes
6661,s6662,Movie,Anthony Lucero,United States,"September 15, 2020",2015,Parental Guidance,106,Minutes
6662,s6663,Movie,Will Gluck,United States,"November 1, 2020",2010,Parents Strongly Cautioned,92,Minutes
6664,s6665,Movie,Ryan Murphy,United States,"September 10, 2019",2010,Parents Strongly Cautioned,140,Minutes
6665,s6666,Movie,Bruce Gowers,United States,"April 15, 2018",1983,Mature Adults,69,Minutes
6666,s6667,Movie,Ajithkumar,India,"September 15, 2018",2018,14+ Teens,153,Minutes
6667,s6668,Movie,Harjit Singh,India,"December 1, 2017",2015,14+ Teens,124,Minutes
6668,s6669,Movie,"Sumitra Bhave, Sunil Sukthankar",India,"March 15, 2018",2009,Parental Guidance,120,Minutes
6669,s6670,Movie,Sriram Raghavan,India,"August 1, 2019",2004,Mature Adults,134,Minutes
6670,s6671,Movie,Philipp Stölzl,United States,"February 4, 2018",2012,Restricted,105,Minutes
6675,s6676,Movie,Matías Gueilburt,Venezuela,"October 15, 2017",2017,14+ Teens,119,Minutes
6677,s6678,Movie,Justin Webster,Spain,"April 8, 2017",2017,14+ Teens,106,Minutes
6680,s6681,Movie,Bassam Kurdali,Netherlands,"August 23, 2018",2006,Mature Adults,196,Minutes
6681,s6682,Movie,John Bridcut,United Kingdom,"May 22, 2017",2016,General Audience,90,Minutes
6682,s6683,Movie,Sebastian Gutierrez,United States,"August 1, 2020",2019,Restricted,109,Minutes
6683,s6684,Movie,"Fabien Beziat, Hugues Nancy",France,"December 31, 2017",2014,14+ Teens,93,Minutes
6686,s6687,Movie,Jon Spira,United Kingdom,"September 6, 2016",2015,Parental Guidance,102,Minutes
6687,s6688,Movie,Michael Thelin,United States,"August 2, 2018",2016,Mature Adults,82,Minutes
6688,s6689,Movie,Riri Riza,Indonesia,"October 5, 2018",2016,Parental Guidance,74,Minutes
6689,s6690,Movie,Neil Triffett,Australia,"February 1, 2018",2016,Mature Adults,94,Minutes
6691,s6692,Movie,Kim Nguyen,Canada,"January 1, 2018",2014,14+ Teens,87,Minutes
6692,s6693,Movie,Greg Coolidge,United States,"October 1, 2020",2006,Parents Strongly Cautioned,108,Minutes
6694,s6695,Movie,Ajay Phansekar,India,"December 31, 2019",2002,14+ Teens,151,Minutes
6696,s6697,Movie,David Ayer,United States,"November 23, 2019",2012,Restricted,109,Minutes
6698,s6699,Movie,Denis Villeneuve,Canada,"July 15, 2018",2013,Restricted,91,Minutes
6699,s6700,Movie,Jenny Carchman,United States,"January 18, 2017",2016,14+ Teens,93,Minutes
6700,s6701,Movie,Jason James,Canada,"December 9, 2018",2018,Mature Adults,85,Minutes
6701,s6702,Movie,Robert Clouse,Hong Kong,"January 1, 2021",1973,Restricted,103,Minutes
6702,s6703,Movie,Drake Doremus,United States,"October 28, 2018",2015,Parents Strongly Cautioned,102,Minutes
6703,s6704,Movie,Kurt Wimmer,United States,"June 8, 2019",2002,Restricted,107,Minutes
6704,s6705,Movie,Wojciech Marczewski,Poland,"October 1, 2019",1990,Mature Adults,88,Minutes
6705,s6706,Movie,Alejandro Doria,Argentina,"July 15, 2018",1985,Not Rated,95,Minutes
6706,s6707,Movie,Marcelo González,Mexico,"January 14, 2017",2016,14+ Teens,100,Minutes
6708,s6709,Movie,Valeria Golino,Italy,"November 1, 2019",2018,Restricted,110,Minutes
6710,s6711,Movie,Tom Shadyac,United States,"April 16, 2019",2007,Parental Guidance,96,Minutes
6711,s6712,Movie,Paul W.S. Anderson,United Kingdom,"January 1, 2020",1997,Restricted,96,Minutes
6712,s6713,Movie,Robi Michael,United States,"February 25, 2020",2019,Mature Adults,98,Minutes
6713,s6714,Movie,Asghar Farhadi,Spain,"June 6, 2019",2019,Restricted,133,Minutes
6715,s6716,Movie,Ivan Reitman,United States,"November 20, 2019",2001,Parents Strongly Cautioned,102,Minutes
6716,s6717,Movie,Alex Garland,United Kingdom,"July 26, 2018",2015,Restricted,108,Minutes
6719,s6720,Movie,Stuart Baird,United States,"November 1, 2019",1996,Restricted,133,Minutes
6720,s6721,Movie,"Anders Sømme Hammer, Marius Arnesen, Klaus Erik Okstad, Olav Njaastad",Norway,"July 1, 2016",2013,Mature Adults,58,Minutes
6721,s6722,Movie,Michael Whitton,United States,"March 3, 2019",2012,Not Rated,79,Minutes
6722,s6723,Movie,Andrzej Bartkowiak,United States,"October 1, 2019",2001,Restricted,101,Minutes
6723,s6724,Movie,Joseph Mbah,United States,"August 29, 2019",2019,14+ Teens,81,Minutes
6725,s6726,Movie,Hakan Algül,Turkey,"March 10, 2017",2010,Mature Adults,99,Minutes
6726,s6727,Movie,Hakan Algül,Turkey,"March 10, 2017",2011,Parental Guidance,106,Minutes
6727,s6728,Movie,Hakan Algül,Turkey,"March 10, 2017",2014,Parental Guidance,103,Minutes
6729,s6730,Movie,Benny Fine,United States,"March 5, 2018",2017,Mature Adults,92,Minutes
6730,s6731,Movie,Matt Toronto,United States,"January 15, 2018",2017,Mature Adults,89,Minutes
6733,s6734,Movie,Sanjay Jadhav,India,"February 15, 2018",2011,14+ Teens,150,Minutes
6734,s6735,Movie,Chris Stokes,United States,"January 1, 2020",2019,14+ Teens,80,Minutes
6735,s6736,Movie,Gregory Hoblit,United States,"November 1, 2019",1998,Restricted,124,Minutes
6736,s6737,Movie,"Sedat Kirtan, Kubilay Sarikaya",Germany,"May 1, 2019",2017,Mature Adults,99,Minutes
6737,s6738,Movie,Hardik Mehta,India,"December 15, 2016",2015,14+ Teens,29,Minutes
6738,s6739,Movie,Keith L. Smith,United States,"August 24, 2019",2019,14+ Teens,91,Minutes
6739,s6740,Movie,Nagraj Manjule,India,"January 1, 2018",2014,Not Rated,102,Minutes
6740,s6741,Movie,Shadi Ali,Egypt,"June 6, 2019",2017,Mature Adults,94,Minutes
6742,s6743,TV Show,Ian Barber,United Kingdom," March 31, 2018",2017,14+ Teens,6,Seasons
6743,s6744,Movie,Terry Gilliam,United States,"November 1, 2019",1998,Restricted,118,Minutes
6745,s6746,Movie,Peter Spirer,United States,"August 23, 2017",2017,Mature Adults,70,Minutes
6746,s6747,Movie,Norman Jewison,United States,"July 1, 2020",1971,General,181,Minutes
6747,s6748,Movie,Biyi Bandele,Nigeria,"December 28, 2015",2015,Not Rated,101,Minutes
6748,s6749,Movie,Luke Jurevicius,United Kingdom,"September 1, 2016",2008,Kids 7+,29,Minutes
6749,s6750,Movie,Ari Levinson,United States,"December 21, 2016",2016,Parental Guidance,92,Minutes
6751,s6752,Movie,Tony Zierra,United States,"November 1, 2018",2017,Mature Adults,94,Minutes
6752,s6753,Movie,Angga Dwimas Sasongko,Indonesia,"October 11, 2018",2015,Parental Guidance,118,Minutes
6753,s6754,Movie,James Wong,United States,"January 1, 2020",2000,Restricted,98,Minutes
6754,s6755,Movie,David R. Ellis,United States,"January 1, 2020",2003,Restricted,90,Minutes
6755,s6756,Movie,James Wong,United States,"January 1, 2020",2006,Restricted,93,Minutes
6756,s6757,Movie,Gianfranco Rosi,Italy,"March 21, 2017",2016,14+ Teens,114,Minutes
6757,s6758,Movie,Sabal Singh Shekawat,India,"April 24, 2019",2013,Mature Adults,99,Minutes
6758,s6759,Movie,Arthur Muhammad,United States,"May 17, 2019",2018,14+ Teens,96,Minutes
6759,s6760,Movie,Steven C. Miller,United Kingdom,"September 1, 2019",2017,Restricted,102,Minutes
6760,s6761,Movie,Nirpal Bhogal,United Kingdom,"March 31, 2017",2016,Mature Adults,90,Minutes
6762,s6763,Movie,Andrew Renzi,United States,"October 1, 2018",2015,Not Rated,61,Minutes
6764,s6765,Movie,Gerry Blaksley,United Arab Emirates,"April 15, 2020",2019,14+ Teens,60,Minutes
6765,s6766,Movie,Cheh Chang,Hong Kong,"September 17, 2019",1982,Restricted,104,Minutes
6767,s6768,Movie,Marc Abraham,Canada,"January 16, 2017",2008,Parents Strongly Cautioned,119,Minutes
6768,s6769,Movie,Khaled Marei,Egypt,"June 13, 2019",2016,14+ Teens,102,Minutes
6769,s6770,Movie,Gregory Caruso,United States,"August 1, 2018",2018,Mature Adults,83,Minutes
6771,s6772,Movie,"Kang Cheng, Shan Hua",Hong Kong,"July 31, 2018",1978,Mature Adults,88,Minutes
6772,s6773,Movie,Asri Bendacha,United Arab Emirates,"November 16, 2018",2017,Mature Adults,86,Minutes
6775,s6776,Movie,Juan Manuel Cotelo,Spain,"June 30, 2017",2015,Parental Guidance,90,Minutes
6776,s6777,Movie,Tyler Perry,United States,"May 1, 2020",2010,Restricted,134,Minutes
6777,s6778,Movie,"Mark Helenowski, Kevin Pang",United States,"March 2, 2016",2015,Parental Guidance,92,Minutes
6778,s6779,Movie,Dean Wright,Mexico,"August 2, 2019",2012,Restricted,145,Minutes
6779,s6780,Movie,Mark Murphy,United Kingdom,"August 16, 2019",2019,Mature Adults,95,Minutes
6780,s6781,Movie,Richard Miron,United States,"September 1, 2019",2018,Mature Adults,93,Minutes
6781,s6782,Movie,Joe Camp,United States,"March 6, 2018",1977,General,84,Minutes
6783,s6784,Movie,"Jon Carey, Adam Darke",United Kingdom,"December 1, 2017",2017,14+ Teens,81,Minutes
6784,s6785,Movie,Fred M. Wilcox,United States,"November 1, 2019",1956,General,98,Minutes
6786,s6787,Movie,Luis Ara,Brazil,"August 2, 2018",2018,Mature Adults,74,Minutes
6787,s6788,Movie,Maya Zinshtein,United Kingdom,"May 29, 2017",2016,Mature Adults,87,Minutes
6789,s6790,Movie,Lee Fulkerson,United States,"October 3, 2019",2011,Parental Guidance,96,Minutes
6790,s6791,Movie,Seth Gordon,Germany,"January 1, 2021",2008,Parents Strongly Cautioned,88,Minutes
6792,s6793,Movie,Mike Newell,United Kingdom,"August 1, 2019",1994,Restricted,118,Minutes
6793,s6794,Movie,Gregory Hoblit,United States,"April 1, 2019",2007,Restricted,113,Minutes
6794,s6795,Movie,Noah Baumbach,United States,"October 1, 2017",2012,Restricted,86,Minutes
6796,s6797,Movie,Trudie Styler,United States,"August 13, 2020",2018,Mature Adults,91,Minutes
6797,s6798,Movie,David Dobkin,United States,"January 1, 2021",2007,Parental Guidance,115,Minutes
6798,s6799,Movie,Simon Wincer,United States,"January 1, 2020",1993,Parental Guidance,112,Minutes
6799,s6800,Movie,Marc Levin,United States,"December 15, 2017",2015,Restricted,103,Minutes
6800,s6801,Movie,Sameh Abdulaziz,Egypt,"June 6, 2019",2016,Mature Adults,116,Minutes
6801,s6802,Movie,"Wade Allain-Marcus, Jesse Allain-Marcus",United States,"February 4, 2016",2015,Mature Adults,72,Minutes
6802,s6803,Movie,Jude Okwudiafor Johnson,United States,"March 3, 2020",2019,Parental Guidance,104,Minutes
6804,s6805,Movie,Marcus Nispel,United States,"January 1, 2020",2009,Restricted,97,Minutes
6805,s6806,Movie,Simon Verhoeven,Germany,"April 18, 2018",2016,Restricted,92,Minutes
6807,s6808,Movie,Mahmoud Karim,Egypt,"June 6, 2019",2017,14+ Teens,93,Minutes
6808,s6809,Movie,Pierre Morel,France,"September 8, 2020",2010,Restricted,93,Minutes
6809,s6810,Movie,Heber Cannon,United States,"July 15, 2018",2016,Parental Guidance,99,Minutes
6810,s6811,TV Show,Alastair Fothergill,United Kingdom,"January 28, 2016",2011,Parental Guidance,1,Seasons
6813,s6814,Movie,Courtney Hunt,United States,"July 1, 2019",2008,Restricted,97,Minutes
6814,s6815,Movie,Sean Cisterna,Canada,"September 1, 2016",2015,Parental Guidance,88,Minutes
6815,s6816,Movie,Bob Rose,United States,"January 1, 2018",2016,Mature Adults,106,Minutes
6816,s6817,Movie,Le Van Kiet,Vietnam,"September 25, 2019",2019,Mature Adults,97,Minutes
6817,s6818,Movie,Adam Del Giudice,United States,"April 24, 2019",2017,Mature Adults,88,Minutes
6818,s6819,Movie,Hoyt Yeatman,United States,"March 15, 2019",2009,Parental Guidance,88,Minutes
6819,s6820,Movie,Fellipe Barbosa,Brazil,"November 9, 2018",2017,Mature Adults,132,Minutes
6821,s6822,Movie,Pavel Parkhomenko,Russia,"September 15, 2017",2013,14+ Teens,108,Minutes
6823,s6824,Movie,Lucky Kuswandi,Indonesia,"September 15, 2018",2017,Parental Guidance,111,Minutes
6826,s6827,Movie,Martin Scorsese,United States,"August 20, 2019",2002,Restricted,167,Minutes
6828,s6829,Movie,Ifa Isfansyah,Indonesia,"October 9, 2018",2009,Parental Guidance,96,Minutes
6829,s6830,Movie,Rudy Soedjarwo,Indonesia,"November 30, 2018",2011,Parental Guidance,95,Minutes
6830,s6831,Movie,Hiroshi Katagiri,Japan,"December 10, 2018",2016,Mature Adults,107,Minutes
6831,s6832,Movie,Manbhavan Singh,India,"December 15, 2017",2016,Mature Adults,118,Minutes
6832,s6833,Movie,P.K. Baaburaaj,India,"July 1, 2018",2018,Parental Guidance,130,Minutes
6837,s6838,Movie,David Grossman,United States,"December 20, 2016",2003,Parental Guidance,87,Minutes
6838,s6839,TV Show,Guy Vasilovich,Italy,"December 31, 2017",2011,Children,1,Seasons
6839,s6840,Movie,Nicholas Stoller,United States,"January 16, 2020",2010,Restricted,109,Minutes
6840,s6841,Movie,Christopher Smith,United Kingdom,"December 12, 2014",2014,Parental Guidance,103,Minutes
6842,s6843,Movie,Peter Segal,United States,"April 1, 2019",2008,Parents Strongly Cautioned,110,Minutes
6843,s6844,Movie,David Silberg,United States,"November 1, 2019",2005,Parents Strongly Cautioned,85,Minutes
6844,s6845,Movie,Rajkumar Santoshi,India,"December 31, 2019",1990,14+ Teens,163,Minutes
6845,s6846,Movie,Rich Ragsdale,Thailand,"December 31, 2017",2017,Mature Adults,100,Minutes
6846,s6847,Movie,"Kazuchika Kise, Masahiko Murata",Japan,"February 24, 2019",2013,Mature Adults,58,Minutes
6847,s6848,Movie,Mark Steven Johnson,United States,"October 1, 2020",2007,Parents Strongly Cautioned,110,Minutes
6848,s6849,Movie,Kazuchika Kise,Japan,"February 24, 2019",2014,Mature Adults,58,Minutes
6850,s6851,Movie,Kazuchika Kise,Japan,"February 24, 2019",2013,14+ Teens,56,Minutes
6851,s6852,Movie,Partho Ghosh,India,"December 31, 2019",1997,Mature Adults,161,Minutes
6852,s6853,Movie,Riri Riza,Indonesia,"September 15, 2018",2005,14+ Teens,141,Minutes
6853,s6854,Movie,"Vincente Minnelli, Charles Walters",United States,"November 1, 2019",1958,General,115,Minutes
6854,s6855,Movie,Sally Potter,United Kingdom,"July 15, 2018",2012,Parents Strongly Cautioned,90,Minutes
6855,s6856,Movie,Wenn V. Deramas,Philippines,"February 27, 2019",2013,14+ Teens,103,Minutes
6856,s6857,Movie,Brett Whitcomb,United States,"March 31, 2017",2012,Not Rated,77,Minutes
6858,s6859,Movie,Harold Cronk,United States,"February 9, 2019",2018,Parental Guidance,111,Minutes
6859,s6860,Movie,"Jedd Wider, Todd Wider",United States,"October 22, 2018",2016,Parental Guidance,103,Minutes
6860,s6861,Movie,Gordon Chan,China,"December 16, 2017",2017,Not Rated,129,Minutes
6861,s6862,Movie,Harold Cronk,United States,"April 1, 2020",2014,Parental Guidance,113,Minutes
6862,s6863,Movie,Michael Mason,United States,"December 4, 2018",2018,Parental Guidance,106,Minutes
6863,s6864,Movie,Francis Lee,United Kingdom,"May 1, 2018",2017,Mature Adults,105,Minutes
6864,s6865,Movie,Hrishikesh Mukherjee,India,"December 31, 2019",1979,Parental Guidance,137,Minutes
6865,s6866,Movie,Takuya Inaba,Japan,"November 1, 2017",2013,Children,22,Minutes
6866,s6867,Movie,Martin Campbell,United Kingdom,"December 31, 2019",1995,Parents Strongly Cautioned,130,Minutes
6867,s6868,Movie,Sam de Jong,United States,"June 22, 2020",2019,Mature Adults,89,Minutes
6869,s6870,Movie,Ivan Sen,Australia,"December 10, 2018",2016,Restricted,110,Minutes
6870,s6871,Movie,Rohit Shetty,India,"December 31, 2019",2006,14+ Teens,148,Minutes
6872,s6873,Movie,Mark Landre Gould,United States,"January 1, 2019",2018,Restricted,100,Minutes
6873,s6874,TV Show,Neslihan Yesilyurt,Turkey,"July 12, 2017",2015,14+ Teens,1,Seasons
6874,s6875,Movie,Chris McCoy,United States,"January 19, 2017",2016,Restricted,90,Minutes
6875,s6876,Movie,Andrew Niccol,United States,"April 2, 2017",2014,Restricted,103,Minutes
6876,s6877,Movie,Wendy Jo Carlton,United States,"August 20, 2020",2019,Mature Adults,75,Minutes
6877,s6878,Movie,Tarek Abdel Moaty,Egypt,"June 21, 2019",2012,Mature Adults,99,Minutes
6878,s6879,Movie,George Clooney,United States,"June 2, 2019",2005,Parental Guidance,93,Minutes
6879,s6880,Movie,Henrik Ruben Genz,United States,"September 8, 2017",2014,Restricted,90,Minutes
6880,s6881,Movie,Martin Scorsese,United States,"January 1, 2021",1990,Restricted,145,Minutes
6881,s6882,Movie,Justin Chon,United States,"March 6, 2018",2017,Mature Adults,95,Minutes
6882,s6883,Movie,Michael Dowse,United States,"August 15, 2017",2011,Restricted,92,Minutes
6883,s6884,Movie,Ari Sandel,United States,"April 25, 2019",2018,Parental Guidance,90,Minutes
6884,s6885,Movie,Robert Altman,United States,"November 1, 2019",2001,Restricted,137,Minutes
6886,s6887,Movie,Mathieu Kassovitz,United States,"January 1, 2021",2003,Restricted,98,Minutes
6887,s6888,Movie,Ananth Narayan Mahadevan,India,"October 15, 2017",2015,14+ Teens,109,Minutes
6888,s6889,Movie,Clint Eastwood,Germany,"October 1, 2020",2008,Restricted,117,Minutes
6891,s6892,Movie,Indra Kumar,India,"March 1, 2018",2013,Mature Adults,93,Minutes
6892,s6893,Movie,Tanuj Chopra,United States,"February 14, 2019",2017,Mature Adults,57,Minutes
6893,s6894,Movie,Randal Kleiser,United States,"November 1, 2019",1978,Parental Guidance,110,Minutes
6896,s6897,Movie,Jeremy Saulnier,United States,"November 12, 2018",2015,Restricted,95,Minutes
6897,s6898,Movie,Abba T. Makama,Nigeria,"January 1, 2018",2016,Mature Adults,102,Minutes
6898,s6899,Movie,Nanette Burstein,United States,"April 1, 2018",2016,Mature Adults,97,Minutes
6899,s6900,Movie,Eric Juhola,United States,"January 6, 2017",2016,Parental Guidance,82,Minutes
6900,s6901,Movie,Anjali Nayar,Canada,"February 1, 2017",2015,Parental Guidance,90,Minutes
6902,s6903,Movie,James Woodroffe,United Kingdom,"July 26, 2019",2015,General Audience,57,Minutes
6903,s6904,Movie,Esteban Vidal,Chile,"August 19, 2018",2015,Mature Adults,91,Minutes
6904,s6905,Movie,Sermiyan Midyat,Turkey,"March 10, 2017",2013,Mature Adults,100,Minutes
6905,s6906,Movie,Sermiyan Midyat,Turkey,"March 10, 2017",2013,14+ Teens,101,Minutes
6908,s6909,Movie,Ali Taner Baltacı,Turkey,"April 4, 2018",2014,14+ Teens,95,Minutes
6909,s6910,Movie,Adam Shankman,United States,"January 1, 2020",2007,Parental Guidance,116,Minutes
6910,s6911,Movie,"Shinji Aramaki, Mamoru Oshii, Hideki Futamura, Toshiyuki Kanno, Tomoki Kyoda, Koichi Mashimo, Yasushi Muraki, Daisuke Nishio, Frank O'Connor, Koji Sawai, Joseph Chou, Hiroshi Yamazaki",United States,"May 1, 2017",2009,Parents Strongly Cautioned,117,Minutes
6911,s6912,Movie,Ian Kirby,United States,"March 7, 2016",2015,14+ Teens,65,Minutes
6912,s6913,Movie,Satish Kaushik,India,"March 1, 2018",2000,14+ Teens,158,Minutes
6913,s6914,Movie,John Irvin,United States,"November 23, 2019",1987,Restricted,110,Minutes
6914,s6915,Movie,Akram Farouk,Egypt,"May 2, 2019",2017,14+ Teens,79,Minutes
6915,s6916,Movie,Johnny Martin,United States,"May 6, 2020",2017,Restricted,99,Minutes
6916,s6917,Movie,Joe Berlinger,United States,"August 25, 2018",2013,14+ Teens,86,Minutes
6918,s6919,Movie,Tim Van Someren,United Kingdom,"March 1, 2018",2017,General Audience,138,Minutes
6920,s6921,Movie,"Joe Dietsch, Louie Gibson",United States,"January 1, 2018",2017,Mature Adults,91,Minutes
6921,s6922,Movie,Luis Javier M. Henaine,Mexico,"February 8, 2017",2014,Not Rated,79,Minutes
6924,s6925,Movie,"Robert Osman, Nathanael Wiseman",United Kingdom,"September 6, 2017",2015,Mature Adults,79,Minutes
6925,s6926,Movie,Ilya Naishuller,Russia,"August 1, 2020",2015,Restricted,96,Minutes
6927,s6928,Movie,"Jon Hurwitz, Hayden Schlossberg",United States,"October 1, 2019",2008,Restricted,101,Minutes
6928,s6929,Movie,Danny Leiner,United States,"January 1, 2020",2004,Restricted,88,Minutes
6929,s6930,Movie,Daniel Raim,United States,"November 25, 2018",2015,14+ Teens,95,Minutes
6931,s6932,Movie,Ron Oliver,United States,"April 15, 2018",2010,General Audience,87,Minutes
6932,s6933,TV Show,Ah Loong,Malaysia,"October 15, 2017",2017,Kids 7+,1,Seasons
6933,s6934,Movie,Ron Davis,United States,"January 15, 2017",2015,Parental Guidance,83,Minutes
6934,s6935,Movie,"Justin Bare, Matthew Miele",United States,"May 1, 2017",2016,Not Rated,90,Minutes
6936,s6937,Movie,David Dhawan,India,"March 1, 2018",1999,Parental Guidance,151,Minutes
6938,s6939,Movie,Jon Schnitzer,United States,"January 2, 2018",2017,Mature Adults,89,Minutes
6939,s6940,Movie,Brant Sersen,United States,"March 1, 2019",2018,Mature Adults,99,Minutes
6940,s6941,Movie,Eddie Martin,Australia,"February 1, 2019",2017,Mature Adults,86,Minutes
6942,s6943,Movie,Andrew C. Erin,United States,"June 10, 2017",2016,Mature Adults,85,Minutes
6943,s6944,Movie,Steven Soderbergh,Ireland,"March 1, 2020",2011,Restricted,93,Minutes
6944,s6945,Movie,Davis Guggenheim,United States,"June 1, 2018",2015,Parents Strongly Cautioned,89,Minutes
6945,s6946,Movie,Quinn Lasher,United States,"January 12, 2019",2018,Restricted,89,Minutes
6946,s6947,Movie,Elle Callahan,United States,"September 13, 2019",2018,Mature Adults,90,Minutes
6947,s6948,Movie,Ana Kokkinos,Australia,"August 25, 2018",1998,Mature Adults,104,Minutes
6948,s6949,Movie,Kelly Noonan,United States,"February 1, 2019",2017,14+ Teens,107,Minutes
6949,s6950,Movie,David Mirkin,United States,"December 31, 2019",2001,Parents Strongly Cautioned,124,Minutes
6950,s6951,Movie,Chris Sivertson,United States,"January 1, 2018",2017,Mature Adults,87,Minutes
6952,s6953,Movie,Huang Jianming,United States,"April 1, 2019",2016,Parental Guidance,94,Minutes
6954,s6955,Movie,"Tom Gianas, Ross R. Shuman",United States,"September 6, 2018",2015,Restricted,86,Minutes
6956,s6957,Movie,David Mackenzie,United States,"January 1, 2019",2016,Restricted,102,Minutes
6957,s6958,Movie,Guillermo del Toro,United States,"December 1, 2018",2004,Parents Strongly Cautioned,122,Minutes
6958,s6959,Movie,Spike Jonze,United States,"July 29, 2018",2013,Restricted,126,Minutes
6959,s6960,Movie,Christel Gibson,United States,"May 2, 2019",2018,14+ Teens,87,Minutes
6960,s6961,Movie,Prakash Mehra,India,"December 31, 2019",1976,14+ Teens,156,Minutes
6961,s6962,Movie,Rod Blackhurst,United States,"July 1, 2017",2016,Mature Adults,97,Minutes
6962,s6963,Movie,Corey Yuen,Hong Kong,"August 1, 2018",1997,Mature Adults,89,Minutes
6964,s6965,Movie,Timothy Woodward Jr.,United States,"July 24, 2020",2017,Mature Adults,88,Minutes
6966,s6967,Movie,Shawn Arranha,India,"March 1, 2018",2010,14+ Teens,96,Minutes
6967,s6968,Movie,Liu Jie,China,"August 19, 2017",2016,14+ Teens,104,Minutes
6968,s6969,Movie,Scott Hicks,Australia,"February 1, 2017",2015,14+ Teens,80,Minutes
6972,s6973,Movie,Lucy van Beek,United Kingdom,"March 31, 2017",2015,Parental Guidance,95,Minutes
6973,s6974,Movie,Jennifer Lynch,India,"December 1, 2017",2010,Mature Adults,97,Minutes
6975,s6976,Movie,Vishnu Govindhan,India,"August 1, 2018",2017,14+ Teens,118,Minutes
6977,s6978,Movie,Andy Tennant,United States,"January 1, 2020",2005,Parents Strongly Cautioned,118,Minutes
6978,s6979,Movie,Daniel Kontur,United Kingdom,"August 1, 2016",2016,Parental Guidance,44,Minutes
6979,s6980,Movie,Daniel Ablin,France,"November 1, 2017",2017,14+ Teens,54,Minutes
6980,s6981,Movie,Asim Raza,Pakistan,"July 1, 2017",2015,Parental Guidance,170,Minutes
6982,s6983,Movie,"Ali Taner Baltacı, Cem Yılmaz",Turkey,"March 10, 2017",2006,Mature Adults,118,Minutes
6983,s6984,Movie,Neil Armfield,Australia,"August 1, 2016",2015,Mature Adults,128,Minutes
6984,s6985,Movie,"Anthony Scott Burns, Nicholas McCarthy, Adam Egypt Mortimer, Gary Shore, Kevin Smith, Sarah Adina Smith, Scott Stewart, Kevin Kolsch, Dennis Widmyer",United States,"July 15, 2016",2016,Mature Adults,106,Minutes
6985,s6986,Movie,Will Allen,United States,"September 1, 2016",2016,Not Rated,103,Minutes
6986,s6987,Movie,Note Chern-Yim,Thailand,"July 30, 2018",2008,14+ Teens,92,Minutes
6987,s6988,Movie,Note Chern-Yim,Thailand,"July 30, 2018",2010,Mature Adults,102,Minutes
6988,s6989,Movie,Rakshith Thirthahalli,India,"May 1, 2018",2017,14+ Teens,126,Minutes
6990,s6991,Movie,Bille Woodruff,United States,"October 1, 2019",2011,Parents Strongly Cautioned,111,Minutes
6991,s6992,Movie,Bille Woodruff,United States,"April 3, 2018",2018,Parents Strongly Cautioned,100,Minutes
6992,s6993,Movie,Mike Disa,United States,"November 3, 2018",2011,Parental Guidance,86,Minutes
6993,s6994,Movie,Sudip Bandyopadhyay,India,"September 1, 2018",2018,14+ Teens,95,Minutes
6994,s6995,Movie,Jack C. Newell,United States,"November 8, 2018",2018,Parental Guidance,79,Minutes
6995,s6996,Movie,Brodje Wemboendja,United States,"December 15, 2019",2017,14+ Teens,81,Minutes
6997,s6998,Movie,Alexandre Aja,United States,"August 1, 2019",2013,Restricted,120,Minutes
6999,s7000,Movie,Ayush Raina,India,"April 12, 2019",2013,14+ Teens,85,Minutes
7000,s7001,Movie,Marty Stalker,Ireland,"January 15, 2017",2016,14+ Teens,96,Minutes
7002,s7003,Movie,Scott Cooper,United States,"August 15, 2018",2017,Restricted,134,Minutes
7003,s7004,Movie,Michael Polish,United States,"March 1, 2016",2016,Not Rated,93,Minutes
7004,s7005,Movie,Max McGill,United Kingdom,"August 13, 2017",2016,Mature Adults,82,Minutes
7005,s7006,Movie,Akiva Schaffer,United States,"November 20, 2019",2007,Parents Strongly Cautioned,88,Minutes
7007,s7008,Movie,Janusz Majewski,Poland,"October 1, 2019",1975,Mature Adults,96,Minutes
7008,s7009,Movie,Genndy Tartakovsky,United States,"January 24, 2019",2018,Parental Guidance,97,Minutes
7009,s7010,Movie,Mark Tonderai,United States,"May 8, 2020",2012,Parents Strongly Cautioned,101,Minutes
7010,s7011,Movie,Sandy Chronopoulos,United States,"January 6, 2018",2016,14+ Teens,88,Minutes
7011,s7012,Movie,Ziga Virc,Slovenia,"July 20, 2017",2016,14+ Teens,84,Minutes
7012,s7013,Movie,Tom O'Dell,United States,"February 1, 2018",2017,Parental Guidance,110,Minutes
7013,s7014,Movie,Ron Howard,United States,"June 1, 2017",2000,Parental Guidance,105,Minutes
7014,s7015,Movie,Ken Marino,Mexico,"November 1, 2019",2017,Parents Strongly Cautioned,116,Minutes
7015,s7016,Movie,Lionel C. Martin,United States,"November 1, 2019",1997,Restricted,94,Minutes
7016,s7017,Movie,Jerry Rothwell,Canada,"January 1, 2016",2015,Not Rated,110,Minutes
7018,s7019,Movie,Jocelyn Moorhouse,United States,"April 1, 2018",1995,Parents Strongly Cautioned,116,Minutes
7019,s7020,Movie,Cal Saville,United States,"August 1, 2016",2016,Parental Guidance,51,Minutes
7020,s7021,Movie,Amar Gupte,India,"January 1, 2018",2012,14+ Teens,103,Minutes
7021,s7022,Movie,"Sam Liu, Frank Paur",United States,"June 1, 2020",2009,Parents Strongly Cautioned,83,Minutes
7022,s7023,Movie,Sooraj R. Barjatya,India,"January 1, 2018",1999,General Audience,176,Minutes
7023,s7024,Movie,Raj Kanwar,India,"October 22, 2017",2006,Parental Guidance,149,Minutes
7025,s7026,Movie,Drew Casson,United Kingdom,"June 23, 2018",2014,Mature Adults,79,Minutes
7026,s7027,Movie,Keoni Waxman,Canada,"January 1, 2020",2010,Restricted,97,Minutes
7027,s7028,Movie,Jonathan Mostow,United States,"October 22, 2019",2015,Restricted,91,Minutes
7030,s7031,Movie,Matt Kugelman,United States,"January 1, 2017",2016,Mature Adults,85,Minutes
7031,s7032,Movie,Matt Kugelman,United States,"August 15, 2018",2018,Mature Adults,85,Minutes
7032,s7033,Movie,Craig Brewer,United States,"December 1, 2019",2005,Restricted,117,Minutes
7034,s7035,Movie,Gabriel Grieco,Argentina,"June 8, 2017",2016,Mature Adults,84,Minutes
7035,s7036,Movie,Onir,India,"March 4, 2019",2010,Mature Adults,106,Minutes
7036,s7037,Movie,"Benjamin Turner, Gabe Turner",United Kingdom,"October 1, 2017",2016,Parental Guidance,107,Minutes
7037,s7038,Movie,Mary Mazzio,United States,"May 26, 2017",2017,14+ Teens,98,Minutes
7038,s7039,Movie,Laura VanZee Taylor,United States,"April 1, 2019",2018,14+ Teens,54,Minutes
7040,s7041,Movie,Feng Xiaogang,China,"September 2, 2017",2016,14+ Teens,139,Minutes
7041,s7042,Movie,Adam Sjöberg,China,"February 1, 2017",2015,Not Rated,88,Minutes
7042,s7043,Movie,Ross Boyask,United Kingdom,"December 22, 2018",2018,Restricted,93,Minutes
7043,s7044,Movie,Chuck Russell,United States,"September 16, 2019",2016,Restricted,91,Minutes
7044,s7045,Movie,Douglas McGrath,United States,"March 23, 2019",2011,Parents Strongly Cautioned,89,Minutes
7046,s7047,Movie,Mez Tharatorn,Thailand,"September 5, 2018",2014,14+ Teens,116,Minutes
7047,s7048,Movie,Ken Loach,United Kingdom,"April 19, 2019",2016,Restricted,100,Minutes
7048,s7049,Movie,Brett Haley,United States,"October 22, 2019",2015,Parents Strongly Cautioned,96,Minutes
7049,s7050,Movie,Steve Race,United States,"October 1, 2017",2013,Parental Guidance,119,Minutes
7051,s7052,Movie,Brett Harvey,Canada,"October 1, 2017",2016,Mature Adults,108,Minutes
7052,s7053,Movie,Law Wing-cheong,China,"January 23, 2018",2014,Restricted,104,Minutes
7053,s7054,Movie,Sachin,India,"January 1, 2018",2010,14+ Teens,124,Minutes
7055,s7056,Movie,Tony Leondis,United States,"September 1, 2019",2008,Parental Guidance,87,Minutes
7056,s7057,Movie,Jay Chapman,United States,"September 1, 2013",2013,Not Rated,75,Minutes
7057,s7058,Movie,Karey Kirkpatrick,United States,"December 7, 2019",2009,Parental Guidance,108,Minutes
7058,s7059,Movie,Walerian Borowczyk,France,"June 6, 2019",1974,Unrated,103,Minutes
7060,s7061,Movie,Taron Lexton,United States,"March 19, 2018",2017,Restricted,103,Minutes
7061,s7062,Movie,Johannes Roberts,United Kingdom,"January 10, 2018",2017,Parents Strongly Cautioned,89,Minutes
7062,s7063,Movie,Aytaç Ağırlar,Turkey,"March 10, 2017",2014,14+ Teens,103,Minutes
7063,s7064,Movie,Eric Zaragosa,Serbia,"October 26, 2018",2019,Mature Adults,89,Minutes
7064,s7065,Movie,Suman Mukhopadhyay,India,"April 8, 2017",2017,Mature Adults,119,Minutes
7065,s7066,Movie,Jonathan Baker,United Kingdom,"March 1, 2018",2017,Restricted,106,Minutes
7066,s7067,Movie,Elizabeth Chai Vasarhelyi,United States,"September 1, 2017",2015,Mature Adults,90,Minutes
7067,s7068,Movie,Brad Bird,United States,"February 8, 2019",2018,Parental Guidance,118,Minutes
7068,s7069,Movie,Sanjeev Gupta,India,"February 17, 2017",2014,Not Rated,95,Minutes
7070,s7071,Movie,Steven Spielberg,United States,"January 1, 2019",2008,Parents Strongly Cautioned,123,Minutes
7071,s7072,Movie,Steven Spielberg,United States,"January 1, 2019",1989,Parents Strongly Cautioned,127,Minutes
7072,s7073,Movie,Steven Spielberg,United States,"January 1, 2019",1981,Parental Guidance,116,Minutes
7073,s7074,Movie,Steven Spielberg,United States,"January 1, 2019",1984,Parental Guidance,119,Minutes
7074,s7075,Movie,John Stewart Muller,United States,"February 1, 2017",2016,Mature Adults,99,Minutes
7075,s7076,Movie,Jacob Kornbluth,United States,"August 29, 2018",2013,Parental Guidance,90,Minutes
7076,s7077,Movie,Luca Vullo,United Kingdom,"April 1, 2018",2016,Parental Guidance,90,Minutes
7077,s7078,Movie,Quentin Tarantino,Germany,"July 22, 2019",2009,Restricted,153,Minutes
7078,s7079,Movie,Iain Softley,Germany,"July 1, 2019",2008,Parental Guidance,106,Minutes
7079,s7080,Movie,K. Subhash,India,"March 1, 2018",2005,14+ Teens,141,Minutes
7084,s7085,Movie,Eugenio Derbez,Mexico,"January 1, 2020",2013,Parents Strongly Cautioned,122,Minutes
7086,s7087,Movie,Michael Gallagher,United States,"July 21, 2016",2016,14+ Teens,87,Minutes
7087,s7088,Movie,Patricia Rozema,Canada,"November 7, 2018",2015,Restricted,102,Minutes
7088,s7089,Movie,Toshiya Shinohara,Japan,"September 1, 2017",2004,Parental Guidance,88,Minutes
7089,s7090,Movie,Toshiya Shinohara,Japan,"September 1, 2017",2003,14+ Teens,99,Minutes
7090,s7091,Movie,Toshiya Shinohara,Japan,"September 1, 2017",2002,14+ Teens,99,Minutes
7091,s7092,Movie,Clint Eastwood,United States,"November 1, 2019",2009,Parents Strongly Cautioned,134,Minutes
7092,s7093,Movie,Charles Officer,Canada,"January 14, 2019",2018,Parental Guidance,91,Minutes
7093,s7094,Movie,John Trengove,South Africa,"February 1, 2018",2017,Mature Adults,88,Minutes
7094,s7095,Movie,Nagesh Kukunoor,India,"March 1, 2018",2006,Kids 7+,127,Minutes
7095,s7096,Movie,Kedar Shinde,India,"March 15, 2018",2010,14+ Teens,137,Minutes
7096,s7097,Movie,Jacob Schwab,United States,"July 19, 2019",2018,14+ Teens,77,Minutes
7097,s7098,Movie,Leo Riley,United States,"October 12, 2014",2014,Parental Guidance,71,Minutes
7099,s7100,Movie,V. K. Prakash,India,"March 1, 2018",2015,14+ Teens,130,Minutes
7102,s7103,Movie,Manish Tiwary,India,"March 1, 2018",2013,Mature Adults,140,Minutes
7103,s7104,Movie,Andy Tennant,United States,"November 20, 2019",1995,Parental Guidance,101,Minutes
7105,s7106,Movie,Maria Ripoll,Spain,"March 1, 2016",2015,Mature Adults,91,Minutes
7106,s7107,Movie,Hani Hamdi,Egypt,"June 6, 2019",2017,14+ Teens,84,Minutes
7107,s7108,Movie,Zatella Beatty,United States,"April 1, 2016",2014,Not Rated,88,Minutes
7109,s7110,Movie,Shirish Kunder,India,"December 31, 2019",2006,14+ Teens,163,Minutes
7110,s7111,Movie,"Mathias Malzieu, Stéphane Berla",France,"February 8, 2017",2013,Parental Guidance,93,Minutes
7111,s7112,Movie,"Harvey Glazer, Stuart Stone",Canada,"July 16, 2019",2018,Mature Adults,86,Minutes
7112,s7113,TV Show,Stuart Orme,United States,"March 31, 2013",2016,Mature Adults,1,Seasons
7113,s7114,Movie,Quentin Tarantino,United States,"August 1, 2019",1997,Restricted,154,Minutes
7114,s7115,Movie,Dustin Nguyen,Vietnam,"October 6, 2018",2015,14+ Teens,92,Minutes
7115,s7116,Movie,Madhur Bhandarkar,India,"December 31, 2019",2009,14+ Teens,132,Minutes
7117,s7118,Movie,Girish Malik,India,"October 15, 2017",2013,14+ Teens,132,Minutes
7118,s7119,Movie,Nila Madhab Panda,India,"May 19, 2018",2012,14+ Teens,94,Minutes
7119,s7120,Movie,Azfar Jafri,Pakistan,"September 15, 2017",2016,14+ Teens,132,Minutes
7121,s7122,Movie,Kevin Smith,United States,"January 1, 2019",2001,Restricted,105,Minutes
7122,s7123,Movie,Janusz Majewski,Poland,"October 1, 2019",1973,Mature Adults,97,Minutes
7124,s7125,Movie,Vlad Yudin,United States,"April 1, 2016",2015,Parents Strongly Cautioned,109,Minutes
7126,s7127,Movie,Clint Eastwood,United States,"January 1, 2019",2014,Restricted,134,Minutes
7127,s7128,Movie,Gerry Hoban,Ireland,"April 1, 2019",2018,14+ Teens,53,Minutes
7128,s7129,Movie,C. Fitz,United States,"May 1, 2018",2016,Mature Adults,84,Minutes
7130,s7131,Movie,Joe Boyd,United States,"November 1, 2019",1973,Restricted,102,Minutes
7132,s7133,Movie,David Gelb,United States,"June 5, 2019",2011,Parental Guidance,79,Minutes
7134,s7135,Movie,John Edginton,United Kingdom,"April 1, 2017",2017,14+ Teens,90,Minutes
7135,s7136,Movie,Ashim Ahluwalia,India,"August 15, 2016",2005,14+ Teens,79,Minutes
7136,s7137,Movie,Andrew Stanton,United States,"May 2, 2019",2012,Parents Strongly Cautioned,133,Minutes
7137,s7138,Movie,Ahishor Solomon,India,"December 31, 2019",2013,Mature Adults,125,Minutes
7139,s7140,Movie,Bill Oliver,United States,"April 16, 2019",2018,Mature Adults,101,Minutes
7140,s7141,TV Show,Toby Haynes,United Kingdom,"August 25, 2016",2015,14+ Teens,1,Seasons
7141,s7142,Movie,Amardeep Singh Gill,India,"January 1, 2018",2017,Mature Adults,135,Minutes
7144,s7145,Movie,David Dhawan,India,"December 31, 2019",1997,14+ Teens,133,Minutes
7145,s7146,Movie,John Schultz,United States,"August 8, 2019",2011,Parental Guidance,91,Minutes
7147,s7148,Movie,Nora Ephron,United States,"January 1, 2021",2009,Parents Strongly Cautioned,123,Minutes
7149,s7150,Movie,Salim Akil,United States,"November 1, 2020",2011,Parents Strongly Cautioned,113,Minutes
7150,s7151,Movie,Phil Morrison,United States,"March 1, 2019",2005,Restricted,107,Minutes
7151,s7152,Movie,"Lana Wachowski, Lilly Wachowski",United States,"August 1, 2019",2015,Parents Strongly Cautioned,128,Minutes
7152,s7153,Movie,Roger Kumble,Germany,"September 1, 2019",2005,Parents Strongly Cautioned,94,Minutes
7153,s7154,Movie,Johnnie To,Hong Kong,"August 31, 2018",1992,14+ Teens,95,Minutes
7154,s7155,Movie,Jon M. Chu,United States,"January 1, 2018",2011,General,106,Minutes
7156,s7157,Movie,Kathryn Bigelow,United Kingdom,"November 21, 2019",2002,Parents Strongly Cautioned,138,Minutes
7158,s7159,Movie,Sanjay Gupta,India,"June 25, 2017",2017,14+ Teens,139,Minutes
7159,s7160,Movie,Kranti Redkar,India,"March 1, 2018",2015,Parental Guidance,132,Minutes
7160,s7161,Movie,Tinnu Anand,India,"December 31, 2019",1981,14+ Teens,173,Minutes
7161,s7162,Movie,Jijo Pancode,India,"August 1, 2018",2017,Parental Guidance,105,Minutes
7162,s7163,Movie,Pa. Ranjith,India,"December 15, 2017",2016,Mature Adults,148,Minutes
7163,s7164,Movie,Buta Singh,India,"November 1, 2017",2016,14+ Teens,120,Minutes
7164,s7165,Movie,"Roger Allers, Gaëtan Brizzi, Paul Brizzi, Joan C. Gratz, Mohammed Saeed Harib, Tomm Moore, Nina Paley, Bill Plympton, Joann Sfar, Michael Socha",United States,"October 1, 2017",2014,Parental Guidance,85,Minutes
7165,s7166,Movie,Pooja Bhatt,India,"October 22, 2017",2010,14+ Teens,113,Minutes
7166,s7167,Movie,Rupert Jones,United Kingdom,"May 8, 2018",2016,Mature Adults,99,Minutes
7167,s7168,Movie,Dhilip Kumar,India,"March 1, 2018",2017,14+ Teens,41,Minutes
7169,s7170,Movie,Satish Kaushik,India,"October 22, 2017",2008,14+ Teens,137,Minutes
7170,s7171,Movie,James Mangold,United States,"January 1, 2020",2001,Parents Strongly Cautioned,118,Minutes
7171,s7172,Movie,Sai Paranjape,India,"December 31, 2019",1982,Parental Guidance,140,Minutes
7172,s7173,Movie,Alphonso J. Wesson,United States,"July 19, 2018",2006,Not Rated,85,Minutes
7173,s7174,Movie,Vineeth Anil,India,"July 1, 2018",2017,14+ Teens,116,Minutes
7174,s7175,Movie,Chandrakant Kulkarni,India,"January 1, 2018",2005,14+ Teens,133,Minutes
7175,s7176,TV Show,Ken Burns,United States,"February 22, 2017",1990,14+ Teens,1,Seasons
7176,s7177,TV Show,Ken Burns,United States,"February 22, 2017",2014,Parental Guidance,1,Seasons
7178,s7179,Movie,"Leslie Small, Tim Story",United States,"October 1, 2018",2011,Restricted,89,Minutes
7179,s7180,Movie,"Leslie Small, Tim Story",United States,"July 13, 2018",2013,Restricted,75,Minutes
7180,s7181,Movie,Shannon Hartman,United States,"October 1, 2018",2010,Mature Adults,67,Minutes
7181,s7182,Movie,Lori Kaye,United States,"January 1, 2019",2017,Mature Adults,90,Minutes
7183,s7184,Movie,Subhash Ghai,India,"March 1, 2018",1993,14+ Teens,170,Minutes
7186,s7187,Movie,Dibakar Banerjee,India,"August 2, 2018",2006,14+ Teens,124,Minutes
7188,s7189,Movie,Hrishikesh Mukherjee,India,"December 31, 2019",1980,Parental Guidance,120,Minutes
7189,s7190,Movie,"Surya S.J., Sunil Kumar Agrawal",India,"March 1, 2018",2003,14+ Teens,157,Minutes
7190,s7191,Movie,Sudipto Roy,India,"May 1, 2019",2018,14+ Teens,124,Minutes
7191,s7192,Movie,Dimitri Logothetis,United States,"April 26, 2018",2017,Restricted,110,Minutes
7192,s7193,Movie,John Stockwell,United States,"December 8, 2016",2016,Mature Adults,90,Minutes
7193,s7194,Movie,Noah Baumbach,United States,"November 4, 2019",1995,Restricted,97,Minutes
7194,s7195,Movie,Paul Soriano,Philippines,"March 4, 2019",2015,14+ Teens,108,Minutes
7195,s7196,Movie,Daniel Alfredson,Netherlands,"September 8, 2017",2015,Restricted,95,Minutes
7197,s7198,Movie,Quentin Tarantino,United States,"January 1, 2020",2003,Restricted,111,Minutes
7198,s7199,Movie,Quentin Tarantino,United States,"January 1, 2020",2004,Restricted,137,Minutes
7199,s7200,Movie,Steven Gomez,United Kingdom,"February 23, 2017",2016,Mature Adults,100,Minutes
7200,s7201,Movie,Frédéric Tonolli,France,"May 1, 2019",2015,14+ Teens,53,Minutes
7201,s7202,Movie,Paul Tanter,United States,"February 17, 2017",2016,Mature Adults,87,Minutes
7202,s7203,Movie,Jonathan Hensleigh,United States,"August 21, 2020",2011,Restricted,106,Minutes
7203,s7204,Movie,Stephen Chiodo,United States,"April 1, 2020",1988,Parents Strongly Cautioned,86,Minutes
7204,s7205,Movie,Robert Luketic,United States,"January 1, 2021",2010,Parents Strongly Cautioned,100,Minutes
7205,s7206,Movie,Attila Till,Hungary,"March 15, 2018",2016,Mature Adults,103,Minutes
7206,s7207,Movie,Paul Katis,United Kingdom,"March 1, 2019",2014,Restricted,109,Minutes
7207,s7208,Movie,Felix Thompson,United States,"July 1, 2016",2015,Not Rated,81,Minutes
7208,s7209,Movie,Jeffrey W. Byrd,United States,"November 1, 2019",2005,Parents Strongly Cautioned,98,Minutes
7210,s7211,Movie,"Peter Farrelly, Bobby Farrelly",United States,"January 1, 2020",1996,Parents Strongly Cautioned,114,Minutes
7211,s7212,Movie,Deniz Gamze Ergüven,France,"October 29, 2018",2017,Restricted,87,Minutes
7212,s7213,Movie,"Abbas Alibhai Burmawalla, Mastan Alibhai Burmawalla",India,"November 1, 2017",2015,Parental Guidance,132,Minutes
7213,s7214,Movie,Gary Fleder,United States,"January 1, 2020",1997,Restricted,116,Minutes
7216,s7217,Movie,Woo Ming Jin,Malaysia,"August 21, 2017",2013,14+ Teens,92,Minutes
7218,s7219,Movie,Eli Roth,United States,"November 1, 2020",2015,Restricted,99,Minutes
7219,s7220,Movie,"Frank Capra, Joris Ivens",United States,"March 31, 2017",1945,14+ Teens,63,Minutes
7220,s7221,Movie,Alex Proyas,United States,"October 1, 2019",2009,Parents Strongly Cautioned,121,Minutes
7221,s7222,Movie,Jonathan Taylor,United Kingdom,"March 1, 2017",2016,General Audience,56,Minutes
7223,s7224,Movie,"Joachim Rønning, Espen Sandberg",United Kingdom,"April 26, 2019",2012,Parents Strongly Cautioned,96,Minutes
7224,s7225,Movie,Gulzar,India,"December 31, 2019",1972,14+ Teens,115,Minutes
7225,s7226,Movie,Hans Petter Moland,Norway,"January 5, 2017",2014,Mature Adults,117,Minutes
7230,s7231,Movie,Tilak Shetty,India,"November 17, 2017",2017,Kids 7+,65,Minutes
7234,s7235,Movie,Trey Edward Shults,United States,"November 7, 2018",2015,Restricted,81,Minutes
7236,s7237,Movie,Oliver Blackburn,United States,"October 31, 2015",2013,Not Rated,85,Minutes
7237,s7238,Movie,William H. Macy,United States,"January 1, 2019",2017,Restricted,93,Minutes
7238,s7239,Movie,Remy Kohli,India,"December 31, 2019",2017,Mature Adults,126,Minutes
7239,s7240,Movie,Stephen Chow,Hong Kong,"April 1, 2020",2004,Restricted,99,Minutes
7240,s7241,Movie,Andrés Couturier,Mexico,"August 1, 2018",2010,Kids 7+,79,Minutes
7241,s7242,Movie,Tim Johnson,United States,"December 1, 2012",2010,Parental Guidance,26,Minutes
7242,s7243,Movie,Stanley Tong,China,"October 6, 2017",2017,Parental Guidance,107,Minutes
7244,s7245,Movie,Nick Broomfield,United Kingdom,"January 8, 2019",1998,Restricted,95,Minutes
7246,s7247,Movie,Yusuf Pirhasan,Turkey,"March 10, 2017",2012,Mature Adults,100,Minutes
7247,s7248,Movie,Kundan Shah,India,"April 1, 2018",2000,Parental Guidance,149,Minutes
7248,s7249,Movie,Devin Chanda,United States,"March 12, 2018",2017,Mature Adults,52,Minutes
7249,s7250,Movie,Samir Karnik,India,"March 1, 2018",2004,Parental Guidance,165,Minutes
7250,s7251,Movie,"Leandro Mark, Nicolás Silbert",Argentina,"February 1, 2017",2016,Mature Adults,104,Minutes
7251,s7252,Movie,"Daniel Lindsay, T.J. Martin",United States,"March 1, 2018",2017,Restricted,114,Minutes
7252,s7253,Movie,Luis Valdez,United States,"January 1, 2020",1987,Parents Strongly Cautioned,109,Minutes
7253,s7254,Movie,Giulio Base,Italy,"February 15, 2017",2016,Mature Adults,88,Minutes
7258,s7259,TV Show,Alejandro Lozano,Colombia,"January 15, 2019",2016,14+ Teens,1,Seasons
7259,s7260,Movie,Syed Ahmad Afzal,India,"March 1, 2018",2016,14+ Teens,143,Minutes
7260,s7261,Movie,Sopon Sukdapisit,Thailand,"September 7, 2018",2011,Mature Adults,112,Minutes
7261,s7262,Movie,Chris Nahon,Hong Kong,"August 5, 2017",2016,Restricted,101,Minutes
7262,s7263,Movie,M. Night Shyamalan,United States,"July 1, 2019",2006,Parents Strongly Cautioned,110,Minutes
7265,s7266,Movie,Mahesh Manjrekar,India,"March 15, 2018",2010,Mature Adults,145,Minutes
7267,s7268,Movie,R. Ellis Frazier,United States,"September 15, 2017",2017,14+ Teens,87,Minutes
7269,s7270,Movie,Jaki Bradley,United States,"March 11, 2020",2019,Mature Adults,86,Minutes
7270,s7271,Movie,Kazuaki Kiriya,United Kingdom,"August 1, 2019",2015,Restricted,115,Minutes
7271,s7272,Movie,Massy Tadjedin,United States,"January 1, 2019",2010,Restricted,93,Minutes
7272,s7273,Movie,"Damien Piscarel, Florent Bodin",France,"May 1, 2018",2017,14+ Teens,121,Minutes
7273,s7274,Movie,Emmanuel Amara,France,"May 1, 2019",2014,Parental Guidance,54,Minutes
7274,s7275,Movie,Anand Tucker,United States,"November 15, 2019",2010,Parental Guidance,100,Minutes
7275,s7276,Movie,Roy Allen Smith,United States,"April 15, 2020",2003,Children,37,Minutes
7276,s7277,Movie,Ron Myrick,United States,"April 15, 2020",2011,Children,33,Minutes
7277,s7278,Movie,Ron Myrick,United States,"April 15, 2020",2011,Children,35,Minutes
7280,s7281,Movie,B.N. Shajeer Sha,India,"August 1, 2018",2017,Mature Adults,147,Minutes
7281,s7282,Movie,Vic Armstrong,United States,"December 26, 2018",2014,Parents Strongly Cautioned,110,Minutes
7282,s7283,Movie,Zack Snyder,United States,"January 1, 2020",2010,Parental Guidance,97,Minutes
7283,s7284,Movie,Yang Lei,China,"March 30, 2018",2017,Mature Adults,108,Minutes
7284,s7285,Movie,Chia-Liang Liu,Hong Kong,"August 16, 2018",1982,14+ Teens,101,Minutes
7286,s7287,Movie,Scott Stewart,United States,"November 1, 2019",2010,Restricted,100,Minutes
7288,s7289,TV Show,"Andrew Tan, Stephen Murray",Denmark,"February 1, 2019",2018,Children,1,Seasons
7292,s7293,Movie,Mario Cambi,United States,"December 20, 2015",2013,Kids Fantasy Violence,78,Minutes
7293,s7294,Movie,"Pascal Blanchard, Sonia Dauger, David Dietz",France,"March 15, 2017",2016,Mature Adults,103,Minutes
7294,s7295,Movie,John Huston,United States,"March 31, 2017",1946,Parental Guidance,58,Minutes
7295,s7296,TV Show,Onur Ünlü,Turkey,"April 15, 2017",2014,Mature Adults,3,Seasons
7296,s7297,Movie,Jenna Laurenzo,United States,"February 7, 2019",2018,14+ Teens,90,Minutes
7298,s7299,Movie,Jeff Baena,United States,"July 21, 2018",2014,Restricted,89,Minutes
7299,s7300,Movie,Ron Davis,United States,"June 1, 2019",2018,Parental Guidance,83,Minutes
7302,s7303,Movie,Justin McConnell,Canada,"May 28, 2019",2018,Mature Adults,84,Minutes
7303,s7304,Movie,Johnnie To,Hong Kong,"August 16, 2018",1997,14+ Teens,104,Minutes
7304,s7305,Movie,Kevin Peeples,United States,"May 6, 2019",2018,Parental Guidance,99,Minutes
7305,s7306,Movie,Alfonso Arau,Mexico,"November 1, 2019",1992,Restricted,105,Minutes
7306,s7307,Movie,Charles Stone III,United States,"February 6, 2016",2015,Restricted,94,Minutes
7308,s7309,Movie,Steven Spielberg,United States,"February 21, 2018",2012,Parents Strongly Cautioned,150,Minutes
7309,s7310,Movie,Karim El Sobky,Egypt,"May 9, 2019",2013,14+ Teens,111,Minutes
7311,s7312,Movie,Hua Shan,Hong Kong,"August 1, 2018",1983,14+ Teens,92,Minutes
7313,s7314,Movie,Tim Bartley,Australia,"March 15, 2018",2016,Kids 7+,23,Minutes
7314,s7315,Movie,Robyn Butler,Australia,"March 15, 2018",2016,Kids 7+,25,Minutes
7315,s7316,Movie,Ira Sachs,United States,"January 12, 2017",2016,Parental Guidance,85,Minutes
7316,s7317,Movie,Steve Brill,United States,"December 1, 2020",2000,Parents Strongly Cautioned,90,Minutes
7320,s7321,Movie,Zach Clark,United States,"January 14, 2017",2016,Not Rated,91,Minutes
7322,s7323,Movie,Nick Gomez,United States,"July 25, 2016",2014,14+ Teens,87,Minutes
7323,s7324,Movie,Werner Herzog,United States,"December 23, 2016",2016,Parents Strongly Cautioned,98,Minutes
7326,s7327,Movie,Guy Ritchie,United Kingdom,"January 1, 2019",1998,Restricted,108,Minutes
7327,s7328,Movie,Steven Knight,United Kingdom,"July 15, 2018",2013,Restricted,85,Minutes
7328,s7329,Movie,"James Mather, Steve Saint Leger",France,"May 7, 2020",2012,Parents Strongly Cautioned,95,Minutes
7329,s7330,Movie,"Fernando Sariñana, José Luis Gutiérrez",Mexico,"July 30, 2017",2017,Mature Adults,103,Minutes
7330,s7331,Movie,Michael Anderson,United States,"November 1, 2019",1976,Parental Guidance,118,Minutes
7332,s7333,Movie,Stanley Kubrick,United Kingdom,"November 1, 2019",1962,Restricted,153,Minutes
7333,s7334,TV Show,Jakob Verbruggen,United Kingdom,"March 31, 2017",2015,Mature Adults,1,Seasons
7334,s7335,Movie,"Jennifer Baichwal, Nicholas de Pencier",Canada,"November 12, 2017",2017,14+ Teens,96,Minutes
7335,s7336,Movie,Sze Yu Lau,Hong Kong,"August 16, 2018",1990,14+ Teens,88,Minutes
7336,s7337,Movie,David Wnendt,Germany,"April 9, 2016",2015,Not Rated,116,Minutes
7337,s7338,Movie,Parambrata Chatterjee,India,"September 1, 2017",2015,14+ Teens,155,Minutes
7340,s7341,TV Show,Alessandro Angulo,Colombia,"August 1, 2018",2012,14+ Teens,1,Seasons
7341,s7342,Movie,Sarah Moshman,United States,"May 1, 2017",2017,14+ Teens,92,Minutes
7344,s7345,Movie,Charneice Fox,United States,"February 17, 2020",2019,Mature Adults,98,Minutes
7345,s7346,Movie,Pang Ho-cheung,Hong Kong,"August 1, 2018",2010,Mature Adults,103,Minutes
7346,s7347,Movie,Saandeep Patel,India,"May 1, 2018",2017,14+ Teens,163,Minutes
7347,s7348,Movie,Stephen Chow,Hong Kong,"August 16, 2018",1994,14+ Teens,93,Minutes
7350,s7351,Movie,Steven Fine,United States,"July 15, 2019",2018,Mature Adults,77,Minutes
7351,s7352,Movie,Ahmad Samir Farag,Egypt,"April 25, 2019",2011,14+ Teens,97,Minutes
7352,s7353,Movie,Sridhar Jetty,Indonesia,"January 5, 2019",2015,14+ Teens,115,Minutes
7354,s7355,Movie,Christian Ditter,Germany,"November 20, 2019",2014,Restricted,103,Minutes
7355,s7356,Movie,Alma Har'el,United States,"May 7, 2017",2016,Mature Adults,82,Minutes
7356,s7357,Movie,Katherine Brooks,United States,"July 1, 2018",2006,Mature Adults,77,Minutes
7357,s7358,Movie,Johnnie To,Hong Kong,"August 16, 2018",1995,14+ Teens,79,Minutes
7358,s7359,Movie,Ana Quiroga,Argentina,"July 15, 2018",2016,Parental Guidance,98,Minutes
7360,s7361,Movie,"Radhika Rao, Vinay Sapru",India,"November 15, 2017",2005,14+ Teens,131,Minutes
7361,s7362,Movie,Prabhuraj,India,"April 5, 2019",2018,14+ Teens,110,Minutes
7362,s7363,Movie,Ticoy Rodriguez,Argentina,"July 15, 2016",2015,Mature Adults,100,Minutes
7363,s7364,Movie,Jayan Vannery,India,"July 1, 2018",2017,14+ Teens,117,Minutes
7364,s7365,Movie,Pratim D. Gupta,India,"January 1, 2018",2017,Parental Guidance,107,Minutes
7365,s7366,Movie,Dylan C. Brown,United States,"April 20, 2016",2012,Restricted,76,Minutes
7366,s7367,Movie,Debaloy Dey,India,"October 15, 2017",2014,Mature Adults,118,Minutes
7367,s7368,Movie,George Miller,Australia,"August 1, 2020",1979,Restricted,93,Minutes
7369,s7370,Movie,"Callie Khouri, Jesse V. Johnson",United States,"November 1, 2019",2008,Parents Strongly Cautioned,99,Minutes
7370,s7371,Movie,Jim Monaco,United States,"November 1, 2010",1987,Not Rated,84,Minutes
7371,s7372,Movie,Chun Wong,Hong Kong,"September 20, 2018",2016,Mature Adults,102,Minutes
7372,s7373,Movie,Nishikant Kamat,India,"February 17, 2017",2016,14+ Teens,134,Minutes
7373,s7374,Movie,Ben Patterson,United States,"January 1, 2018",2017,Mature Adults,78,Minutes
7374,s7375,Movie,Aaron Burns,Chile,"August 26, 2017",2016,Mature Adults,95,Minutes
7375,s7376,TV Show,Iginio Straffi,Italy,"March 31, 2019",2017,Kids 7+,1,Seasons
7377,s7378,Movie,Luc Vinciguerra,France,"December 20, 2015",2013,Children,73,Minutes
7378,s7379,Movie,Thierry Donard,France,"June 12, 2020",2018,14+ Teens,110,Minutes
7379,s7380,Movie,Benjamin Ree,Norway,"February 22, 2017",2016,Parental Guidance,75,Minutes
7380,s7381,Movie,Amaan Khan,India,"August 1, 2018",2013,14+ Teens,119,Minutes
7384,s7385,Movie,Li Pei-Chuan,Hong Kong,"August 16, 2018",1981,Parental Guidance,92,Minutes
7386,s7387,Movie,David Dhawan,India,"December 31, 2019",2005,14+ Teens,137,Minutes
7387,s7388,Movie,Sooraj R. Barjatya,India,"January 1, 2018",1989,Parental Guidance,192,Minutes
7388,s7389,Movie,Sameer Vidwans,India,"November 15, 2018",2017,Parental Guidance,132,Minutes
7389,s7390,Movie,Michael Winnick,United States,"February 1, 2019",2018,Mature Adults,91,Minutes
7390,s7391,Movie,Keanu Reeves,United States,"July 26, 2018",2013,Restricted,105,Minutes
7391,s7392,Movie,Ben Palmer,United Kingdom,"September 4, 2018",2015,Restricted,88,Minutes
7393,s7394,Movie,Shyam Benegal,India,"January 1, 2020",1983,Mature Adults,155,Minutes
7394,s7395,Movie,Tathagata Banerjee,India,"April 1, 2018",2017,14+ Teens,103,Minutes
7395,s7396,Movie,David Gordon Green,United States,"April 16, 2017",2014,Parents Strongly Cautioned,97,Minutes
7396,s7397,Movie,John Upchurch,United States,"March 15, 2018",2016,14+ Teens,92,Minutes
7397,s7398,Movie,Tom O'Brien,United States,"September 8, 2017",2014,14+ Teens,98,Minutes
7398,s7399,Movie,Michael Roberts,United Kingdom,"January 15, 2018",2017,Mature Adults,89,Minutes
7399,s7400,Movie,Patricia Rozema,United Kingdom,"January 1, 2020",1999,Parents Strongly Cautioned,112,Minutes
7400,s7401,Movie,Rahat Kazmi,India,"December 15, 2017",2017,Mature Adults,75,Minutes
7401,s7402,Movie,Nicholas Kharkongor,India,"December 15, 2017",2017,14+ Teens,89,Minutes
7402,s7403,Movie,Clive Tonge,United Kingdom,"January 5, 2019",2017,Mature Adults,99,Minutes
7403,s7404,Movie,Steven C. Miller,Canada,"December 1, 2020",2016,Restricted,107,Minutes
7407,s7408,Movie,Pulkit,India,"February 1, 2017",2016,Mature Adults,94,Minutes
7409,s7410,TV Show,Everardo Gout,United States," November 1, 2019",2018,Parental Guidance,2,Seasons
7410,s7411,Movie,Chia-Liang Liu,Hong Kong,"August 16, 2018",1986,Restricted,90,Minutes
7411,s7412,Movie,David Raynr,United States,"December 1, 2019",2002,Restricted,104,Minutes
7412,s7413,Movie,David Batty,United States,"January 1, 2018",2017,Parental Guidance,55,Minutes
7413,s7414,Movie,Deepika Narayan Bhardwaj,India,"March 15, 2018",2016,14+ Teens,83,Minutes
7415,s7416,Movie,"Leo Riley, Eric Radomski",United States,"February 16, 2014",2013,Parental Guidance,72,Minutes
7416,s7417,Movie,Hiromasa Yonebayashi,Japan,"July 17, 2018",2017,Parental Guidance,103,Minutes
7417,s7418,Movie,Rob Marshall,United States,"July 9, 2019",2018,Parental Guidance,131,Minutes
7419,s7420,Movie,Shekhar Kapur,India,"December 31, 2019",1983,14+ Teens,138,Minutes
7420,s7421,Movie,Ui-seok Jo,South Korea,"February 1, 2018",2016,Not Rated,143,Minutes
7421,s7422,Movie,Pablo D'Alo Abba,Argentina,"August 1, 2018",2017,Mature Adults,80,Minutes
7422,s7423,Movie,"Sudesh Manjrekar, Atul Kale",India,"February 15, 2018",2006,14+ Teens,132,Minutes
7423,s7424,Movie,Daniel Noah,United States,"January 15, 2017",2013,14+ Teens,84,Minutes
7424,s7425,Movie,Philip Yung,Hong Kong,"August 26, 2018",2014,Mature Adults,99,Minutes
7425,s7426,Movie,"Hassan Hegazy, Shady Ali",Egypt,"July 20, 2019",2017,14+ Teens,93,Minutes
7426,s7427,Movie,"Bob Hercules, Rita Coburn Whack",United States,"May 1, 2017",2016,Parental Guidance,114,Minutes
7427,s7428,Movie,Samuel D. Pollard,United States,"September 2, 2018",2017,Parental Guidance,100,Minutes
7428,s7429,Movie,Sachin,India,"January 1, 2018",1988,Parental Guidance,132,Minutes
7429,s7430,Movie,Jesús Magaña Vázquez,Mexico,"February 14, 2017",2016,Mature Adults,83,Minutes
7430,s7431,Movie,Nathan Morlando,Canada,"July 1, 2019",2016,Restricted,105,Minutes
7431,s7432,Movie,Martin Scorsese,United States,"July 1, 2019",1973,Restricted,112,Minutes
7432,s7433,Movie,Mina Shum,Canada,"March 9, 2018",2017,Parental Guidance,94,Minutes
7433,s7434,Movie,Jacek Koprowicz,Poland,"October 1, 2019",1985,Mature Adults,90,Minutes
7434,s7435,Movie,"Paul Berczeller, Mark Radice",United Kingdom,"October 25, 2017",2017,14+ Teens,48,Minutes
7437,s7438,Movie,Binu Ulahhannan,India,"August 1, 2018",2017,Parental Guidance,110,Minutes
7439,s7440,Movie,Bob Odenkirk,United States,"July 1, 2018",2003,Restricted,84,Minutes
7440,s7441,Movie,Shin-yeon Won,South Korea,"February 19, 2018",2017,Mature Adults,118,Minutes
7441,s7442,Movie,"Janet Tobias, Claus Wehlisch",Germany,"June 19, 2019",2018,14+ Teens,86,Minutes
7442,s7443,Movie,Barry Sonnenfeld,United States,"October 19, 2019",1997,Parents Strongly Cautioned,98,Minutes
7443,s7444,Movie,Barry Sonnenfeld,United States,"October 1, 2019",2002,Parents Strongly Cautioned,88,Minutes
7444,s7445,Movie,John Barnard,Canada,"August 27, 2017",2016,Mature Adults,81,Minutes
7445,s7446,Movie,Gareth Evans,Indonesia,"February 13, 2019",2009,Restricted,112,Minutes
7448,s7449,Movie,Toka McBaror,Nigeria,"September 21, 2019",2018,Mature Adults,106,Minutes
7450,s7451,Movie,Santosh Manjrekar,India,"January 1, 2018",2009,14+ Teens,148,Minutes
7451,s7452,Movie,Bharat Nalluri,United Kingdom,"August 1, 2019",2015,Restricted,105,Minutes
7452,s7453,Movie,Steve Carr,United States,"March 3, 2019",2016,Parental Guidance,92,Minutes
7454,s7455,Movie,Jeff Nichols,United States,"September 7, 2020",2016,Parents Strongly Cautioned,112,Minutes
7456,s7457,Movie,Gus Van Sant,United States,"February 16, 2017",2008,Restricted,128,Minutes
7458,s7459,Movie,Anil Thomas,India,"August 1, 2018",2017,14+ Teens,128,Minutes
7460,s7461,Movie,Gavin O'Connor,Canada,"June 1, 2018",2004,Parental Guidance,136,Minutes
7461,s7462,Movie,Tarsem Singh,United States,"April 24, 2020",2012,Parental Guidance,106,Minutes
7462,s7463,Movie,Rakeysh Omprakash Mehra,India,"February 20, 2017",2016,Mature Adults,129,Minutes
7464,s7465,Movie,Keiichi Hara,Japan,"October 1, 2017",2015,Parents Strongly Cautioned,90,Minutes
7465,s7466,Movie,Liv Ullmann,Norway,"September 2, 2015",2014,Parents Strongly Cautioned,130,Minutes
7466,s7467,Movie,Kenny Young,United States,"December 19, 2017",2017,14+ Teens,85,Minutes
7467,s7468,Movie,Jennifer Siebel Newsom,United States,"October 20, 2017",2011,Not Rated,90,Minutes
7469,s7470,Movie,Barbara Kopple,United States,"January 7, 2017",2015,Mature Adults,94,Minutes
7470,s7471,Movie,Julia Hart,United States,"December 19, 2016",2016,Not Rated,86,Minutes
7471,s7472,Movie,David Fairhead,United States,"August 13, 2017",2017,14+ Teens,100,Minutes
7472,s7473,Movie,David Blair,United Kingdom,"July 29, 2019",2018,Mature Adults,107,Minutes
7473,s7474,Movie,Osman Ali,Malaysia,"August 7, 2017",2014,Parental Guidance,93,Minutes
7474,s7475,Movie,"Anna Boden, Ryan Fleck",United States,"July 26, 2018",2015,Restricted,109,Minutes
7475,s7476,Movie,Munish Bhardwaj,India,"May 1, 2017",2016,Mature Adults,109,Minutes
7476,s7477,Movie,Ted Geoghegan,United States,"June 30, 2018",2017,Mature Adults,92,Minutes
7477,s7478,Movie,William Monahan,United States,"July 26, 2018",2015,Restricted,93,Minutes
7478,s7479,Movie,Kunle Afolayan,Nigeria,"September 1, 2019",2019,14+ Teens,100,Minutes
7479,s7480,Movie,Aaron Sorkin,China,"April 1, 2020",2017,Restricted,141,Minutes
7481,s7482,Movie,Mike Newell,United States,"January 1, 2019",2003,Parents Strongly Cautioned,119,Minutes
7482,s7483,Movie,Martin Rosete,United States,"October 15, 2017",2016,Restricted,84,Minutes
7484,s7485,Movie,Brett Ratner,United States,"November 1, 2019",1997,Restricted,96,Minutes
7486,s7487,Movie,Robert Vince,Canada,"March 19, 2016",2016,Parental Guidance,83,Minutes
7487,s7488,Movie,Ahmed El Gendy,Egypt,"June 15, 2019",2017,Mature Adults,117,Minutes
7488,s7489,Movie,Holger Tappe,Germany,"April 4, 2018",2017,Parental Guidance,93,Minutes
7489,s7490,Movie,Steve Sacks,United States,"March 1, 2018",2013,Kids 7+,73,Minutes
7490,s7491,Movie,William Lau,United States,"September 29, 2015",2015,Kids 7+,72,Minutes
7491,s7492,Movie,"Steve Ball, Andrew Duncan",United States,"January 1, 2018",2012,Kids 7+,46,Minutes
7492,s7493,Movie,"William Lau, Sylvain Blais",United States,"January 30, 2018",2014,Kids 7+,74,Minutes
7493,s7494,Movie,Dustin McKenzie,United States,"January 1, 2018",2013,Kids 7+,46,Minutes
7494,s7495,Movie,"Victor Dal Chele, Alfred Gimeno",United States,"January 1, 2018",2011,Kids 7+,46,Minutes
7495,s7496,Movie,William Lau,United States,"January 1, 2018",2014,Kids 7+,74,Minutes
7496,s7497,Movie,"Mike Fetterly, Steve Sacks",United States,"March 1, 2018",2012,Kids 7+,71,Minutes
7497,s7498,Movie,William Lau,United States,"October 1, 2017",2016,Kids 7+,72,Minutes
7498,s7499,Movie,"Dan Fraga, William Lau",United States,"March 24, 2018",2015,Kids 7+,76,Minutes
7499,s7500,Movie,"Audu Paden, Eric Radomski",United States,"October 1, 2017",2010,Kids 7+,23,Minutes
7500,s7501,Movie,"Dustin McKenzie, Andrew Duncan, Audu Paden",United States,"July 7, 2015",2013,General Audience,60,Minutes
7501,s7502,Movie,"Dustin McKenzie, Steve Sacks",United States,"January 1, 2018",2013,Kids 7+,46,Minutes
7503,s7504,Movie,Robert Luketic,United States,"January 1, 2020",2005,Parents Strongly Cautioned,101,Minutes
7504,s7505,TV Show,Rachel Bell,United Kingdom,"July 26, 2019",2013,General Audience,1,Seasons
7506,s7507,Movie,Duncan Jones,United Kingdom,"January 1, 2020",2009,Restricted,97,Minutes
7507,s7508,Movie,Barry Jenkins,United States,"May 21, 2019",2016,Restricted,111,Minutes
7508,s7509,Movie,Antoine Bardou-Jacquet,France,"September 8, 2017",2015,Restricted,96,Minutes
7509,s7510,Movie,Jami,Pakistan,"November 1, 2017",2015,14+ Teens,135,Minutes
7510,s7511,Movie,Chad Hartigan,Germany,"November 1, 2018",2016,Restricted,91,Minutes
7511,s7512,Movie,Michael Mayer,United States,"February 1, 2018",2013,Mature Adults,84,Minutes
7512,s7513,Movie,Avadhoot Gupte,India,"February 15, 2018",2011,14+ Teens,121,Minutes
7513,s7514,Movie,Suhas Kadav,India,"July 6, 2017",2016,Kids Fantasy Violence,109,Minutes
7514,s7515,Movie,Jennifer Peedom,Australia,"October 1, 2018",2017,Parental Guidance,74,Minutes
7515,s7516,Movie,"Peter Farrelly, Will Graham, Steve Carr, Griffin Dunne, Steve Brill, James Duffy, Jonathan van Tulleken, Elizabeth Banks, Patrik Forsberg, Brett Ratner, Rusty Cundieff, James Gunn",United States,"April 9, 2019",2013,Restricted,94,Minutes
7516,s7517,Movie,Bruce Beresford,United States,"December 22, 2018",2016,Parents Strongly Cautioned,105,Minutes
7517,s7518,Movie,Steve Brill,United States,"August 1, 2020",2002,Parents Strongly Cautioned,97,Minutes
7518,s7519,Movie,Tomer Heymann,Israel,"June 15, 2017",2015,14+ Teens,102,Minutes
7519,s7520,Movie,Anthony Chan,Hong Kong,"August 16, 2018",1984,14+ Teens,86,Minutes
7520,s7521,Movie,Craig Gillespie,United States,"September 1, 2019",2007,Parents Strongly Cautioned,88,Minutes
7522,s7523,Movie,Wael Ihsan,Egypt,"June 6, 2019",2012,14+ Teens,90,Minutes
7523,s7524,Movie,Jeff Nichols,United States,"January 1, 2021",2012,Parents Strongly Cautioned,131,Minutes
7524,s7525,Movie,David Dhawan,India,"December 31, 2019",2004,Parental Guidance,158,Minutes
7525,s7526,Movie,"Alexandre Heboyan, Benoît Philippon",France,"January 26, 2018",2014,Parental Guidance,85,Minutes
7526,s7527,Movie,James Bobin,United States,"September 1, 2020",2014,Parental Guidance,110,Minutes
7527,s7528,Movie,Jeremy Saulnier,United States,"September 1, 2018",2007,Not Rated,79,Minutes
7530,s7531,Movie,"Lewis Milestone, Carol Reed",United States,"November 1, 2019",1962,Parental Guidance,185,Minutes
7531,s7532,Movie,Bruce McDonald,Canada,"October 17, 2018",2010,Parental Guidance,80,Minutes
7532,s7533,Movie,Onir,India,"October 30, 2018",2005,Parental Guidance,116,Minutes
7533,s7534,Movie,Waymon Boone,United States,"June 12, 2018",2017,14+ Teens,95,Minutes
7534,s7535,Movie,Ismail Farouk,Egypt,"April 18, 2019",2013,14+ Teens,99,Minutes
7535,s7536,Movie,Dash Shaw,United States,"January 23, 2018",2016,Parents Strongly Cautioned,77,Minutes
7536,s7537,Movie,Nathaniel Warsh,Canada,"August 15, 2017",2015,Mature Adults,91,Minutes
7539,s7540,Movie,Claude Barras,Switzerland,"October 1, 2017",2016,Parents Strongly Cautioned,68,Minutes
7541,s7542,Movie,"Ishi Rudell, Jayson Thiessen",United States,"December 1, 2015",2015,Children,72,Minutes
7542,s7543,Movie,"Jayson Thiessen, Ishi Rudell",United States,"December 17, 2014",2014,Children,73,Minutes
7544,s7545,Movie,"Siu-hung Chung, Wong Jing",Hong Kong,"August 16, 2018",2001,14+ Teens,90,Minutes
7545,s7546,Movie,John Dower,United Kingdom,"July 13, 2017",2015,Mature Adults,99,Minutes
7546,s7547,Movie,Nick Cassavetes,United States,"September 1, 2019",2009,Parents Strongly Cautioned,109,Minutes
7548,s7549,Movie,Atsajun Sattakovit,Thailand,"July 25, 2018",2012,Mature Adults,108,Minutes
7549,s7550,Movie,Simon Curtis,United Kingdom,"May 30, 2019",2011,Restricted,99,Minutes
7552,s7553,Movie,Sabu Varghese,India,"August 1, 2018",2017,Parental Guidance,88,Minutes
7553,s7554,Movie,Jared Hess,United States,"November 1, 2019",2006,Parental Guidance,92,Minutes
7554,s7555,Movie,"Krishna Agazzi, Filippo Gastaldi",Italy,"February 5, 2017",2016,Parental Guidance,73,Minutes
7555,s7556,Movie,Dennis Bartok,Ireland,"March 10, 2018",2017,Mature Adults,85,Minutes
7556,s7557,Movie,"Ben Bowie, Geoff Luck",United States,"May 28, 2020",2016,Parental Guidance,91,Minutes
7557,s7558,Movie,Prakash Mehra,India,"December 31, 2019",1982,14+ Teens,171,Minutes
7558,s7559,Movie,Heidi Saman,United States,"March 15, 2017",2016,Not Rated,80,Minutes
7559,s7560,Movie,Masahiko Murata,Japan,"September 1, 2017",2011,14+ Teens,102,Minutes
7560,s7561,Movie,Natalia Valdebenito,United States,"November 10, 2017",2017,Mature Adults,76,Minutes
7561,s7562,Movie,Sonia Kennebeck,United States,"May 8, 2017",2016,Mature Adults,92,Minutes
7563,s7564,Movie,Greg MacGillivray,United States,"February 1, 2018",2016,General Audience,42,Minutes
7564,s7565,Movie,Jon Turteltaub,United States,"June 1, 2018",2004,Parental Guidance,131,Minutes
7565,s7566,Movie,Mahesh Manjrekar,India,"June 1, 2018",2016,14+ Teens,165,Minutes
7566,s7567,Movie,"Roman Atwood, Ben Pluimer",United States,"September 15, 2016",2016,Restricted,91,Minutes
7567,s7568,Movie,Chad L. Scheifele,United States,"December 1, 2016",2015,Restricted,101,Minutes
7575,s7576,Movie,George Stevens,United States,"March 31, 2017",1945,Mature Adults,59,Minutes
7577,s7578,Movie,Pablo Larraín,Chile,"June 26, 2017",2016,Restricted,108,Minutes
7578,s7579,Movie,Josh Webber,United States,"February 15, 2019",2018,Parental Guidance,89,Minutes
7579,s7580,Movie,Dennie Gordon,United States,"January 1, 2020",2004,Parental Guidance,91,Minutes
7580,s7581,Movie,Kim A. Snyder,United States,"April 7, 2017",2016,Not Rated,84,Minutes
7581,s7582,Movie,Lee Tamahori,United States,"July 1, 2019",2007,Parents Strongly Cautioned,96,Minutes
7582,s7583,Movie,Arun Vaidyanathan,India,"May 1, 2018",2017,14+ Teens,124,Minutes
7583,s7584,Movie,Jordana Spiro,United States,"August 27, 2020",2018,Mature Adults,87,Minutes
7584,s7585,Movie,Kelly Reichardt,United States,"June 30, 2019",2013,Restricted,113,Minutes
7585,s7586,Movie,Dan Gilroy,United States,"August 10, 2020",2014,Restricted,118,Minutes
7587,s7588,Movie,George C. Wolfe,United States,"July 1, 2019",2008,Parents Strongly Cautioned,97,Minutes
7590,s7591,Movie,Anees Bazmee,India,"March 1, 2018",2005,Parental Guidance,161,Minutes
7591,s7592,Movie,Nicolás López,Chile,"May 4, 2018",2018,Mature Adults,116,Minutes
7592,s7593,Movie,Scott Hicks,United States,"October 1, 2019",2007,Parental Guidance,104,Minutes
7594,s7595,Movie,Anthony Bell,United States,"May 25, 2020",2020,Kids 7+,89,Minutes
7595,s7596,Movie,Tim Maltby,India,"August 21, 2020",2019,Parental Guidance,92,Minutes
7596,s7597,Movie,"Richard Finn, Tim Maltby",United States,"September 9, 2019",2019,Parental Guidance,90,Minutes
7598,s7599,Movie,"Kiki Goshay, Jacqueline Monetta",United States,"January 1, 2018",2017,14+ Teens,50,Minutes
7600,s7601,Movie,Rushmore DeNooyer,United States,"July 1, 2019",2018,General Audience,113,Minutes
7601,s7602,Movie,Martin Gorst,United States,"July 1, 2019",2017,Parental Guidance,53,Minutes
7602,s7603,Movie,Giulia Clark,United States,"July 1, 2019",2017,Parental Guidance,54,Minutes
7603,s7604,Movie,Sarah Holt,United States,"July 1, 2019",2017,Parental Guidance,53,Minutes
7604,s7605,Movie,Terri Randall,United States,"July 1, 2019",2017,General Audience,54,Minutes
7605,s7606,Movie,Doug Hamilton,United States,"July 1, 2019",2018,14+ Teens,113,Minutes
7606,s7607,Movie,Martin Gorst,United States,"July 1, 2019",2017,General Audience,53,Minutes
7607,s7608,Movie,Peter Fison,United States,"July 1, 2019",2017,Parental Guidance,53,Minutes
7608,s7609,Movie,Graham Townsley,United States,"July 1, 2019",2018,Parental Guidance,53,Minutes
7609,s7610,Movie,"Paula Apsell, Kirk Wolfinger",United States,"July 1, 2019",2017,14+ Teens,54,Minutes
7611,s7612,Movie,Oliver Twinch,United States,"July 1, 2019",2017,Parental Guidance,52,Minutes
7612,s7613,Movie,Oliver Twinch,United States,"July 1, 2019",2017,Parental Guidance,54,Minutes
7613,s7614,Movie,Llewellyn M. Smith,United States,"July 1, 2019",2017,Parental Guidance,54,Minutes
7614,s7615,Movie,Daniel McCabe,United States,"July 1, 2019",2018,General Audience,53,Minutes
7615,s7616,Movie,Peter Yost,United States,"July 1, 2019",2017,Parental Guidance,53,Minutes
7616,s7617,Movie,Tom Stubberfield,United States,"July 1, 2019",2018,Parental Guidance,53,Minutes
7617,s7618,Movie,"Noel Dockstader, Quinn Kanaly",United States,"July 1, 2019",2018,Parental Guidance,113,Minutes
7618,s7619,Movie,Gail Willumsen,United States,"July 1, 2019",2012,General Audience,53,Minutes
7619,s7620,Movie,Sacha Gervasi,United States,"July 3, 2020",2017,Parents Strongly Cautioned,86,Minutes
7620,s7621,Movie,Lesli Linka Glatter,United States,"August 2, 2019",1995,Parents Strongly Cautioned,102,Minutes
7621,s7622,Movie,Peter Pardini,United States,"January 1, 2018",2016,Mature Adults,114,Minutes
7622,s7623,Movie,Sam Taylor-Johnson,United Kingdom,"April 14, 2018",2009,Restricted,99,Minutes
7625,s7626,Movie,"Dana Doron, Uriel Sinai",Israel,"December 31, 2017",2012,Parental Guidance,55,Minutes
7626,s7627,Movie,Enrico Bisi,Italy,"April 15, 2018",2015,Mature Adults,91,Minutes
7630,s7631,Movie,Lars von Trier,Denmark,"January 1, 2018",2013,Not Rated,117,Minutes
7631,s7632,Movie,Lars von Trier,Denmark,"August 25, 2018",2013,Mature Adults,124,Minutes
7633,s7634,Movie,Mat Whitecross,United Kingdom,"December 28, 2018",2016,Restricted,122,Minutes
7634,s7635,Movie,Gillian Robespierre,United States,"July 19, 2018",2014,Restricted,84,Minutes
7635,s7636,Movie,"Jacques Perrin, Jacques Cluzaud",France,"September 19, 2019",2009,General,84,Minutes
7636,s7637,Movie,Luke Sparke,Australia,"January 3, 2019",2018,Restricted,120,Minutes
7637,s7638,Movie,Lewis Milestone,United States,"November 1, 2019",1960,Parental Guidance,127,Minutes
7638,s7639,Movie,Steven Soderbergh,United States,"October 1, 2019",2007,Parents Strongly Cautioned,122,Minutes
7639,s7640,Movie,Steven Soderbergh,United States,"October 1, 2019",2004,Parents Strongly Cautioned,125,Minutes
7641,s7642,Movie,Nacho G. Velilla,Spain,"September 1, 2016",2015,Mature Adults,107,Minutes
7642,s7643,Movie,Shawn Crahan,United States,"March 30, 2017",2016,Restricted,91,Minutes
7643,s7644,Movie,Poj Arnon,Thailand,"July 25, 2018",2011,Mature Adults,103,Minutes
7644,s7645,Movie,Poj Arnon,Thailand,"August 16, 2018",2012,Mature Adults,103,Minutes
7647,s7648,Movie,Barak Goodman,United States,"April 19, 2017",2017,14+ Teens,102,Minutes
7648,s7649,TV Show,Oliver Stone,United States,"November 15, 2016",2013,Parental Guidance,1,Seasons
7650,s7651,Movie,Mohamed Samy,Egypt,"April 25, 2019",2012,Mature Adults,97,Minutes
7651,s7652,Movie,Clarence Yiu-leung Fok,Hong Kong,"August 2, 2018",1983,14+ Teens,89,Minutes
7652,s7653,Movie,Heitor Dhalia,Brazil,"January 10, 2018",2017,14+ Teens,92,Minutes
7653,s7654,Movie,Pradip Kurbah,India,"May 1, 2018",2016,14+ Teens,107,Minutes
7654,s7655,Movie,Matt Askem,United States,"August 1, 2018",2018,14+ Teens,86,Minutes
7655,s7656,Movie,Charlie Lightening,United States,"August 1, 2018",2018,Parental Guidance,70,Minutes
7656,s7657,Movie,Charlie Lightening,United States,"August 1, 2018",2018,Mature Adults,66,Minutes
7657,s7658,Movie,Matt Askem,United States,"August 1, 2018",2018,Parental Guidance,72,Minutes
7658,s7659,Movie,Simon Rumley,United Kingdom,"April 15, 2020",2019,Mature Adults,111,Minutes
7659,s7660,Movie,Sergio Leone,Italy,"November 20, 2019",1968,Parents Strongly Cautioned,166,Minutes
7660,s7661,Movie,Banjong Pisanthanakun,Thailand,"September 5, 2018",2016,Parental Guidance,135,Minutes
7661,s7662,Movie,Morgan Spurlock,United States,"October 1, 2019",2013,Parental Guidance,92,Minutes
7663,s7664,Movie,Tim Rouhana,United States,"August 25, 2019",2018,Mature Adults,92,Minutes
7664,s7665,Movie,Noah Moskin,United States,"January 15, 2018",2017,Mature Adults,89,Minutes
7665,s7666,Movie,Jasmine D'Souza,India,"October 15, 2017",2016,Mature Adults,93,Minutes
7667,s7668,Movie,Nicolas Winding Refn,Denmark,"May 15, 2018",2013,Restricted,90,Minutes
7668,s7669,Movie,"Bill Guttentag, Michael Ware",Australia,"November 15, 2018",2015,Mature Adults,76,Minutes
7669,s7670,Movie,"Roger Allers, Jill Culton",United States,"September 1, 2019",2006,Parental Guidance,86,Minutes
7670,s7671,Movie,John H. Lee,South Korea,"January 15, 2018",2016,Not Rated,111,Minutes
7672,s7673,Movie,Dante Lam,China,"August 5, 2017",2016,Mature Adults,124,Minutes
7676,s7677,Movie,Dante Lam,China,"November 27, 2018",2018,Mature Adults,139,Minutes
7677,s7678,Movie,Logan Kibens,United States,"February 16, 2017",2016,Mature Adults,91,Minutes
7678,s7679,Movie,Chia Tang,Hong Kong,"August 16, 2018",1984,Mature Adults,86,Minutes
7679,s7680,TV Show,Peter McDonnell,United States," July 20, 2018",2018,Parental Guidance,3,Seasons
7680,s7681,Movie,Kiran Narayanan,India,"August 1, 2018",2017,14+ Teens,122,Minutes
7681,s7682,Movie,Ben C. Lucas,Australia,"October 15, 2017",2017,Mature Adults,96,Minutes
7682,s7683,Movie,Jayaraj Rajasekharan Nair,India,"March 15, 2017",2014,Parental Guidance,88,Minutes
7683,s7684,Movie,"Mark Franchetti, Andrew Meier",United Kingdom,"September 10, 2019",2019,Mature Adults,93,Minutes
7684,s7685,Movie,Anthony Scott Burns,Canada,"June 1, 2020",2018,Parents Strongly Cautioned,90,Minutes
7686,s7687,Movie,"Adam Collins, Luke Radford",United Kingdom,"February 15, 2019",2018,Mature Adults,102,Minutes
7687,s7688,Movie,Paul Spurrier,United Kingdom,"May 31, 2019",2006,Mature Adults,105,Minutes
7688,s7689,Movie,Kundan Shah,India,"August 1, 2018",2015,14+ Teens,117,Minutes
7690,s7691,Movie,Richard LaGravenese,United States,"April 1, 2019",2007,Parents Strongly Cautioned,126,Minutes
7691,s7692,Movie,Chandran Narikode,India,"July 1, 2018",2017,14+ Teens,89,Minutes
7692,s7693,Movie,Jorge Granier,Venezuela,"March 23, 2018",2007,Not Rated,82,Minutes
7694,s7695,Movie,Piti Jaturaphat,Thailand,"July 26, 2018",2007,Mature Adults,82,Minutes
7695,s7696,Movie,Charles Stone III,United States,"November 1, 2019",2002,Restricted,98,Minutes
7696,s7697,Movie,Amber Tamblyn,United States,"February 1, 2018",2016,Restricted,96,Minutes
7697,s7698,Movie,Alex Law,Hong Kong,"August 16, 2018",1988,Parental Guidance,108,Minutes
7699,s7700,Movie,Cosima Spender,United Kingdom,"June 30, 2016",2015,14+ Teens,91,Minutes
7700,s7701,Movie,Fernando González Molina,Spain,"May 1, 2016",2015,Mature Adults,163,Minutes
7701,s7702,Movie,David Fincher,United States,"August 1, 2019",2002,Restricted,112,Minutes
7702,s7703,Movie,Bhagyaraj,India,"December 8, 2017",2000,Parental Guidance,137,Minutes
7703,s7704,Movie,Rebecca Addelman,Canada,"April 20, 2019",2018,Mature Adults,89,Minutes
7704,s7705,Movie,Oren Peli,United States,"January 1, 2020",2007,Restricted,86,Minutes
7706,s7707,Movie,Subhash Ghai,India,"March 1, 2018",1997,14+ Teens,187,Minutes
7707,s7708,Movie,Gafoor Y. Elliyaas,India,"July 1, 2018",2017,Parental Guidance,109,Minutes
7708,s7709,Movie,Jennie Livingston,United States,"February 1, 2017",1990,Restricted,77,Minutes
7711,s7712,Movie,Kevin Hooks,United States,"January 1, 2021",1992,Restricted,84,Minutes
7712,s7713,Movie,Nikhil Advani,India,"October 22, 2017",2011,Parental Guidance,140,Minutes
7713,s7714,Movie,Jeremy Kenyon Lockyer Corbell,United States,"January 29, 2018",2017,14+ Teens,68,Minutes
7714,s7715,Movie,Phillip Noyce,United States,"January 1, 2020",1992,Restricted,117,Minutes
7715,s7716,Movie,Kıvanç Baruönü,Turkey,"March 10, 2017",2014,Mature Adults,105,Minutes
7716,s7717,Movie,Steve Carr,United States,"November 1, 2020",2009,Parental Guidance,91,Minutes
7717,s7718,Movie,Dileep Narayanan,India,"July 1, 2018",2016,14+ Teens,104,Minutes
7719,s7720,Movie,Paritosh Painter,India,"July 1, 2018",2009,14+ Teens,114,Minutes
7720,s7721,Movie,Banjong Pisanthanakun,Thailand,"September 1, 2018",2013,Mature Adults,112,Minutes
7722,s7723,Movie,"Paul Reubens, Wayne Orr",United States,"December 18, 2014",1988,Parental Guidance,48,Minutes
7723,s7724,Movie,Mohd Khairul Azri Bin Md Noor,Malaysia,"August 25, 2017",2016,Mature Adults,95,Minutes
7724,s7725,Movie,Mark Palansky,United Kingdom,"April 1, 2019",2006,Parental Guidance,89,Minutes
7726,s7727,Movie,J.C. Falcón,United States,"February 28, 2017",2016,Mature Adults,108,Minutes
7727,s7728,Movie,C.J. Wallis,Canada,"April 30, 2019",2017,Mature Adults,72,Minutes
7728,s7729,Movie,James Foley,United States,"January 1, 2019",2007,Restricted,109,Minutes
7730,s7731,Movie,Olivier Assayas,France,"February 1, 2019",2016,Restricted,105,Minutes
7731,s7732,Movie,Tony Stone,United States,"March 9, 2017",2016,Mature Adults,92,Minutes
7732,s7733,Movie,Will Gluck,United States,"August 18, 2018",2018,Parental Guidance,95,Minutes
7734,s7735,Movie,"Jean-Loup Felicioli, Alain Gagnol",France,"October 1, 2017",2015,Parental Guidance,85,Minutes
7735,s7736,Movie,Jonathan Demme,United States,"July 1, 2019",1993,Parents Strongly Cautioned,126,Minutes
7736,s7737,Movie,"Ajay Bhuyan, Kunal Kohli",India,"January 15, 2018",2015,14+ Teens,118,Minutes
7737,s7738,Movie,"Banjong Pisanthanakun, Paween Purikitpanya, Songyos Sugmakanan, Parkpoom Wongpoom, Visute Poolvoralaks",Thailand,"September 5, 2018",2009,Mature Adults,125,Minutes
7738,s7739,Movie,Kunle Afolayan,Nigeria,"September 1, 2019",2012,14+ Teens,112,Minutes
7739,s7740,Movie,Abhishek Saxena,India,"December 31, 2019",2017,14+ Teens,96,Minutes
7740,s7741,Movie,"Dana Nachman, Don Hardy Jr.",United States,"August 2, 2020",2018,Parental Guidance,81,Minutes
7741,s7742,Movie,Christopher Nolen,United States,"June 29, 2019",2018,Mature Adults,81,Minutes
7742,s7743,Movie,Gajendra Ahire,India,"November 15, 2018",2017,Parental Guidance,92,Minutes
7743,s7744,TV Show,"Oscar Micheaux, Spencer Williams, Richard E. Norman, Richard Maurice",United States,"February 1, 2017",1946,14+ Teens,1,Seasons
7744,s7745,Movie,Mahesh Manjrekar,India,"March 1, 2018",2002,Mature Adults,127,Minutes
7745,s7746,Movie,"Israel Adrián Caetano, Bruno Stagnaro",Argentina,"March 15, 2018",1998,Mature Adults,81,Minutes
7746,s7747,Movie,Christophe Honoré,France,"July 13, 2019",2018,Mature Adults,133,Minutes
7748,s7749,TV Show,Alastair Fothergill,United Kingdom,"April 22, 2015",2006,Parental Guidance,1,Seasons
7749,s7750,Movie,Sam Liu,United States,"June 1, 2020",2010,14+ Teens,81,Minutes
7750,s7751,Movie,Rebecca Zlotowski,France,"January 1, 2018",2016,Mature Adults,108,Minutes
7751,s7752,Movie,Oliver Stone,United States,"November 1, 2020",1986,Restricted,120,Minutes
7752,s7753,Movie,"Daniel Mann, Joseph Sargent",United States,"December 1, 2017",1980,14+ Teens,149,Minutes
7753,s7754,Movie,Jean-Simon Chartier,Canada,"April 5, 2019",2018,Mature Adults,92,Minutes
7754,s7755,Movie,Wim Wenders,Switzerland,"January 3, 2019",2018,Parental Guidance,96,Minutes
7755,s7756,Movie,Robert Altman,United States,"November 24, 2019",1980,Parental Guidance,114,Minutes
7757,s7758,Movie,Gabe Klinger,Portugal,"April 16, 2018",2016,Mature Adults,77,Minutes
7758,s7759,Movie,Steve McLean,United Kingdom,"February 19, 2019",2018,Mature Adults,90,Minutes
7778,s7779,Movie,"Charlie Haskell, Koichi Sakamoto",United States,"January 1, 2016",2014,Kids 7+,55,Minutes
7788,s7789,Movie,James Barr,United States,"January 1, 2016",2013,Kids 7+,24,Minutes
7789,s7790,Movie,Ashish R. Shukla,India,"December 1, 2017",2013,Mature Adults,106,Minutes
7790,s7791,Movie,Frank Capra,United States,"March 31, 2017",1942,14+ Teens,52,Minutes
7791,s7792,Movie,Satish Rajwade,India,"February 15, 2018",2013,14+ Teens,127,Minutes
7792,s7793,Movie,"Chris Bell, Josh Alexander, Greg Young",United States,"April 15, 2016",2015,Not Rated,86,Minutes
7793,s7794,Movie,Gregory Hoblit,United States,"December 1, 2019",1996,Restricted,131,Minutes
7794,s7795,Movie,Wong Jing,Hong Kong,"August 31, 2018",1984,14+ Teens,93,Minutes
7796,s7797,Movie,Stephen Cone,United States,"February 5, 2018",2017,Mature Adults,97,Minutes
7797,s7798,Movie,Christopher Nolen,United States,"August 6, 2019",2018,Mature Adults,84,Minutes
7799,s7800,Movie,Barry Avrich,Canada,"June 1, 2019",2019,Mature Adults,83,Minutes
7801,s7802,Movie,Rajkumar Santoshi,India,"March 1, 2018",2000,14+ Teens,165,Minutes
7802,s7803,Movie,Quentin Tarantino,United States,"January 1, 2019",1994,Restricted,154,Minutes
7803,s7804,Movie,Anurag Singh,Canada,"November 1, 2017",2014,14+ Teens,158,Minutes
7804,s7805,Movie,Luis Prieto,United Kingdom,"December 27, 2017",2012,Restricted,89,Minutes
7805,s7806,Movie,Luv Ranjan,India,"May 1, 2017",2011,14+ Teens,149,Minutes
7807,s7808,Movie,Michael Tolajian,United States,"March 11, 2020",2019,Mature Adults,96,Minutes
7809,s7810,Movie,Marc Forster,United Kingdom,"August 31, 2020",2008,Parents Strongly Cautioned,106,Minutes
7811,s7812,Movie,Werner Herzog,United States,"April 6, 2019",2015,Parents Strongly Cautioned,128,Minutes
7814,s7815,Movie,Richard Correll,United States,"August 1, 2018",2008,Parental Guidance,98,Minutes
7816,s7817,Movie,Andy Fickman,United States,"July 1, 2019",2009,Parental Guidance,99,Minutes
7817,s7818,Movie,Jonathan Demme,United States,"September 1, 2019",2008,Restricted,113,Minutes
7818,s7819,Movie,Raphael Erichsen,Brazil,"April 12, 2017",2013,Mature Adults,71,Minutes
7819,s7820,Movie,Hari Viswanath,India,"January 1, 2017",2015,Parental Guidance,83,Minutes
7820,s7821,Movie,Martin Scorsese,United States,"October 1, 2019",1980,Restricted,129,Minutes
7821,s7822,Movie,Manish Gupta,India,"March 1, 2018",2015,14+ Teens,117,Minutes
7822,s7823,Movie,"Jeremy Coon, Tim Skousen",United States,"September 16, 2016",2015,Not Rated,93,Minutes
7823,s7824,Movie,Ding Sheng,China,"August 19, 2017",2016,14+ Teens,124,Minutes
7824,s7825,Movie,Dharmesh Darshan,India,"May 1, 2017",1996,14+ Teens,177,Minutes
7825,s7826,Movie,Basu Chatterjee,India,"December 31, 2019",1974,Parental Guidance,104,Minutes
7826,s7827,Movie,"Phil Johnston, Rich Moore",United States,"June 11, 2019",2018,Parental Guidance,113,Minutes
7827,s7828,Movie,Raj Kapoor,India,"December 31, 2019",1985,14+ Teens,178,Minutes
7829,s7830,Movie,Eric Khoo,Singapore,"July 31, 2019",2018,Parental Guidance,90,Minutes
7830,s7831,Movie,Sanjay Dayma,India,"December 31, 2019",2005,14+ Teens,154,Minutes
7831,s7832,Movie,Kim Sung-hoon,South Korea,"May 26, 2019",2018,Mature Adults,122,Minutes
7832,s7833,Movie,Girish Joshi,India,"March 15, 2018",2010,Mature Adults,115,Minutes
7833,s7834,Movie,Amir Mohiuddin,Pakistan,"August 1, 2018",2017,14+ Teens,126,Minutes
7834,s7835,Movie,Morgan Spurlock,United States,"December 16, 2016",2016,Not Rated,88,Minutes
7836,s7837,Movie,Husam El-Gohari,Egypt,"June 20, 2019",2011,14+ Teens,99,Minutes
7837,s7838,Movie,Anees Bazmee,India,"October 22, 2017",2011,Parental Guidance,144,Minutes
7839,s7840,Movie,Nicholas Ray,United States,"November 1, 2019",1955,Parents Strongly Cautioned,111,Minutes
7841,s7842,Movie,Michael James Regan,Canada,"June 25, 2019",2018,Mature Adults,73,Minutes
7843,s7844,Movie,Craig Anderson,Australia,"December 11, 2017",2016,Mature Adults,81,Minutes
7844,s7845,Movie,John Milius,United States,"December 31, 2019",1984,Parents Strongly Cautioned,114,Minutes
7845,s7846,Movie,Amitava Bhattacharya,India,"September 15, 2018",2017,14+ Teens,112,Minutes
7846,s7847,Movie,Marina Willer,United Kingdom,"March 24, 2018",2017,Parental Guidance,80,Minutes
7849,s7850,Movie,Mohamed Samy,Egypt,"May 9, 2019",2015,Mature Adults,100,Minutes
7851,s7852,Movie,Andy Capper,United States,"June 13, 2016",2012,Restricted,96,Minutes
7852,s7853,Movie,Shamyl Othman,Malaysia,"August 21, 2017",2015,Parental Guidance,88,Minutes
7853,s7854,Movie,Atom Egoyan,Canada,"July 26, 2018",2015,Restricted,95,Minutes
7854,s7855,Movie,Allen Coulter,United States,"August 1, 2020",2010,Parents Strongly Cautioned,112,Minutes
7855,s7856,Movie,Mark Palansky,United Kingdom,"June 1, 2020",2017,Parents Strongly Cautioned,112,Minutes
7857,s7858,Movie,Paul W.S. Anderson,Germany,"January 1, 2020",2010,Restricted,97,Minutes
7858,s7859,Movie,René Pérez Joglar,United States,"January 1, 2018",2017,Mature Adults,97,Minutes
7859,s7860,Movie,"Linda Saffire, Adam Schlesinger",United States,"September 26, 2017",2016,Mature Adults,94,Minutes
7860,s7861,Movie,Chia-Liang Liu,Hong Kong,"August 16, 2018",1980,Restricted,97,Minutes
7861,s7862,Movie,Vijay Jayapal,India,"March 1, 2017",2016,Not Rated,118,Minutes
7863,s7864,Movie,"Andrew Lau Wai-Keung, Andrew Loo",Hong Kong,"July 21, 2018",2014,Restricted,95,Minutes
7864,s7865,TV Show,"Jani Lachauer, Jakob Schuh",United Kingdom,"February 1, 2018",2017,Parental Guidance,1,Seasons
7865,s7866,Movie,Sam Mendes,United States,"November 1, 2019",2008,Restricted,120,Minutes
7866,s7867,Movie,Fernando Frías De La Parra,Mexico,"December 3, 2016",2012,Not Rated,84,Minutes
7868,s7869,Movie,Jon Avnet,United States,"June 1, 2019",2008,Restricted,101,Minutes
7869,s7870,Movie,Makarand Mane,India,"May 1, 2018",2015,14+ Teens,103,Minutes
7871,s7872,Movie,"Devaki Singh, Luke Kenny",India,"December 15, 2017",2013,Mature Adults,83,Minutes
7873,s7874,Movie,Ashok Nanda,India,"November 1, 2017",2011,Mature Adults,107,Minutes
7874,s7875,Movie,Amit Rai,India,"December 31, 2019",2010,14+ Teens,136,Minutes
7875,s7876,Movie,Ishaya Bako,Nigeria,"July 1, 2016",2015,14+ Teens,96,Minutes
7876,s7877,Movie,Pierfrancesco Diliberto,Italy,"May 1, 2018",2016,14+ Teens,45,Minutes
7877,s7878,Movie,Nicholas Winter,United Kingdom,"May 1, 2019",2018,14+ Teens,92,Minutes
7879,s7880,Movie,John G. Avildsen,United States,"August 1, 2019",1976,Parental Guidance,120,Minutes
7880,s7881,Movie,Sylvester Stallone,United States,"August 1, 2019",1979,Parental Guidance,119,Minutes
7881,s7882,Movie,Sylvester Stallone,United States,"August 1, 2019",1982,Parental Guidance,100,Minutes
7882,s7883,Movie,Sylvester Stallone,United States,"August 1, 2019",1985,Parental Guidance,92,Minutes
7883,s7884,Movie,John G. Avildsen,United States,"August 1, 2019",1990,Parents Strongly Cautioned,104,Minutes
7884,s7885,Movie,G.J. Echternkamp,United States,"January 17, 2017",2017,Restricted,93,Minutes
7885,s7886,Movie,Sameh Abdulaziz,Egypt,"April 19, 2019",2014,Mature Adults,98,Minutes
7886,s7887,Movie,Nancy Schwartzman,United States,"August 8, 2019",2018,Mature Adults,80,Minutes
7887,s7888,Movie,Mitch Dickman,United States,"September 8, 2017",2015,Mature Adults,79,Minutes
7888,s7889,Movie,Navaniat Singh,India,"November 1, 2017",2014,14+ Teens,122,Minutes
7889,s7890,Movie,Lenny Abrahamson,Ireland,"July 19, 2018",2015,Restricted,118,Minutes
7890,s7891,Movie,Matthew Atkinson,Canada,"March 1, 2019",2017,Mature Adults,89,Minutes
7891,s7892,Movie,"Max Lang, Jani Lachauer",United Kingdom,"July 1, 2019",2012,Kids 7+,26,Minutes
7894,s7895,Movie,Roman Polanski,United States,"November 1, 2019",1968,Restricted,137,Minutes
7895,s7896,Movie,John Dahl,United States,"November 1, 2019",1998,Restricted,121,Minutes
7896,s7897,TV Show,Jay Chandrasekhar,United States," May 18, 2017",2016,Parental Guidance,8,Seasons
7898,s7899,Movie,Atanu Mukherjee,India,"April 1, 2018",2017,Mature Adults,103,Minutes
7899,s7900,Movie,R. Ellis Frazier,Mexico,"September 15, 2017",2016,Mature Adults,92,Minutes
7900,s7901,Movie,Stanley Tong,Hong Kong,"November 1, 2019",1995,Restricted,89,Minutes
7901,s7902,Movie,Rob Reiner,United States,"August 1, 2019",2005,Parents Strongly Cautioned,97,Minutes
7902,s7903,Movie,Jeeva,India,"March 1, 2018",2004,14+ Teens,134,Minutes
7903,s7904,Movie,Garry Marshall,United States,"December 1, 2020",1999,Parental Guidance,116,Minutes
7904,s7905,Movie,David L. Cunningham,United States,"June 19, 2019",2018,14+ Teens,110,Minutes
7905,s7906,Movie,Chris Stokes,United States,"August 1, 2019",2018,14+ Teens,88,Minutes
7907,s7908,Movie,Robert Vince,United States,"May 10, 2015",2015,Parental Guidance,93,Minutes
7909,s7910,Movie,Dave Higby,United States,"October 14, 2013",2013,Not Rated,72,Minutes
7910,s7911,Movie,Dharmendra Suresh Desai,India,"January 6, 2017",2016,14+ Teens,141,Minutes
7911,s7912,Movie,Alex Infascelli,Italy,"June 15, 2017",2016,Mature Adults,82,Minutes
7912,s7913,Movie,Clark Johnson,United States,"January 1, 2021",2003,Parents Strongly Cautioned,117,Minutes
7913,s7914,Movie,Raman Kumar,India,"December 31, 2019",1982,14+ Teens,118,Minutes
7914,s7915,Movie,Gianfranco Rosi,Italy,"March 21, 2017",2013,Mature Adults,91,Minutes
7915,s7916,Movie,Hakan Yonat,Turkey,"March 10, 2017",2014,Mature Adults,105,Minutes
7916,s7917,Movie,Michael Seater,Canada,"August 22, 2017",2016,14+ Teens,94,Minutes
7917,s7918,Movie,Balu Mahendra,India,"December 31, 2019",1983,14+ Teens,137,Minutes
7918,s7919,TV Show,Ehtesham Uddin,Pakistan,"December 15, 2016",2014,Parental Guidance,1,Seasons
7919,s7920,Movie,"Kireet Khurana, Padmakumar Narasimhamurthy",India,"May 1, 2017",2016,Mature Adults,61,Minutes
7920,s7921,Movie,Colin Trevorrow,United States,"August 13, 2020",2012,Restricted,86,Minutes
7921,s7922,Movie,Pratim D. Gupta,India,"January 1, 2017",2016,Mature Adults,118,Minutes
7922,s7923,Movie,Nagraj Manjule,India,"April 1, 2018",2016,14+ Teens,173,Minutes
7923,s7924,Movie,Sanjay Soorkar,India,"February 15, 2018",2007,Parental Guidance,152,Minutes
7924,s7925,Movie,Mohamed Hamdy,Egypt,"June 22, 2019",2014,14+ Teens,99,Minutes
7925,s7926,Movie,Partha Chakraborty,India,"September 15, 2018",2017,Mature Adults,110,Minutes
7926,s7927,Movie,K. Gopinathan,India,"March 1, 2018",2017,Parental Guidance,116,Minutes
7927,s7928,Movie,Amr Arafa,Egypt,"June 6, 2019",2013,14+ Teens,107,Minutes
7928,s7929,Movie,"Bruce MacDonald, Gabriel Sabloff",South Africa,"December 14, 2018",2018,Parents Strongly Cautioned,109,Minutes
7930,s7931,Movie,John Huston,United States,"March 31, 2017",1945,14+ Teens,32,Minutes
7931,s7932,Movie,Rajeev Patil,India,"January 1, 2018",2008,14+ Teens,122,Minutes
7932,s7933,Movie,Raj Kapoor,India,"December 31, 2019",1964,14+ Teens,228,Minutes
7933,s7934,Movie,Glenn Miller,United States,"November 17, 2017",2014,Parental Guidance,86,Minutes
7934,s7935,Movie,Luc Vinciguerra,Australia,"December 20, 2015",2010,General Audience,72,Minutes
7935,s7936,Movie,Gilles Paquet-Brenner,France,"September 21, 2019",2010,Parents Strongly Cautioned,102,Minutes
7936,s7937,Movie,Rohit Jugraj,Canada,"December 1, 2017",2015,14+ Teens,140,Minutes
7937,s7938,Movie,Rohit Jugraj,Australia,"October 15, 2017",2016,Parental Guidance,145,Minutes
7938,s7939,Movie,Gajendra Ahire,India,"February 15, 2018",2005,14+ Teens,126,Minutes
7939,s7940,Movie,Venugopan,India,"July 1, 2018",2017,14+ Teens,133,Minutes
7940,s7941,Movie,Kamal Sahani,India,"January 30, 2019",2008,14+ Teens,141,Minutes
7941,s7942,Movie,V. Scott Balcerek,United States,"June 1, 2019",2018,Mature Adults,78,Minutes
7943,s7944,Movie,Aditya Sarpotdar,India,"March 15, 2018",2012,14+ Teens,150,Minutes
7944,s7945,Movie,Raj N. Sippy,India,"December 31, 2019",1982,14+ Teens,153,Minutes
7945,s7946,Movie,Damon Cardasis,United States,"October 6, 2020",2017,Mature Adults,83,Minutes
7946,s7947,Movie,Jesse V. Johnson,United States,"November 1, 2017",2017,Mature Adults,95,Minutes
7947,s7948,Movie,Mahmoud Karim,Egypt,"June 13, 2019",2018,Mature Adults,93,Minutes
7949,s7950,Movie,John Lee Hancock,United States,"March 2, 2019",2013,Parents Strongly Cautioned,126,Minutes
7950,s7951,Movie,Jeffrey G. Hunt,United States,"January 15, 2020",2019,Restricted,95,Minutes
7951,s7952,Movie,Lynn Shelton,United States,"July 19, 2018",2014,Restricted,99,Minutes
7952,s7953,Movie,Kevan Peterson,United States,"January 23, 2020",2017,Parental Guidance,93,Minutes
7954,s7955,Movie,Dino Risi,Italy,"November 13, 2020",1955,Parental Guidance,93,Minutes
7955,s7956,Movie,Keenen Ivory Wayans,United States,"January 1, 2020",2000,Restricted,88,Minutes
7956,s7957,Movie,Malcolm D. Lee,United States,"August 12, 2020",2013,Parents Strongly Cautioned,88,Minutes
7957,s7958,Movie,Steven Spielberg,United States,"April 1, 2018",1993,Restricted,195,Minutes
7958,s7959,Movie,Spike Lee,United States,"November 1, 2020",1988,Restricted,120,Minutes
7959,s7960,Movie,"Hiroshi Aoyama, Kazumi Fukushima, Jim Stenstrum",United States,"December 15, 2019",1998,Parental Guidance,77,Minutes
7960,s7961,Movie,Edgar Wright,United States,"September 16, 2018",2010,Parents Strongly Cautioned,112,Minutes
7961,s7962,Movie,Wes Craven,United States,"October 1, 2019",1997,Restricted,121,Minutes
7962,s7963,Movie,Wes Craven,United States,"July 1, 2019",2000,Restricted,117,Minutes
7963,s7964,Movie,John Stockwell,United States,"January 1, 2020",2012,Mature Adults,90,Minutes
7964,s7965,Movie,Steven Zaillian,United States,"December 7, 2020",1993,Parental Guidance,110,Minutes
7965,s7966,Movie,Malik Bendjelloul,Sweden,"December 1, 2019",2012,Parents Strongly Cautioned,86,Minutes
7966,s7967,Movie,Dominic Sena,United States,"April 26, 2019",2011,Parents Strongly Cautioned,95,Minutes
7967,s7968,Movie,Jay Chou,Hong Kong,"July 1, 2018",2007,Parental Guidance,101,Minutes
7969,s7970,Movie,Billy Ray,United States,"April 1, 2018",2015,Parents Strongly Cautioned,111,Minutes
7970,s7971,Movie,Kasia Uscinska,United States,"April 22, 2017",2013,Parental Guidance,54,Minutes
7971,s7972,Movie,Susannah Ward,United States,"February 22, 2017",2013,Parental Guidance,54,Minutes
7972,s7973,Movie,Sam Taplin,United States,"February 22, 2017",2013,Parental Guidance,54,Minutes
7973,s7974,Movie,Kasia Uscinska,United Kingdom,"February 22, 2017",2014,Parental Guidance,55,Minutes
7974,s7975,Movie,Vicky Matthews,United States,"February 22, 2017",2013,Parental Guidance,54,Minutes
7975,s7976,Movie,Susannah Ward,United Kingdom,"April 22, 2017",2013,14+ Teens,55,Minutes
7976,s7977,Movie,Sam Taplin,United States,"April 22, 2017",2014,Parental Guidance,55,Minutes
7977,s7978,Movie,Vicky Matthews,United Kingdom,"February 22, 2017",2013,Parental Guidance,55,Minutes
7978,s7979,Movie,"Vicky Matthews, Gareth Sacala",United Kingdom,"April 22, 2017",2014,Parental Guidance,55,Minutes
7979,s7980,Movie,Louise Wardle,United States,"April 22, 2017",2014,Parental Guidance,55,Minutes
7980,s7981,Movie,Ozan Açıktan,Turkey,"March 10, 2017",2012,14+ Teens,102,Minutes
7981,s7982,Movie,Asif Kapadia,United Kingdom,"October 1, 2019",2010,Parents Strongly Cautioned,106,Minutes
7983,s7984,Movie,Kenneth Müller,Guatemala,"March 10, 2018",2017,Mature Adults,69,Minutes
7985,s7986,Movie,Mike Gunther,United States,"January 10, 2020",2011,Restricted,85,Minutes
7986,s7987,Movie,Michael Patrick King,United States,"January 1, 2021",2010,Restricted,146,Minutes
7987,s7988,Movie,Michael Patrick King,United States,"January 1, 2021",2008,Restricted,145,Minutes
7988,s7989,Movie,Sylvie Verheyde,United Kingdom,"July 10, 2017",2016,Unrated,103,Minutes
7989,s7990,Movie,Antonio Serrano,Mexico,"December 15, 2017",1999,Restricted,111,Minutes
7990,s7991,Movie,Max Martini,United States,"May 19, 2019",2019,Mature Adults,125,Minutes
7992,s7993,Movie,Sudesh Manjrekar,India,"January 1, 2018",2011,14+ Teens,115,Minutes
7994,s7995,Movie,Krishna Vamshi,India,"March 1, 2018",2002,Mature Adults,168,Minutes
7995,s7996,Movie,Dibakar Banerjee,India,"March 1, 2018",2012,14+ Teens,109,Minutes
7996,s7997,Movie,Gurudev Bhalla,India,"March 1, 2018",2002,Parental Guidance,148,Minutes
7997,s7998,Movie,Herman Yau,Hong Kong,"August 16, 2018",2002,14+ Teens,92,Minutes
7998,s7999,Movie,David R. Ellis,United States,"November 2, 2019",2011,Parents Strongly Cautioned,91,Minutes
7999,s8000,Movie,Samar Khan,India,"March 1, 2018",2008,14+ Teens,135,Minutes
8001,s8002,Movie,"Måns Mårlind, Björn Stein",United States,"December 29, 2017",2010,Restricted,112,Minutes
8003,s8004,Movie,Guy Ritchie,United States,"January 1, 2021",2009,Parents Strongly Cautioned,128,Minutes
8004,s8005,Movie,Ram Gopal Varma,India,"December 31, 2019",1990,Mature Adults,168,Minutes
8005,s8006,Movie,Raymond McGrath,United States,"November 15, 2018",2016,Children,45,Minutes
8006,s8007,Movie,"Adele K. Thomas, Richard Bailey",Australia,"November 15, 2018",2018,Children,75,Minutes
8007,s8008,Movie,Richard Bailey,Australia,"November 15, 2018",2017,Children,71,Minutes
8008,s8009,Movie,"Jitendra Tiwari, Pranav Singh",India,"October 30, 2018",2016,14+ Teens,122,Minutes
8009,s8010,Movie,Destin Daniel Cretton,United States,"July 18, 2019",2013,Restricted,97,Minutes
8010,s8011,Movie,Robert Rodriguez,United States,"July 1, 2019",2009,Parental Guidance,89,Minutes
8011,s8012,Movie,Barney Clay,United Kingdom,"August 10, 2017",2016,Mature Adults,98,Minutes
8012,s8013,Movie,Adarsh Eshwarappa,India,"March 1, 2018",2017,14+ Teens,115,Minutes
8013,s8014,Movie,"Banjong Pisanthanakun, Parkpoom Wongpoom",Thailand,"September 5, 2018",2004,Mature Adults,96,Minutes
8014,s8015,Movie,"Fabio Grassadonia, Antonio Piazza",Italy,"July 6, 2019",2017,Mature Adults,119,Minutes
8016,s8017,Movie,Vivek Wagh,India,"October 30, 2018",2014,General Audience,105,Minutes
8017,s8018,Movie,Timothy Woodward Jr.,United States,"December 3, 2018",2018,Mature Adults,88,Minutes
8018,s8019,Movie,M.J. Bassett,Canada,"December 13, 2019",2012,Restricted,94,Minutes
8019,s8020,Movie,Jason Cohen,United States,"April 1, 2017",2016,Parental Guidance,77,Minutes
8023,s8024,Movie,Anil Sharma,India,"July 15, 2017",2013,14+ Teens,143,Minutes
8024,s8025,Movie,Raditya Dika,Indonesia,"September 28, 2018",2015,Parental Guidance,127,Minutes
8025,s8026,Movie,Robert Kouba,Switzerland,"June 1, 2018",2017,Parents Strongly Cautioned,92,Minutes
8026,s8027,Movie,Dorian Fernández-Moris,Peru,"October 1, 2019",2017,Mature Adults,87,Minutes
8027,s8028,Movie,Gregg Bishop,United States,"January 1, 2020",2016,Mature Adults,83,Minutes
8028,s8029,Movie,Corey Grant,United States,"February 14, 2016",2015,Restricted,95,Minutes
8029,s8030,Movie,Ekachai Uekrongtham,Thailand,"December 17, 2018",2014,Restricted,96,Minutes
8032,s8033,Movie,Renny Harlin,China,"July 4, 2019",2016,Parents Strongly Cautioned,107,Minutes
8033,s8034,Movie,Ringo Lam,China,"August 5, 2017",2016,Mature Adults,100,Minutes
8034,s8035,Movie,Fredric Lean,United States,"June 27, 2018",2014,General Audience,49,Minutes
8035,s8036,Movie,"Colin Strause, Greg Strause",United States,"January 16, 2019",2010,Parents Strongly Cautioned,94,Minutes
8036,s8037,Movie,Leslye Headland,United States,"October 2, 2017",2015,Restricted,101,Minutes
8037,s8038,Movie,Joe Nussbaum,United States,"March 1, 2020",2004,Parental Guidance,89,Minutes
8038,s8039,Movie,Billy Bob Thornton,United States,"November 1, 2019",1996,Restricted,135,Minutes
8039,s8040,Movie,Phillip Noyce,United States,"January 1, 2020",1993,Restricted,107,Minutes
8041,s8042,Movie,John Maclean,United Kingdom,"July 26, 2018",2015,Restricted,84,Minutes
8042,s8043,Movie,Joe Dante,United States,"June 1, 2019",1998,Parents Strongly Cautioned,110,Minutes
8043,s8044,Movie,Noam Murro,United States,"July 12, 2019",2008,Restricted,95,Minutes
8045,s8046,Movie,Alex Winter,United States,"September 22, 2015",2015,Parents Strongly Cautioned,83,Minutes
8046,s8047,Movie,Fred Olen Ray,United States,"January 10, 2020",2016,Restricted,86,Minutes
8047,s8048,Movie,Imtiaz Ali,India,"July 1, 2018",2005,14+ Teens,137,Minutes
8048,s8049,Movie,Jonathan Ignatius Green,United States,"March 19, 2019",2018,Mature Adults,87,Minutes
8049,s8050,Movie,Hanung Bramantyo,Indonesia,"January 5, 2019",2013,Mature Adults,142,Minutes
8050,s8051,Movie,Alfonso Cuarón,Mexico,"September 1, 2018",1991,Not Rated,94,Minutes
8051,s8052,Movie,Ron Howard,United States,"January 9, 2019",2018,Parents Strongly Cautioned,135,Minutes
8052,s8053,Movie,Ron Howard,United States,"January 9, 2019",2018,Parents Strongly Cautioned,135,Minutes
8053,s8054,Movie,Michael J. Bassett,Czech Republic,"February 15, 2018",2009,Restricted,104,Minutes
8054,s8055,Movie,Ian MacAllister-McDonald,United States,"December 18, 2017",2017,Mature Adults,97,Minutes
8055,s8056,Movie,Nancy Meyers,United States,"August 1, 2019",2003,Parents Strongly Cautioned,128,Minutes
8056,s8057,Movie,Julius Avery,Australia,"July 19, 2018",2014,Restricted,109,Minutes
8057,s8058,Movie,Jeffrey C. Bell,United States,"December 10, 2016",2016,Not Rated,73,Minutes
8059,s8060,Movie,Sean McNamara,United States,"May 17, 2020",2011,Parental Guidance,106,Minutes
8060,s8061,Movie,"David Allensworth, Monière",United States,"July 1, 2019",2019,Mature Adults,94,Minutes
8061,s8062,Movie,"Jerry Rothwell, Reuben Atlas",United Kingdom,"November 18, 2016",2016,Not Rated,85,Minutes
8063,s8064,Movie,Sam O'Steen,United States,"November 1, 2019",1976,Parental Guidance,98,Minutes
8065,s8066,Movie,Dan Harris,United States,"July 6, 2017",2017,Parents Strongly Cautioned,96,Minutes
8066,s8067,Movie,Mark Sloper,United Kingdom,"January 9, 2020",2019,14+ Teens,75,Minutes
8067,s8068,Movie,Sam Raimi,United States,"November 1, 2019",2007,Parents Strongly Cautioned,139,Minutes
8068,s8069,Movie,"Peter Ramsey, Rodney Rothman, Bob Persichetti",United States,"June 26, 2019",2018,Parental Guidance,117,Minutes
8069,s8070,Movie,"David Fairhead, Anthony Palmer",United Kingdom,"November 1, 2019",2018,14+ Teens,95,Minutes
8071,s8072,Movie,Tom McCarthy,United States,"July 22, 2020",2015,Restricted,129,Minutes
8072,s8073,Movie,Harmony Korine,United States,"January 10, 2021",2012,Restricted,94,Minutes
8073,s8074,Movie,Storm Saulter,Jamaica,"April 15, 2020",2018,Mature Adults,112,Minutes
8074,s8075,Movie,Robert Rodriguez,United States,"April 1, 2019",2001,Parental Guidance,88,Minutes
8075,s8076,Movie,Robert Rodriguez,United States,"March 8, 2019",2002,Parental Guidance,100,Minutes
8076,s8077,Movie,Robert Rodriguez,United States,"April 1, 2019",2003,Parental Guidance,83,Minutes
8077,s8078,Movie,Javier Ruiz Caldera,Spain,"June 1, 2016",2015,Mature Adults,93,Minutes
8078,s8079,Movie,Darren Lynn Bousman,United States,"August 8, 2019",2018,Mature Adults,103,Minutes
8079,s8080,Movie,Christopher Ray,United States,"June 28, 2019",2019,14+ Teens,88,Minutes
8080,s8081,Movie,Adam Alleca,Canada,"December 11, 2018",2015,Restricted,86,Minutes
8081,s8082,Movie,Alison E. Rose,Canada,"February 5, 2017",2015,14+ Teens,88,Minutes
8082,s8083,Movie,Rian Johnson,United States,"June 26, 2018",2017,Parents Strongly Cautioned,152,Minutes
8084,s8085,Movie,David Mackenzie,United Kingdom,"August 29, 2019",2013,Mature Adults,106,Minutes
8086,s8087,Movie,"Ola Flyum, David Hebditch",United States,"July 1, 2016",2006,Parental Guidance,52,Minutes
8087,s8088,Movie,Adam McKay,United States,"November 1, 2019",2008,Restricted,98,Minutes
8088,s8089,Movie,Wael Ihsan,Egypt,"June 6, 2019",2018,14+ Teens,89,Minutes
8089,s8090,Movie,Akiva Goldsman,United States,"September 1, 2018",2017,Restricted,86,Minutes
8090,s8091,Movie,"Arjun Gourisaria, Moinak Biswas",India,"March 15, 2018",2010,14+ Teens,106,Minutes
8091,s8092,Movie,"Chatchai Katenut, Manussa Vorasingha, Tanwarin Sukkhapisit, Poj Arnon",Thailand,"September 14, 2018",2010,Mature Adults,100,Minutes
8092,s8093,Movie,Jon J. Whelan,United States,"November 1, 2018",2015,Parental Guidance,91,Minutes
8095,s8096,Movie,Brad Anderson,United States,"September 8, 2017",2014,Parents Strongly Cautioned,113,Minutes
8096,s8097,Movie,Alex Holmes,Australia,"February 15, 2015",2014,Not Rated,100,Minutes
8098,s8099,Movie,Raj B. Shetty,India,"October 15, 2017",2017,Parental Guidance,132,Minutes
8099,s8100,Movie,James Sweeney,United States,"June 26, 2020",2020,Mature Adults,96,Minutes
8100,s8101,Movie,Rowan Athale,Canada,"August 30, 2020",2019,Parents Strongly Cautioned,96,Minutes
8101,s8102,Movie,Marc Forster,United States,"October 1, 2020",2006,Parents Strongly Cautioned,113,Minutes
8103,s8104,Movie,Baz Luhrmann,Australia,"January 1, 2020",1992,Parental Guidance,95,Minutes
8104,s8105,Movie,"Ester Gould, Reijer Zwaan",Netherlands,"April 7, 2017",2016,Mature Adults,85,Minutes
8105,s8106,Movie,Ivan Reitman,United States,"September 1, 2019",1981,Restricted,106,Minutes
8106,s8107,Movie,Andrew Bergman,United States,"January 1, 2021",1996,Restricted,117,Minutes
8108,s8109,Movie,Afonso Poyart,Brazil,"February 11, 2017",2016,Not Rated,123,Minutes
8110,s8111,Movie,Rob Minkoff,United States,"January 1, 2020",2002,Parental Guidance,78,Minutes
8111,s8112,Movie,J.M. Berrios,United States,"November 11, 2019",2019,Mature Adults,95,Minutes
8112,s8113,Movie,Stefano Sollima,Italy,"October 14, 2015",2015,Not Rated,135,Minutes
8113,s8114,Movie,Chayanop Boonprakob,Thailand,"September 5, 2018",2011,Mature Adults,130,Minutes
8114,s8115,Movie,Zakariya,India,"August 1, 2018",2018,14+ Teens,115,Minutes
8115,s8116,Movie,Benny Fredman,Israel,"July 1, 2016",2014,Mature Adults,114,Minutes
8116,s8117,Movie,Saul Dibb,United Kingdom,"June 5, 2017",2014,Mature Adults,107,Minutes
8118,s8119,Movie,Joseph Cross,United States,"March 19, 2020",2019,Mature Adults,93,Minutes
8119,s8120,Movie,Kasper Barfoed,Denmark,"July 10, 2016",2015,Mature Adults,94,Minutes
8120,s8121,Movie,Partho Sen-Gupta,India,"March 15, 2017",2014,Mature Adults,85,Minutes
8122,s8123,Movie,Sumit Das,India,"June 18, 2019",2018,Kids 7+,63,Minutes
8123,s8124,Movie,Kevin Phillips,United States,"January 1, 2018",2017,Mature Adults,104,Minutes
8124,s8125,Movie,Indra Kumar,India,"March 1, 2018",2014,Parental Guidance,127,Minutes
8126,s8127,Movie,Greg Mottola,United States,"January 1, 2021",2007,Restricted,113,Minutes
8127,s8128,Movie,Gordon Parks,United States,"November 1, 2019",1972,Restricted,91,Minutes
8128,s8129,Movie,Bryan Singer,United States,"October 1, 2019",2006,Parents Strongly Cautioned,154,Minutes
8130,s8131,Movie,Bruce McCulloch,United States,"November 20, 2019",1999,Parents Strongly Cautioned,82,Minutes
8131,s8132,Movie,Angga Dwimas Sasongko,Indonesia,"October 9, 2018",2016,14+ Teens,98,Minutes
8133,s8134,Movie,Matthew Cooke,United States,"May 24, 2018",2017,Mature Adults,103,Minutes
8134,s8135,Movie,"Anthony Caronna, Alexander Smith",United States,"December 10, 2018",2017,Mature Adults,86,Minutes
8135,s8136,Movie,Matt Wechsler,United States,"March 1, 2017",2016,General Audience,92,Minutes
8136,s8137,Movie,Basu Chatterjee,India,"December 31, 2019",1977,Parental Guidance,123,Minutes
8138,s8139,Movie,Tim Burton,United States,"January 1, 2020",2007,Restricted,116,Minutes
8139,s8140,Movie,Jamie M. Dagg,United States,"December 1, 2019",2017,Restricted,93,Minutes
8140,s8141,Movie,"Dan Kwan, Daniel Scheinert",United States,"January 30, 2019",2016,Restricted,97,Minutes
8141,s8142,Movie,Derek Yee,China,"June 10, 2017",2016,Mature Adults,108,Minutes
8142,s8143,Movie,Cheh Chang,Hong Kong,"August 16, 2018",1980,Restricted,101,Minutes
8144,s8145,Movie,Subhash Ghai,India,"March 1, 2018",1999,Parental Guidance,177,Minutes
8145,s8146,Movie,Santosh Sivan,India,"July 15, 2018",2008,14+ Teens,95,Minutes
8146,s8147,Movie,Michael Dowse,United States,"May 16, 2019",2011,Restricted,97,Minutes
8149,s8150,Movie,Navneet Behal,India,"October 15, 2017",2014,Mature Adults,111,Minutes
8150,s8151,Movie,Julien Seri,France,"March 1, 2018",2015,Mature Adults,81,Minutes
8151,s8152,Movie,"Chris Buck, Kevin Lima",United States,"June 23, 2018",1999,General,89,Minutes
8152,s8153,Movie,Brian Smith,United States,"June 23, 2017",2005,General,72,Minutes
8153,s8154,Movie,Sameh Abdulaziz,Egypt,"May 9, 2019",2013,14+ Teens,112,Minutes
8154,s8155,Movie,Ryu Jung-woo,United States,"July 1, 2019",2016,Kids 7+,48,Minutes
8155,s8156,Movie,Sonia Lowman,United States,"September 25, 2017",2017,14+ Teens,81,Minutes
8156,s8157,Movie,Leena Yadav,India,"March 1, 2018",2010,Parental Guidance,137,Minutes
8157,s8158,Movie,John Carchietta,United States,"January 15, 2017",2016,Mature Adults,89,Minutes
8158,s8159,Movie,Kevin Munroe,Hong Kong,"May 1, 2019",2007,Parental Guidance,87,Minutes
8159,s8160,Movie,Michael Pressman,United States,"January 1, 2020",1991,Parental Guidance,88,Minutes
8161,s8162,Movie,Farah Khan,India,"August 2, 2018",2010,Parental Guidance,125,Minutes
8162,s8163,Movie,Einar Gabbassov,United States,"December 1, 2016",2016,Kids 7+,67,Minutes
8163,s8164,Movie,Natalia Garagiola,Argentina,"July 15, 2018",2017,Mature Adults,108,Minutes
8164,s8165,Movie,"Jevons Au, Zune Kwok, Chow Kwun-wai, Ng Ka-Leung, Wong Fei-Pang",Hong Kong,"February 12, 2019",2015,Mature Adults,102,Minutes
8166,s8167,Movie,Jonathan Mostow,United States,"January 1, 2020",2003,Restricted,109,Minutes
8167,s8168,Movie,McG,United States,"January 1, 2020",2009,Parents Strongly Cautioned,115,Minutes
8168,s8169,Movie,"Yann Arthus-Bertrand, Michael Pitiot",France,"May 1, 2016",2015,Parental Guidance,98,Minutes
8169,s8170,Movie,Damien Leone,United States,"September 1, 2018",2017,Mature Adults,84,Minutes
8170,s8171,Movie,Sukhbir Singh,India,"October 15, 2017",2016,Parental Guidance,133,Minutes
8171,s8172,Movie,Priyadarshan,United Kingdom,"December 1, 2017",2012,Mature Adults,121,Minutes
8172,s8173,TV Show,Dheeraj Berry,India,"March 31, 2018",2015,Kids 7+,1,Seasons
8176,s8177,Movie,"Nate Adams, Adam Carolla",United States,"November 15, 2019",2016,Mature Adults,100,Minutes
8177,s8178,Movie,"Mitzi Vanessa Arreola, Amir Galvan Cervera",Mexico,"April 6, 2018",2016,Mature Adults,117,Minutes
8178,s8179,Movie,Matthew Shoychet,Canada,"July 1, 2019",2018,14+ Teens,78,Minutes
8179,s8180,Movie,Pamela Romanowsky,United States,"July 15, 2018",2015,Restricted,87,Minutes
8181,s8182,Movie,Geoff Anderson,Canada,"May 10, 2017",2016,Kids 7+,88,Minutes
8183,s8184,Movie,Robert Rodriguez,United States,"December 2, 2020",2005,Parental Guidance,93,Minutes
8184,s8185,Movie,Steven Spielberg,United States,"November 20, 2019",2011,Parental Guidance,107,Minutes
8185,s8186,Movie,Esteban Sapir,Argentina,"April 1, 2018",2007,Mature Adults,99,Minutes
8186,s8187,Movie,Jee-woon Kim,South Korea,"January 1, 2018",2016,Mature Adults,140,Minutes
8187,s8188,Movie,Rob Reiner,United States,"January 1, 2021",1995,Parents Strongly Cautioned,113,Minutes
8188,s8189,Movie,Andrew Douglas,United States,"January 1, 2020",2005,Restricted,89,Minutes
8190,s8191,Movie,"Thurop Van Orman, John Rice",Finland,"February 27, 2020",2019,Parental Guidance,97,Minutes
8191,s8192,Movie,"Denis Hennelly, Casey Suchan",United States,"March 11, 2020",2019,Mature Adults,97,Minutes
8192,s8193,Movie,Sameh Abdulaziz,Egypt,"June 13, 2019",2010,14+ Teens,108,Minutes
8194,s8195,Movie,Federico Veiroj,Spain,"May 10, 2017",2015,Mature Adults,80,Minutes
8195,s8196,Movie,Jonathan Sobol,Canada,"December 8, 2018",2013,Restricted,90,Minutes
8196,s8197,Movie,Christian Duguay,United States,"July 1, 2020",2000,Restricted,117,Minutes
8197,s8198,Movie,Walter Hill,France,"March 15, 2020",2016,Restricted,95,Minutes
8198,s8199,Movie,André Øvredal,United Kingdom,"December 30, 2018",2016,Restricted,86,Minutes
8200,s8201,Movie,Kurt Voelker,United States,"February 21, 2018",2017,14+ Teens,100,Minutes
8201,s8202,Movie,Elliot Hegarty,United Kingdom,"December 15, 2018",2015,Mature Adults,87,Minutes
8202,s8203,Movie,"Keith Fulton, Louis Pepe",United States,"April 1, 2017",2016,Mature Adults,101,Minutes
8203,s8204,Movie,Johnnie To,Hong Kong,"August 16, 2018",1993,14+ Teens,83,Minutes
8204,s8205,Movie,"Brian M. Conley, Nathan Ives",United States,"April 9, 2019",2018,Mature Adults,89,Minutes
8205,s8206,Movie,John Ford,United States,"March 31, 2017",1942,14+ Teens,18,Minutes
8207,s8208,TV Show,Estela Renner,Brazil,"November 11, 2016",2016,Parental Guidance,1,Seasons
8210,s8211,Movie,Tommy Avallone,United States,"December 31, 2018",2018,Mature Adults,72,Minutes
8211,s8212,Movie,Rolfe Kanefsky,United States,"August 7, 2017",2016,Mature Adults,95,Minutes
8212,s8213,Movie,Osgood Perkins,Canada,"May 18, 2019",2015,Restricted,95,Minutes
8213,s8214,Movie,Philippe Falardeau,United States,"March 29, 2019",2016,Restricted,98,Minutes
8214,s8215,TV Show,Alastair Fothergill,United Kingdom,"October 10, 2015",2001,General Audience,1,Seasons
8215,s8216,Movie,"Kevin Ford, Smriti Keshari, Eric Schlosser",United States,"August 1, 2017",2016,14+ Teens,59,Minutes
8217,s8218,Movie,"Albert Hughes, Allen Hughes",United States,"July 1, 2019",2010,Restricted,118,Minutes
8218,s8219,Movie,Olivier Loustau,France,"March 10, 2017",2015,Mature Adults,98,Minutes
8219,s8220,Movie,Andy Tennant,United States,"October 1, 2019",2010,Parents Strongly Cautioned,111,Minutes
8220,s8221,Movie,Richard Kelly,United States,"June 1, 2019",2009,Parents Strongly Cautioned,116,Minutes
8221,s8222,Movie,William Brent Bell,United States,"June 1, 2020",2016,Parents Strongly Cautioned,97,Minutes
8222,s8223,Movie,Mark Herman,United Kingdom,"January 1, 2019",2008,Parents Strongly Cautioned,95,Minutes
8223,s8224,Movie,Neil Jordan,United States,"November 1, 2019",2007,Restricted,122,Minutes
8224,s8225,Movie,Ken Kushner,United States,"May 18, 2019",2019,Mature Adults,95,Minutes
8225,s8226,Movie,Nora Twomey,Ireland,"February 20, 2018",2017,Parents Strongly Cautioned,93,Minutes
8226,s8227,Movie,Peyton Reed,United States,"July 16, 2019",2006,Parents Strongly Cautioned,107,Minutes
8227,s8228,Movie,Kunle Afolayan,Nigeria,"September 1, 2019",2017,14+ Teens,119,Minutes
8228,s8229,Movie,Terry Gilliam,United States,"July 1, 2019",2005,Parents Strongly Cautioned,119,Minutes
8229,s8230,Movie,Rob Reiner,United States,"October 1, 2019",2007,Parents Strongly Cautioned,97,Minutes
8232,s8233,Movie,Stacy Title,United States,"April 1, 2019",2017,Parents Strongly Cautioned,96,Minutes
8233,s8234,Movie,"Graham Phillips, Parker Phillips",United States,"March 23, 2020",2019,Mature Adults,106,Minutes
8234,s8235,Movie,Ofir Raul Graizer,Israel,"December 4, 2018",2017,14+ Teens,109,Minutes
8235,s8236,TV Show,Bumpy,India,"April 1, 2019",2018,Mature Adults,1,Seasons
8236,s8237,Movie,Atom Egoyan,Canada,"July 20, 2018",2014,Restricted,112,Minutes
8237,s8238,Movie,Elliot Silverstein,United States,"June 1, 2020",1977,Parental Guidance,96,Minutes
8238,s8239,Movie,Sean Menard,United States,"May 1, 2018",2017,Mature Adults,60,Minutes
8239,s8240,Movie,Jon Gunn,United States,"November 21, 2017",2017,Parental Guidance,113,Minutes
8240,s8241,Movie,Tarek Al Eryan,Egypt,"June 13, 2019",2017,Mature Adults,126,Minutes
8241,s8242,Movie,Kunle Afolayan,Nigeria,"September 1, 2019",2016,14+ Teens,109,Minutes
8242,s8243,Movie,Craig Moss,United States,"February 4, 2017",2016,Restricted,93,Minutes
8244,s8245,Movie,Magdy Al-Hawwary,Egypt,"June 20, 2019",2010,Mature Adults,101,Minutes
8245,s8246,Movie,Antonio Chavarrías,Spain,"April 14, 2017",2016,14+ Teens,111,Minutes
8246,s8247,Movie,David Pablos,Mexico,"May 8, 2016",2015,Mature Adults,107,Minutes
8247,s8248,Movie,John Stephenson,United Kingdom,"November 1, 2019",2013,Parental Guidance,100,Minutes
8248,s8249,Movie,Michael Buster,United States,"March 1, 2019",2016,Parental Guidance,92,Minutes
8249,s8250,Movie,Norman Jewison,United States,"November 1, 2019",1965,14+ Teens,103,Minutes
8251,s8252,Movie,John Wells,United States,"July 28, 2018",2010,Restricted,105,Minutes
8252,s8253,Movie,Harvey Lowry,United States,"July 23, 2019",2018,14+ Teens,103,Minutes
8253,s8254,Movie,Bob Nelson,Canada,"February 6, 2019",2016,Parents Strongly Cautioned,101,Minutes
8254,s8255,Movie,Ari Folman,Israel,"August 23, 2019",2013,Mature Adults,123,Minutes
8255,s8256,Movie,Amr Arafa,Egypt,"April 25, 2019",2011,14+ Teens,114,Minutes
8256,s8257,Movie,Andrew Fleming,United States,"January 1, 2020",1996,Restricted,101,Minutes
8258,s8259,Movie,"Kirk De Micco, Chris Sanders",United States,"July 29, 2019",2013,Parental Guidance,99,Minutes
8259,s8260,Movie,Alex Proyas,United States,"January 1, 2019",1994,Restricted,102,Minutes
8260,s8261,Movie,Marek Piwowski,Poland,"October 1, 2019",1970,Parental Guidance,66,Minutes
8261,s8262,Movie,Neil Jordan,United Kingdom,"January 1, 2020",1992,Restricted,112,Minutes
8263,s8264,Movie,"Jarrad Paul, Andrew Mogel",United Kingdom,"April 2, 2017",2015,Restricted,101,Minutes
8264,s8265,Movie,Satish Manwar,India,"January 1, 2018",2009,14+ Teens,99,Minutes
8265,s8266,Movie,Ifa Isfansyah,Indonesia,"December 8, 2018",2011,Mature Adults,105,Minutes
8266,s8267,Movie,"Frank Oz, Jim Henson",United States,"May 1, 2019",1982,Parental Guidance,93,Minutes
8267,s8268,Movie,Tariq Khan,India,"December 31, 2019",2018,Mature Adults,121,Minutes
8269,s8270,Movie,Simon Stone,Australia,"April 26, 2017",2015,Mature Adults,95,Minutes
8270,s8271,Movie,"Peter Mortimer, Josh Lowell",Austria,"March 4, 2019",2017,Mature Adults,100,Minutes
8272,s8273,Movie,Martin Scorsese,United States,"January 1, 2021",2006,Restricted,151,Minutes
8273,s8274,Movie,"Cecilia Atán, Valeria Pivato",Argentina,"November 8, 2018",2017,14+ Teens,78,Minutes
8274,s8275,Movie,Blair Hayes,United States,"February 15, 2019",2017,14+ Teens,85,Minutes
8275,s8276,Movie,William Friedkin,Italy,"July 23, 2018",2017,Parental Guidance,69,Minutes
8276,s8277,Movie,William Brent Bell,United States,"November 20, 2019",2012,Restricted,84,Minutes
8278,s8279,Movie,"Stephanie Soechtig, Jeremy Seifert",United States,"January 15, 2019",2018,14+ Teens,88,Minutes
8279,s8280,Movie,Alistair Legrand,United States,"August 1, 2018",2015,Mature Adults,86,Minutes
8280,s8281,Movie,Riri Riza,Indonesia,"October 4, 2018",2009,Parental Guidance,121,Minutes
8281,s8282,Movie,Bette Gordon,United States,"September 1, 2017",2016,Mature Adults,99,Minutes
8283,s8284,Movie,Kieran Darcy-Smith,United States,"June 2, 2019",2016,Restricted,110,Minutes
8284,s8285,Movie,Jay Chandrasekhar,United States,"January 1, 2020",2005,Parents Strongly Cautioned,104,Minutes
8285,s8286,Movie,Robert Berlinger,United States,"January 1, 2020",2007,Restricted,95,Minutes
8286,s8287,Movie,Paul Andrew Williams,United Kingdom,"August 31, 2017",2015,Mature Adults,96,Minutes
8288,s8289,Movie,James Ponsoldt,United States,"July 26, 2018",2015,Restricted,106,Minutes
8289,s8290,Movie,"Justin Benson, Aaron Moorhead",United States,"September 19, 2018",2017,Mature Adults,112,Minutes
8290,s8291,Movie,Sam Raimi,United States,"January 10, 2020",1981,Mature Adults,85,Minutes
8291,s8292,Movie,David Leveaux,United Kingdom,"July 26, 2019",2016,Restricted,107,Minutes
8292,s8293,Movie,Nicolas Pesce,United States,"April 6, 2017",2016,Restricted,76,Minutes
8293,s8294,TV Show,Michael Samuels,United Kingdom,"March 31, 2017",2012,Mature Adults,1,Seasons
8294,s8295,Movie,David Sington,United Kingdom,"June 1, 2016",2015,Mature Adults,95,Minutes
8295,s8296,Movie,Jenée LaMarque,United States,"July 1, 2018",2018,Mature Adults,88,Minutes
8296,s8297,Movie,David O. Russell,United States,"January 13, 2019",2010,Restricted,116,Minutes
8297,s8298,Movie,Kunle Afolayan,Nigeria,"October 1, 2019",2009,14+ Teens,121,Minutes
8298,s8299,Movie,David R. Ellis,United States,"January 1, 2020",2009,Restricted,82,Minutes
8299,s8300,Movie,"Coerte Voorhees, John Voorhees",United States,"September 20, 2016",2014,14+ Teens,87,Minutes
8300,s8301,Movie,Rodrigo Van Der Put,Brazil,"December 3, 2019",2019,Mature Adults,46,Minutes
8301,s8302,Movie,Hugh WIlson,United States,"November 20, 2019",1996,Parental Guidance,103,Minutes
8302,s8303,TV Show,Mark Tonderai,United Kingdom,"September 15, 2017",2016,Mature Adults,1,Seasons
8303,s8304,Movie,Cheh Chang,Hong Kong,"July 31, 2018",1978,Restricted,97,Minutes
8304,s8305,Movie,Brian Levant,United States,"October 1, 2019",1994,Parental Guidance,91,Minutes
8305,s8306,Movie,Brian Levant,United States,"October 1, 2019",2000,Parental Guidance,91,Minutes
8306,s8307,Movie,Meng Hua Ho,Hong Kong,"July 28, 2018",1975,Mature Adults,101,Minutes
8307,s8308,Movie,Rob Minkoff,United States,"July 1, 2019",2008,Parents Strongly Cautioned,104,Minutes
8308,s8309,Movie,Peter Nicks,United States,"January 29, 2018",2017,Mature Adults,92,Minutes
8309,s8310,Movie,Martin Campbell,United Kingdom,"February 14, 2020",2017,Restricted,113,Minutes
8310,s8311,Movie,Oliver Frampton,United Kingdom,"September 11, 2017",2014,Mature Adults,89,Minutes
8312,s8313,Movie,John Lee Hancock,United States,"August 21, 2020",2016,Parents Strongly Cautioned,115,Minutes
8313,s8314,Movie,Toa Fraser,New Zealand,"October 1, 2017",2016,Parental Guidance,84,Minutes
8314,s8315,Movie,Scott Walker,United States,"August 27, 2020",2013,Restricted,106,Minutes
8317,s8318,Movie,Nia Dinata,Indonesia,"December 8, 2018",2003,14+ Teens,124,Minutes
8318,s8319,Movie,Mario Mattei,United States,"January 31, 2019",2018,Mature Adults,83,Minutes
8319,s8320,Movie,Cody Stokes,United States,"April 7, 2020",2019,Mature Adults,107,Minutes
8320,s8321,Movie,David Fincher,United States,"January 5, 2021",2011,Restricted,158,Minutes
8322,s8323,Movie,"Doron Paz, Yoav Paz",Israel,"June 26, 2019",2018,Mature Adults,95,Minutes
8323,s8324,Movie,Paul Shoulberg,United States,"January 24, 2018",2017,Parents Strongly Cautioned,97,Minutes
8324,s8325,Movie,Kasra Farahani,United States,"December 5, 2016",2016,Mature Adults,97,Minutes
8325,s8326,Movie,Neal Brennan,United States,"November 20, 2019",2009,Restricted,89,Minutes
8326,s8327,Movie,David Batty,United Kingdom,"October 20, 2018",2014,14+ Teens,161,Minutes
8327,s8328,Movie,David Batty,United States,"October 19, 2018",2015,14+ Teens,205,Minutes
8332,s8333,Movie,Shakti Samanta,India,"December 31, 2019",1979,14+ Teens,161,Minutes
8333,s8334,Movie,John Dahl,United States,"November 1, 2019",2005,Restricted,133,Minutes
8335,s8336,Movie,Michel Gondry,United States,"April 18, 2020",2011,Parents Strongly Cautioned,119,Minutes
8337,s8338,Movie,Michael G. Kehoe,United States,"December 11, 2017",2017,Restricted,94,Minutes
8338,s8339,Movie,Mickey Liddell,United States,"October 4, 2018",2008,Parents Strongly Cautioned,85,Minutes
8339,s8340,Movie,Paco Arango,Spain,"June 1, 2020",2017,14+ Teens,108,Minutes
8340,s8341,Movie,Maya Gallus,Canada,"May 7, 2019",2018,Mature Adults,71,Minutes
8341,s8342,Movie,Tate Taylor,United States,"June 1, 2020",2011,Parents Strongly Cautioned,147,Minutes
8342,s8343,Movie,Chad Archibald,Canada,"September 4, 2019",2017,Mature Adults,88,Minutes
8343,s8344,Movie,Zoe Berriatúa,Spain,"June 1, 2016",2015,Mature Adults,99,Minutes
8344,s8345,Movie,"Mark Columbus, Lauren Hoekstra, Sarah Kruchowski, Ryan Moody, Simon Savelyev, Vanita Shastry, Shadae Lamar Smith, Jeremy David White",United States,"February 26, 2018",2017,Mature Adults,96,Minutes
8345,s8346,Movie,Gonzalo López-Gallego,United States,"March 16, 2017",2016,Restricted,97,Minutes
8346,s8347,Movie,Note Chern-Yim,Thailand,"July 25, 2018",2005,14+ Teens,92,Minutes
8348,s8349,Movie,Damani Baker,United States,"June 30, 2017",2016,14+ Teens,79,Minutes
8350,s8351,Movie,Rudradeep Bhattacharjee,India,"April 1, 2017",2013,Parental Guidance,53,Minutes
8351,s8352,Movie,Rob W. King,Canada,"December 18, 2018",2017,Restricted,94,Minutes
8352,s8353,Movie,Lasse Hallström,United States,"January 31, 2019",2014,Parental Guidance,123,Minutes
8354,s8355,Movie,Rob Cohen,United Kingdom,"September 26, 2018",2018,Parents Strongly Cautioned,103,Minutes
8355,s8356,Movie,Vlad Yudin,United States,"February 1, 2017",2016,Parents Strongly Cautioned,111,Minutes
8356,s8357,Movie,Terry Gilliam,United Kingdom,"March 8, 2019",2009,Parents Strongly Cautioned,123,Minutes
8358,s8359,Movie,Isaac Ezban,Mexico,"June 19, 2017",2014,Mature Adults,100,Minutes
8359,s8360,Movie,"Philip Einstein Lipski, Jørgen Lerdam, Amalie Næsby Fick",Denmark,"March 1, 2019",2018,General Audience,75,Minutes
8360,s8361,Movie,Brad Bird,United States,"January 30, 2019",2018,Parental Guidance,118,Minutes
8361,s8362,Movie,Frank Oz,United States,"November 1, 2020",1995,Parental Guidance,96,Minutes
8362,s8363,Movie,Steven Soderbergh,United States,"August 1, 2018",2009,Restricted,108,Minutes
8363,s8364,Movie,"Femi Oyeniran, Kalvadour Peterson",United Kingdom,"May 15, 2017",2016,Mature Adults,99,Minutes
8364,s8365,Movie,"Femi Oyeniran, Nicky Slimting Walker",United Kingdom,"February 21, 2019",2018,Mature Adults,103,Minutes
8365,s8366,Movie,"Ricky Gervais, Matthew Robinson",United States,"January 1, 2020",2009,Parents Strongly Cautioned,99,Minutes
8367,s8368,Movie,Karyn Kusama,United States,"July 8, 2016",2015,Mature Adults,100,Minutes
8369,s8370,Movie,Phyllida Lloyd,United Kingdom,"July 7, 2019",2011,Parents Strongly Cautioned,105,Minutes
8370,s8371,Movie,"Benjamin Cohen, Nicolas Cotto",France,"January 2, 2018",2015,14+ Teens,52,Minutes
8372,s8373,Movie,Robin Swicord,United States,"March 8, 2019",2007,Parents Strongly Cautioned,106,Minutes
8374,s8375,Movie,Riri Riza,Indonesia,"October 30, 2018",2013,Parental Guidance,90,Minutes
8375,s8376,Movie,Karen Moncrieff,United States,"September 1, 2018",2017,Parents Strongly Cautioned,95,Minutes
8377,s8378,Movie,Tom Hooper,United Kingdom,"June 2, 2018",2010,Restricted,118,Minutes
8380,s8381,Movie,Alejandro Agresti,United States,"September 1, 2019",2006,Parental Guidance,98,Minutes
8381,s8382,Movie,Timothy Reckart,United States,"June 4, 2018",2017,Parental Guidance,86,Minutes
8382,s8383,Movie,Pieter-Jan De Pue,Belgium,"January 1, 2017",2016,Mature Adults,84,Minutes
8383,s8384,Movie,Gillian Armstrong,Australia,"November 1, 2016",1992,Restricted,93,Minutes
8384,s8385,Movie,Daniel Stamm,France,"September 1, 2019",2010,Parents Strongly Cautioned,88,Minutes
8385,s8386,Movie,Sean Penn,United States,"January 13, 2020",2016,Restricted,131,Minutes
8386,s8387,Movie,Rodrigo Van Der Put,Brazil,"December 21, 2018",2018,Mature Adults,44,Minutes
8387,s8388,Movie,Mark Craig,United Kingdom,"May 26, 2016",2014,Parental Guidance,96,Minutes
8388,s8389,Movie,"Dennis Scholl, Kareem Tabsch",United States,"April 21, 2019",2018,14+ Teens,70,Minutes
8389,s8390,Movie,Rob Smat,United States,"October 26, 2019",2019,Parental Guidance,88,Minutes
8390,s8391,Movie,Peter Spirer,United States,"December 1, 2017",2017,Mature Adults,87,Minutes
8391,s8392,Movie,Manish Jha,India,"April 1, 2019",2016,14+ Teens,118,Minutes
8393,s8394,Movie,Jeff Baena,Canada,"December 23, 2018",2017,Restricted,89,Minutes
8394,s8395,Movie,"Blake Harris, Chris Bouchard",United States,"December 1, 2018",2018,Parental Guidance,85,Minutes
8395,s8396,Movie,Mark Osborne,France,"November 6, 2020",2015,Parental Guidance,107,Minutes
8396,s8397,Movie,Florian Henckel von Donnersmarck,Germany,"March 15, 2019",2006,Restricted,138,Minutes
8398,s8399,Movie,Yorgos Lanthimos,Ireland,"December 2, 2018",2015,Restricted,119,Minutes
8399,s8400,Movie,Brian O'Malley,Ireland,"August 23, 2018",2017,Restricted,93,Minutes
8400,s8401,Movie,Jay Lyons,United States,"June 23, 2019",2019,Parental Guidance,87,Minutes
8401,s8402,Movie,Robert Aldrich,United States,"November 20, 2019",1974,Restricted,121,Minutes
8402,s8403,Movie,Fred Durst,United States,"January 30, 2019",2008,Parental Guidance,95,Minutes
8403,s8404,Movie,Joshua Oppenheimer,Denmark,"February 26, 2016",2014,Parents Strongly Cautioned,103,Minutes
8404,s8405,Movie,Peter Jackson,New Zealand,"January 1, 2020",2003,Parents Strongly Cautioned,201,Minutes
8405,s8406,Movie,Peter Jackson,New Zealand,"January 1, 2020",2002,Parents Strongly Cautioned,179,Minutes
8406,s8407,Movie,Marco Schnabel,United Kingdom,"November 20, 2019",2008,Parents Strongly Cautioned,87,Minutes
8407,s8408,Movie,"Robert Cannan, Ross Adam",United Kingdom,"February 23, 2017",2016,14+ Teens,98,Minutes
8408,s8409,Movie,Stanisław Różewicz,Poland,"October 1, 2019",1982,14+ Teens,82,Minutes
8409,s8410,Movie,Johnny To,Hong Kong,"August 16, 2018",1993,14+ Teens,85,Minutes
8410,s8411,Movie,Robert Tate,United States,"April 24, 2018",2017,Parental Guidance,90,Minutes
8412,s8413,Movie,"John Mikulak, Joshua Brown",United States,"January 12, 2018",2009,14+ Teens,68,Minutes
8413,s8414,Movie,Martin Campbell,United States,"January 1, 2020",1998,Parents Strongly Cautioned,138,Minutes
8414,s8415,Movie,"Lilly Wachowski, Lana Wachowski",United States,"November 1, 2019",1999,Restricted,136,Minutes
8415,s8416,Movie,"Lilly Wachowski, Lana Wachowski",United States,"November 1, 2019",2003,Restricted,138,Minutes
8416,s8417,Movie,"Lilly Wachowski, Lana Wachowski",United States,"November 1, 2019",2003,Restricted,129,Minutes
8417,s8418,Movie,"Ken Burns, Christopher Loren Ewers, Erik Ewers",United States,"April 19, 2019",2018,14+ Teens,116,Minutes
8418,s8419,Movie,Park In-je,South Korea,"September 30, 2017",2017,Mature Adults,130,Minutes
8419,s8420,Movie,William Wyler,United States,"March 31, 2017",1944,Parental Guidance,40,Minutes
8420,s8421,Movie,Grant Heslov,United States,"June 4, 2019",2009,Restricted,94,Minutes
8425,s8426,Movie,Mads Matthiesen,Denmark,"December 6, 2016",2016,Mature Adults,104,Minutes
8426,s8427,Movie,Bryan Bertino,United States,"January 9, 2019",2016,Restricted,91,Minutes
8427,s8428,Movie,John Banas,New Zealand,"December 15, 2015",2015,Mature Adults,70,Minutes
8430,s8431,Movie,James Bobin,United States,"September 1, 2020",2011,Parental Guidance,104,Minutes
8432,s8433,Movie,Michael Radford,Italy,"July 1, 2018",2017,Parental Guidance,115,Minutes
8434,s8435,Movie,David Zucker,United States,"January 1, 2021",1988,Parents Strongly Cautioned,85,Minutes
8435,s8436,Movie,Barry Levinson,United States,"January 1, 2020",1984,Parental Guidance,138,Minutes
8436,s8437,Movie,Stuart Heisler,United States,"March 31, 2017",1944,14+ Teens,40,Minutes
8438,s8439,Movie,Carly Stone,Canada,"April 15, 2019",2018,Mature Adults,82,Minutes
8440,s8441,Movie,"Stefan Aust, Dirk Laabs",Germany,"December 28, 2016",2016,14+ Teens,90,Minutes
8441,s8442,Movie,"Lasse Hallström, Joe Johnston",United States,"May 28, 2019",2018,Parental Guidance,99,Minutes
8443,s8444,Movie,Charlie McDowell,United States,"May 30, 2019",2014,Restricted,91,Minutes
8444,s8445,Movie,Wenn V. Deramas,Philippines,"February 27, 2019",2008,Parental Guidance,106,Minutes
8445,s8446,Movie,Adam McKay,United States,"February 1, 2020",2010,Parents Strongly Cautioned,108,Minutes
8446,s8447,Movie,John Duigan,United Kingdom,"August 1, 2018",2001,Restricted,94,Minutes
8447,s8448,Movie,Ben A. Williams,United Kingdom,"January 1, 2019",2016,Not Rated,87,Minutes
8448,s8449,Movie,Mimi Leder,United States,"January 1, 2020",1997,Restricted,124,Minutes
8449,s8450,Movie,Alan J. Pakula,United States,"November 1, 2019",1993,Parents Strongly Cautioned,141,Minutes
8451,s8452,Movie,Stephen Chbosky,United States,"April 1, 2020",2012,Parents Strongly Cautioned,103,Minutes
8452,s8453,Movie,Joel Schumacher,United Kingdom,"June 1, 2019",2004,Parents Strongly Cautioned,141,Minutes
8453,s8454,Movie,Philipp Stölzl,Germany,"July 15, 2015",2013,Restricted,155,Minutes
8454,s8455,Movie,Shawn Levy,United States,"July 1, 2019",2006,Parental Guidance,93,Minutes
8455,s8456,Movie,Peggy Holmes,United States,"June 15, 2014",2014,General,78,Minutes
8456,s8457,Movie,Bryan Buckley,Somalia,"March 1, 2018",2017,Restricted,118,Minutes
8457,s8458,Movie,"Peter Lord, Jeff Newitt",United Kingdom,"October 1, 2020",2012,Parental Guidance,88,Minutes
8458,s8459,Movie,Derek Cianfrance,United States,"May 16, 2017",2012,Restricted,140,Minutes
8459,s8460,Movie,Keerthi,India,"March 1, 2018",2015,Mature Adults,124,Minutes
8460,s8461,Movie,Ahmad El-Badri,Egypt,"June 20, 2019",2012,Mature Adults,110,Minutes
8461,s8462,Movie,Robert Zemeckis,United States,"January 1, 2021",2004,General,100,Minutes
8462,s8463,Movie,"Randall Lobb, Robert McCallum",Canada,"August 24, 2018",2017,14+ Teens,96,Minutes
8463,s8464,Movie,Chan-sang Lim,South Korea,"October 1, 2017",2004,Mature Adults,116,Minutes
8464,s8465,Movie,Brian A. Miller,United States,"February 22, 2019",2014,Restricted,91,Minutes
8465,s8466,Movie,Martha Coolidge,United States,"October 1, 2020",2004,Parental Guidance,111,Minutes
8466,s8467,Movie,"Ron Clements, John Musker",United States,"July 16, 2019",2009,General,98,Minutes
8467,s8468,Movie,Na Hyeon,South Korea,"November 18, 2017",2017,Mature Adults,125,Minutes
8468,s8469,Movie,John Papola,United States,"August 7, 2019",2019,14+ Teens,76,Minutes
8469,s8470,Movie,Gabriele Muccino,United States,"October 1, 2019",2006,Parents Strongly Cautioned,117,Minutes
8470,s8471,Movie,"Grant Korgan, Brian Niles",United States,"June 7, 2019",2018,Mature Adults,90,Minutes
8472,s8473,Movie,Riri Riza,Indonesia,"October 21, 2018",2008,Parental Guidance,119,Minutes
8473,s8474,Movie,Francis Ford Coppola,United States,"November 20, 2019",1997,Parents Strongly Cautioned,136,Minutes
8475,s8476,Movie,Miriam Chandy Menacherry,India,"January 1, 2017",2010,Parental Guidance,52,Minutes
8477,s8478,Movie,Kevin Derek,United States,"June 16, 2017",2015,Parental Guidance,81,Minutes
8478,s8479,Movie,Shaina Allen,United States,"February 28, 2019",2016,Mature Adults,77,Minutes
8479,s8480,Movie,"Heber Cannon, Mariah Moore, Marston Sawyers",United States,"July 1, 2018",2017,14+ Teens,120,Minutes
8480,s8481,Movie,Alison MacLean,New Zealand,"January 1, 2018",2016,Mature Adults,102,Minutes
8483,s8484,Movie,Steve Barker,United Kingdom,"January 16, 2017",2016,Mature Adults,90,Minutes
8484,s8485,Movie,Dejan Zečević,Serbia,"February 26, 2018",2016,Mature Adults,92,Minutes
8485,s8486,Movie,Hadi El Bagoury,Egypt,"June 13, 2019",2011,14+ Teens,93,Minutes
8486,s8487,Movie,Gore Verbinski,United States,"January 1, 2020",2002,Parents Strongly Cautioned,116,Minutes
8487,s8488,Movie,Lone Scherfig,United Kingdom,"March 16, 2017",2014,Restricted,107,Minutes
8488,s8489,Movie,N.D. Wilson,United States,"January 14, 2017",2016,Not Rated,87,Minutes
8489,s8490,Movie,Curtis Hanson,United States,"September 1, 2018",1994,Parents Strongly Cautioned,111,Minutes
8491,s8492,Movie,Paul Dugdale,United Kingdom,"March 22, 2019",2016,Mature Adults,101,Minutes
8492,s8493,Movie,Christian E. Christiansen,United States,"April 1, 2020",2011,Parents Strongly Cautioned,91,Minutes
8493,s8494,Movie,David Michôd,Australia,"July 19, 2018",2014,Restricted,103,Minutes
8494,s8495,Movie,Bruce Robinson,United States,"December 6, 2019",2011,Restricted,120,Minutes
8495,s8496,Movie,Austin Stark,United States,"September 8, 2017",2015,Restricted,90,Minutes
8496,s8497,Movie,Kristian Levring,Denmark,"March 2, 2017",2014,Restricted,92,Minutes
8497,s8498,Movie,Wayne Blair,Australia,"April 26, 2019",2012,Parents Strongly Cautioned,99,Minutes
8498,s8499,Movie,Frank Oz,Germany,"November 28, 2019",2001,Restricted,124,Minutes
8499,s8500,Movie,Gus Van Sant,United States,"November 8, 2018",2015,Parents Strongly Cautioned,111,Minutes
8500,s8501,Movie,Stephen Amezdroz,United States,"April 1, 2018",2016,General Audience,32,Minutes
8501,s8502,Movie,Chris Renaud,United States,"December 27, 2019",2019,Parental Guidance,86,Minutes
8502,s8503,Movie,Tiller Russell,United States,"April 14, 2017",2014,Restricted,104,Minutes
8504,s8505,Movie,Abhishek Sharma,India,"March 1, 2018",2014,Mature Adults,123,Minutes
8505,s8506,Movie,Giancarlo Esposito,United States,"June 1, 2020",2017,Mature Adults,105,Minutes
8506,s8507,Movie,Dino Risi,Italy,"November 13, 2020",1955,14+ Teens,97,Minutes
8507,s8508,Movie,"William Eubank, Will Eubank",United States,"July 13, 2018",2014,Parents Strongly Cautioned,97,Minutes
8508,s8509,Movie,Isaac Ezban,Mexico,"January 15, 2017",2015,Not Rated,90,Minutes
8509,s8510,Movie,Sunil Soraya,Indonesia,"September 28, 2018",2013,14+ Teens,163,Minutes
8511,s8512,Movie,David Fincher,United States,"April 1, 2020",2010,Parents Strongly Cautioned,121,Minutes
8512,s8513,Movie,Peter Chelsom,United States,"June 1, 2019",2016,Parents Strongly Cautioned,120,Minutes
8513,s8514,Movie,James Ponsoldt,United States,"July 15, 2018",2013,Restricted,95,Minutes
8514,s8515,Movie,Krzysztof Zanussi,Poland,"October 1, 2019",1978,Mature Adults,84,Minutes
8515,s8516,Movie,Brian Levant,United States,"November 1, 2020",2010,Parental Guidance,94,Minutes
8516,s8517,Movie,Thomas Meadmore,United Kingdom,"April 5, 2019",2019,Mature Adults,94,Minutes
8517,s8518,Movie,Kyle Patrick Alvarez,United States,"June 17, 2017",2015,Restricted,122,Minutes
8520,s8521,Movie,Steven R. Monroe,United States,"March 15, 2019",2017,14+ Teens,90,Minutes
8521,s8522,Movie,Cosmo Feilding-Mellen,United Kingdom,"March 9, 2017",2015,Mature Adults,91,Minutes
8522,s8523,Movie,Stephan Rick,United States,"February 16, 2019",2017,Restricted,89,Minutes
8524,s8525,Movie,"Will Lockhart, Cole D. Pruitt",United States,"August 30, 2018",2018,14+ Teens,98,Minutes
8525,s8526,Movie,Tony Scott,United States,"September 1, 2019",2009,Restricted,106,Minutes
8526,s8527,Movie,Anthony Minghella,United States,"January 1, 2020",1999,Restricted,139,Minutes
8527,s8528,Movie,Tobe Hooper,United States,"October 22, 2019",1974,Restricted,83,Minutes
8528,s8529,Movie,"Mohammed El-Tahawy, Mohamed Mostafa",Egypt,"June 6, 2019",2013,14+ Teens,96,Minutes
8529,s8530,Movie,Lena Khan,United States,"April 9, 2018",2016,14+ Teens,94,Minutes
8530,s8531,Movie,Leanne Gater,United Kingdom,"November 1, 2018",2017,General Audience,58,Minutes
8531,s8532,Movie,Simon Wells,United States,"November 23, 2019",2002,Parents Strongly Cautioned,96,Minutes
8532,s8533,Movie,Robert Schwentke,United States,"October 1, 2019",2009,Parents Strongly Cautioned,107,Minutes
8534,s8535,Movie,"Brendan Malloy, Emmett Malloy",United States,"December 1, 2019",2017,Restricted,104,Minutes
8535,s8536,Movie,David Koepp,United States,"January 1, 2018",1996,Restricted,94,Minutes
8536,s8537,Movie,Michael Winterbottom,United Kingdom,"December 12, 2017",2016,Mature Adults,108,Minutes
8537,s8538,Movie,"Ben Brewer, Alex Brewer",United States,"April 1, 2019",2015,Restricted,91,Minutes
8538,s8539,Movie,David Briggs,United Kingdom,"August 1, 2017",2016,14+ Teens,58,Minutes
8540,s8541,Movie,Kevin Donovan,United States,"November 1, 2019",2002,Parents Strongly Cautioned,99,Minutes
8542,s8543,Movie,Robert Luketic,United States,"April 25, 2019",2009,Restricted,96,Minutes
8543,s8544,Movie,Poj Arnon,Thailand,"July 30, 2018",2011,Mature Adults,93,Minutes
8546,s8547,Movie,"Jean-Pierre Dardenne, Luc Dardenne",Belgium,"December 12, 2017",2016,Mature Adults,106,Minutes
8547,s8548,Movie,Errol Morris,United States,"February 22, 2019",2013,Parents Strongly Cautioned,103,Minutes
8548,s8549,Movie,Mark Neveldine,United States,"April 20, 2020",2015,Parents Strongly Cautioned,91,Minutes
8549,s8550,TV Show,"Ken Burns, Lynn Novick",United States,"June 20, 2018",2017,Mature Adults,1,Seasons
8550,s8551,Movie,"Ossama Abu El Atta, Tarek Al Eryan",Egypt,"April 18, 2019",2015,14+ Teens,98,Minutes
8552,s8553,Movie,Russell Crowe,Australia,"October 7, 2019",2014,Restricted,111,Minutes
8553,s8554,Movie,Jay Russell,New Zealand,"November 1, 2018",2007,Parental Guidance,112,Minutes
8554,s8555,Movie,Frank Coraci,United States,"March 8, 2017",1998,Parents Strongly Cautioned,90,Minutes
8555,s8556,Movie,Chito S. Roño,Philippines,"March 21, 2019",2006,Parental Guidance,101,Minutes
8556,s8557,Movie,Niyi Akinmolayan,Nigeria,"September 21, 2019",2017,14+ Teens,98,Minutes
8558,s8559,Movie,Robert Eggers,United Kingdom,"September 17, 2018",2015,Restricted,92,Minutes
8559,s8560,Movie,Kyle Rankin,United States,"February 1, 2019",2018,14+ Teens,88,Minutes
8561,s8562,Movie,Neil Rawles,United Kingdom,"August 1, 2017",2016,Mature Adults,47,Minutes
8562,s8563,Movie,Emil Ben-Shimon,Israel,"December 19, 2017",2016,Parental Guidance,100,Minutes
8563,s8564,Movie,Laurent Cantet,France,"November 10, 2018",2017,Mature Adults,114,Minutes
8564,s8565,Movie,Michael Apted,United Kingdom,"December 31, 2019",1999,Parents Strongly Cautioned,128,Minutes
8565,s8566,Movie,Victoria Bromley,United Kingdom,"April 1, 2019",2018,Parental Guidance,53,Minutes
8566,s8567,Movie,George Mendeluk,Canada,"June 18, 2019",2017,14+ Teens,89,Minutes
8568,s8569,Movie,Peter Foott,Ireland,"March 9, 2017",2016,Mature Adults,83,Minutes
8569,s8570,Movie,Sze Yu Lau,Hong Kong,"August 16, 2018",1985,14+ Teens,85,Minutes
8570,s8571,Movie,Peter Svatek,Canada,"July 18, 2017",2016,Parental Guidance,94,Minutes
8571,s8572,Movie,Saheed Arafath,India,"July 1, 2018",2017,14+ Teens,104,Minutes
8572,s8573,Movie,Charlotte Zwerin,United States,"November 1, 2019",1988,Parents Strongly Cautioned,89,Minutes
8573,s8574,Movie,David Shisgall,United States,"December 16, 2016",2016,14+ Teens,86,Minutes
8576,s8577,Movie,Derek Hui,China,"October 14, 2017",2017,Parental Guidance,107,Minutes
8577,s8578,Movie,Wim Bonte,Belgium,"December 15, 2015",2015,Not Rated,77,Minutes
8578,s8579,Movie,Raam Reddy,India,"March 9, 2017",2015,Mature Adults,123,Minutes
8579,s8580,Movie,Bin Bunluerit,Thailand,"January 15, 2018",2017,Mature Adults,122,Minutes
8580,s8581,Movie,Taika Waititi,United States,"June 5, 2018",2017,Parents Strongly Cautioned,131,Minutes
8581,s8582,Movie,Sam Liu,United States,"April 15, 2020",2011,Kids 7+,77,Minutes
8582,s8583,Movie,Benjamin Ross,United Kingdom,"November 2, 2016",2010,Not Rated,125,Minutes
8583,s8584,Movie,Stephen Hopkins,United Kingdom,"November 2, 2016",2010,Not Rated,125,Minutes
8584,s8585,Movie,Johnnie To,Hong Kong,"June 3, 2017",2016,Mature Adults,88,Minutes
8586,s8587,Movie,Jordan Ross,United States,"February 5, 2018",2017,Mature Adults,93,Minutes
8587,s8588,Movie,"William Wyler, John Sturges",United States,"March 31, 2017",1947,Parental Guidance,42,Minutes
8589,s8590,Movie,Li Jun,China,"July 1, 2017",2016,14+ Teens,108,Minutes
8590,s8591,Movie,Aditya Kripalani,India,"August 1, 2018",2017,Mature Adults,151,Minutes
8591,s8592,Movie,Sameer Vidwans,India,"January 1, 2018",2013,14+ Teens,125,Minutes
8594,s8595,Movie,Steve Loter,United States,"May 17, 2015",2014,General,78,Minutes
8595,s8596,Movie,Sonny Marler,United States,"March 19, 2019",2018,14+ Teens,97,Minutes
8597,s8598,Movie,"Edward Ellis, Flor Salcedo, Aaron Woolf",United States,"January 1, 2017",2016,14+ Teens,84,Minutes
8598,s8599,Movie,Beeban Kidron,United States,"August 1, 2019",1995,Parents Strongly Cautioned,108,Minutes
8599,s8600,TV Show,Michael Cumming,United Kingdom,"September 1, 2017",2015,Mature Adults,3,Seasons
8601,s8602,Movie,Kyoko Miyake,United Kingdom,"October 1, 2017",2017,14+ Teens,89,Minutes
8603,s8604,Movie,Roger Spottiswoode,United Kingdom,"December 31, 2019",1997,Parents Strongly Cautioned,119,Minutes
8606,s8607,Movie,Buddhadev Dasgupta,India,"March 1, 2018",2016,14+ Teens,87,Minutes
8607,s8608,Movie,Maria Ripoll,United States,"September 15, 2020",2001,Parents Strongly Cautioned,104,Minutes
8608,s8609,Movie,Warren P. Sonoda,United States,"December 19, 2016",2016,Not Rated,94,Minutes
8610,s8611,Movie,Daniel Benmayor,United States,"October 22, 2019",2015,Parents Strongly Cautioned,94,Minutes
8611,s8612,Movie,Madhur Bhandarkar,India,"December 31, 2019",2007,Mature Adults,130,Minutes
8612,s8613,Movie,Sukum Maetawanitch,Thailand,"July 25, 2018",2007,Mature Adults,88,Minutes
8613,s8614,Movie,Sang-ho Yeon,South Korea,"March 18, 2017",2016,Mature Adults,118,Minutes
8614,s8615,Movie,Danny Boyle,United Kingdom,"October 1, 2019",1996,Restricted,94,Minutes
8615,s8616,Movie,Jeffrey Nachmanoff,United States,"July 1, 2018",2008,Parents Strongly Cautioned,114,Minutes
8616,s8617,Movie,Wally Pfister,United Kingdom,"November 1, 2018",2014,Parents Strongly Cautioned,119,Minutes
8617,s8618,Movie,Stephen Daldry,United Kingdom,"January 1, 2019",2014,Restricted,114,Minutes
8618,s8619,Movie,Richard Bates Jr.,United States,"February 2, 2017",2016,Restricted,94,Minutes
8619,s8620,Movie,Sam Hobkinson,United Kingdom,"January 1, 2018",2017,General Audience,82,Minutes
8620,s8621,Movie,"Jon Reiner, Brad Rothschild",Canada,"November 1, 2016",2015,Parental Guidance,82,Minutes
8621,s8622,Movie,Ron Underwood,United States,"January 1, 2020",1990,Parents Strongly Cautioned,96,Minutes
8623,s8624,Movie,Brent Maddock,United States,"January 1, 2020",2001,Parental Guidance,104,Minutes
8624,s8625,Movie,S.S. Wilson,United States,"January 1, 2020",2004,Parents Strongly Cautioned,101,Minutes
8625,s8626,Movie,Don Michael Paul,South Africa,"January 1, 2020",2015,Parents Strongly Cautioned,99,Minutes
8626,s8627,Movie,Don Michael Paul,United States,"May 1, 2018",2018,Parents Strongly Cautioned,98,Minutes
8627,s8628,Movie,Adam Smith,United Kingdom,"February 22, 2019",2016,Restricted,100,Minutes
8628,s8629,Movie,Shyam Benegal,India,"December 31, 2019",1985,14+ Teens,134,Minutes
8629,s8630,Movie,Mukul Anand,India,"March 1, 2018",1995,Parental Guidance,173,Minutes
8630,s8631,Movie,Jitender Pawar,India,"November 1, 2017",2014,Mature Adults,113,Minutes
8631,s8632,Movie,Nicholas Zeig-Owens,United States,"March 27, 2020",2019,Mature Adults,91,Minutes
8632,s8633,Movie,"Shaul Schwarz, Christina Clusiau",United Kingdom,"February 13, 2018",2017,Mature Adults,110,Minutes
8634,s8635,Movie,Tekin Girgin,United States,"March 12, 2018",2017,Mature Adults,90,Minutes
8635,s8636,Movie,Henry Hathaway,United States,"January 1, 2020",1969,General,128,Minutes
8636,s8637,Movie,Preston A. Whitmore II,United States,"March 1, 2018",2017,Restricted,108,Minutes
8637,s8638,Movie,Jay Roach,United States,"May 19, 2020",2015,Restricted,124,Minutes
8638,s8639,Movie,Eli Craig,Canada,"March 29, 2019",2010,Restricted,89,Minutes
8639,s8640,Movie,Chandrakant Kulkarni,India,"February 15, 2018",2012,Parental Guidance,162,Minutes
8640,s8641,Movie,"Frank Capra, John Huston, Hugh Stewart, Roy Boulting, Anthony Veiller",United States,"March 31, 2017",1944,14+ Teens,76,Minutes
8641,s8642,Movie,David Soren,United States,"September 12, 2019",2013,Parental Guidance,96,Minutes
8642,s8643,Movie,Kevin Smith,United States,"July 24, 2018",2014,Restricted,102,Minutes
8643,s8644,Movie,Hidetaka Inazuka,Japan,"December 31, 2017",2010,14+ Teens,53,Minutes
8645,s8646,Movie,Buz Wallick,United States,"March 15, 2019",2018,Mature Adults,86,Minutes
8648,s8649,Movie,Gary Young,United Kingdom,"May 1, 2019",2018,Mature Adults,80,Minutes
8649,s8650,Movie,Kim Nguyen,Canada,"May 2, 2017",2016,Restricted,95,Minutes
8650,s8651,Movie,"Susan Lambert, Stefan Moore",Australia,"December 1, 2015",2015,14+ Teens,78,Minutes
8651,s8652,Movie,James Toback,United States,"March 1, 2019",2008,Restricted,90,Minutes
8652,s8653,Movie,Anurag Kashyap,India,"March 1, 2017",2013,Not Rated,125,Minutes
8654,s8655,Movie,Benedict Andrews,United Kingdom,"April 1, 2018",2016,Restricted,94,Minutes
8655,s8656,Movie,Paul Feig,United States,"October 1, 2019",2006,Parental Guidance,90,Minutes
8656,s8657,Movie,Michael Mazzola,United States,"August 21, 2017",2017,Mature Adults,104,Minutes
8657,s8658,Movie,Chris Burkard,United States,"December 15, 2017",2017,14+ Teens,40,Minutes
8658,s8659,Movie,Jonathan Glazer,Switzerland,"July 15, 2018",2013,Restricted,108,Minutes
8659,s8660,Movie,Erik Canuel,Canada,"November 1, 2017",2016,Parents Strongly Cautioned,94,Minutes
8660,s8661,Movie,John Ford,United States,"March 31, 2017",1943,Parental Guidance,61,Minutes
8661,s8662,Movie,Paul Andrew Williams,United Kingdom,"July 22, 2019",2012,Parents Strongly Cautioned,94,Minutes
8662,s8663,Movie,Sanjay Patel,Canada,"December 31, 2019",2017,14+ Teens,105,Minutes
8663,s8664,Movie,Sherif Mandour,Egypt,"June 20, 2019",2011,14+ Teens,83,Minutes
8664,s8665,Movie,Jason Reitman,United States,"January 1, 2020",2009,Restricted,110,Minutes
8665,s8666,Movie,Pradeep Verma,India,"January 15, 2018",2017,Mature Adults,121,Minutes
8666,s8667,Movie,Mohamed Hamdy,Egypt,"September 1, 2019",2018,14+ Teens,95,Minutes
8667,s8668,Movie,Mario Van Peebles,United States,"September 25, 2019",2016,Restricted,130,Minutes
8668,s8669,Movie,James McTeigue,United States,"October 1, 2018",2005,Restricted,132,Minutes
8670,s8671,Movie,Pete Travis,United States,"November 1, 2019",2008,Parents Strongly Cautioned,90,Minutes
8671,s8672,Movie,Ram Gopal Varma,India,"October 15, 2017",2016,14+ Teens,117,Minutes
8672,s8673,Movie,Ashu Trikha,India,"December 31, 2019",2018,14+ Teens,130,Minutes
8673,s8674,Movie,Amanda Micheli,United States,"July 4, 2017",2016,14+ Teens,78,Minutes
8674,s8675,Movie,Gurinder Chadha,United Kingdom,"December 12, 2017",2017,Not Rated,106,Minutes
8675,s8676,Movie,Brandon Dickerson,United States,"July 24, 2017",2015,Parents Strongly Cautioned,110,Minutes
8676,s8677,Movie,David L.G. Hughes,United Kingdom,"February 2, 2019",2018,Restricted,91,Minutes
8677,s8678,Movie,Harvey Lilley,United States,"March 1, 2017",2016,Parental Guidance,113,Minutes
8678,s8679,Movie,Gary Michael Schultz,United States,"September 2, 2017",2016,Restricted,101,Minutes
8680,s8681,Movie,P.T. Kunju Muhammad,India,"July 1, 2018",2017,14+ Teens,125,Minutes
8681,s8682,Movie,Ganesh Kadam,India,"July 15, 2017",2014,14+ Teens,116,Minutes
8682,s8683,Movie,Yılmaz Erdoğan,Turkey,"March 10, 2017",2004,Not Rated,106,Minutes
8683,s8684,Movie,Kushal Srivastava,India,"December 31, 2019",2018,14+ Teens,113,Minutes
8685,s8686,Movie,Ed Lilly,United Kingdom,"June 19, 2019",2018,Mature Adults,99,Minutes
8686,s8687,Movie,Bilal Lashari,Pakistan,"July 1, 2017",2013,Mature Adults,130,Minutes
8687,s8688,Movie,Param Gill,India,"November 1, 2017",2016,14+ Teens,120,Minutes
8688,s8689,Movie,Anu Menon,India,"May 1, 2018",2015,Mature Adults,94,Minutes
8689,s8690,Movie,Rob McKittrick,United States,"September 23, 2020",2005,Restricted,94,Minutes
8691,s8692,Movie,Robin Swicord,United States,"March 2, 2019",2016,Restricted,109,Minutes
8692,s8693,Movie,"Marc Francis, Max Pugh",United Kingdom,"December 26, 2017",2017,Parental Guidance,94,Minutes
8693,s8694,Movie,"Alex Smith, Andrew J. Smith",United States,"October 1, 2019",2017,Parents Strongly Cautioned,96,Minutes
8694,s8695,Movie,Philip G. Atwell,United States,"April 1, 2019",2007,Restricted,103,Minutes
8695,s8696,Movie,Faraz Haider,India,"March 2, 2019",2013,14+ Teens,109,Minutes
8696,s8697,Movie,Steven Spielberg,United States,"May 6, 2019",2011,Parents Strongly Cautioned,147,Minutes
8697,s8698,Movie,John Michael McDonagh,United Kingdom,"December 3, 2019",2016,Restricted,98,Minutes
8698,s8699,Movie,Hadi El Bagoury,Egypt,"April 18, 2019",2014,14+ Teens,73,Minutes
8699,s8700,Movie,Jack Zagha Kababie,Mexico,"November 1, 2017",2015,14+ Teens,92,Minutes
8701,s8702,Movie,Marina Zenovich,United States,"February 1, 2018",2017,Parental Guidance,78,Minutes
8702,s8703,Movie,Tiffanie Hsu,United States,"July 25, 2018",2018,General Audience,68,Minutes
8703,s8704,Movie,Max Joseph,United Kingdom,"January 27, 2020",2015,Restricted,96,Minutes
8704,s8705,Movie,Chris Stokes,United States,"July 16, 2019",2018,14+ Teens,83,Minutes
8705,s8706,Movie,David Serrano,Spain,"September 1, 2016",2016,Mature Adults,91,Minutes
8706,s8707,Movie,Jeremiah Zagar,United States,"February 11, 2019",2018,Restricted,93,Minutes
8707,s8708,Movie,Greg MacGillivray,United States,"July 1, 2018",2017,Parental Guidance,38,Minutes
8708,s8709,Movie,Alejandro Agresti,United States,"August 15, 2017",2015,Mature Adults,94,Minutes
8709,s8710,Movie,Antoni Krauze,Poland,"October 1, 2019",1983,Mature Adults,91,Minutes
8711,s8712,Movie,Chi Fat Chan,Hong Kong,"September 27, 2018",2016,Mature Adults,95,Minutes
8713,s8714,Movie,Ashish R. Mohan,India,"March 1, 2018",2015,Mature Adults,124,Minutes
8714,s8715,Movie,"Stephen Donnelly, Olly Reid, Jun Falkenstein",United States,"October 1, 2017",2016,Kids 7+,73,Minutes
8715,s8716,Movie,Abel Ferrara,United States,"March 23, 2017",2014,Restricted,108,Minutes
8716,s8717,Movie,Trevor Ryan,United States,"February 6, 2018",2017,Mature Adults,84,Minutes
8717,s8718,Movie,Stanisław Różewicz,Poland,"October 1, 2019",1967,Mature Adults,93,Minutes
8719,s8720,Movie,Huang Lei,China,"July 1, 2018",2017,14+ Teens,102,Minutes
8722,s8723,Movie,Robert Zemeckis,United States,"January 1, 2020",2000,Parents Strongly Cautioned,130,Minutes
8723,s8724,Movie,Rebecca Harrison,United Kingdom,"February 1, 2019",2017,14+ Teens,52,Minutes
8724,s8725,Movie,Josh Mendoza,United States,"December 21, 2018",2018,14+ Teens,91,Minutes
8725,s8726,Movie,"Rudy Soedjarwo, Riri Riza",Indonesia,"December 8, 2018",2002,Restricted,110,Minutes
8727,s8728,Movie,"Ritu Sarin, Tenzing Sonam",United Kingdom,"December 25, 2016",2013,Not Rated,75,Minutes
8728,s8729,Movie,"Heidi Brandenburg, Mathew Orzel",Peru,"November 30, 2016",2016,14+ Teens,103,Minutes
8729,s8730,Movie,Marek Kanievska,Germany,"January 15, 2020",2000,Parents Strongly Cautioned,89,Minutes
8730,s8731,Movie,Scott Zabielski,United States,"January 22, 2018",2017,Restricted,86,Minutes
8731,s8732,Movie,Noah Baumbach,United States,"October 23, 2017",2015,Restricted,97,Minutes
8732,s8733,Movie,Paul Raschid,United Kingdom,"August 1, 2019",2018,Mature Adults,89,Minutes
8733,s8734,Movie,Benjamin Turner,United Kingdom,"September 25, 2017",2016,Mature Adults,91,Minutes
8734,s8735,Movie,Drew Stone,United States,"September 1, 2017",2017,Mature Adults,78,Minutes
8735,s8736,Movie,Martin Scorsese,United States,"July 1, 2019",1967,Restricted,90,Minutes
8737,s8738,Movie,"Milla Harrison-Hansley, Alicky Sussman",United Kingdom,"February 1, 2019",2016,14+ Teens,50,Minutes
8738,s8739,Movie,Dhruv Dhawan,Canada,"October 15, 2017",2016,Mature Adults,84,Minutes
8739,s8740,Movie,"Frank Capra, Anatole Litvak",United States,"March 31, 2017",1943,Parental Guidance,82,Minutes
8742,s8743,Movie,Barry Sonnenfeld,United States,"January 1, 2020",1999,Parents Strongly Cautioned,106,Minutes
8743,s8744,Movie,Paul Dano,United States,"September 1, 2020",2018,Parents Strongly Cautioned,105,Minutes
8744,s8745,Movie,Morgan Matthews,United Kingdom,"November 4, 2017",2017,Mature Adults,105,Minutes
8745,s8746,Movie,Mel Stuart,United States,"January 1, 2020",1971,General,100,Minutes
8746,s8747,Movie,Pascale Lamche,France,"February 26, 2018",2017,14+ Teens,85,Minutes
8748,s8749,Movie,John Duigan,Australia,"November 1, 2016",1981,Not Rated,86,Minutes
8750,s8751,Movie,Debra Granik,United States,"March 1, 2019",2010,Restricted,100,Minutes
8751,s8752,Movie,Zach Braff,United States,"August 16, 2018",2014,Restricted,106,Minutes
8752,s8753,Movie,Theo Davies,United States,"December 3, 2019",2019,14+ Teens,108,Minutes
8753,s8754,Movie,Adrian Murray,Canada,"May 1, 2018",2017,Mature Adults,74,Minutes
8754,s8755,Movie,Bart Freundlich,United States,"March 29, 2019",2016,Restricted,109,Minutes
8756,s8757,Movie,Barak Goodman,United States,"August 13, 2019",2019,Mature Adults,97,Minutes
8757,s8758,Movie,Oliver Stone,United States,"November 20, 2019",2006,Parents Strongly Cautioned,129,Minutes
8760,s8761,Movie,David Guy Levy,United States,"June 5, 2019",2013,Mature Adults,93,Minutes
8761,s8762,Movie,Yasir Nawaz,Pakistan,"July 1, 2017",2015,14+ Teens,133,Minutes
8762,s8763,Movie,Mikhil Musale,India,"October 1, 2017",2016,Mature Adults,140,Minutes
8763,s8764,Movie,John Huston,United States,"March 31, 2017",1943,Parental Guidance,45,Minutes
8764,s8765,Movie,Lawrence Kasdan,United States,"January 1, 2020",1994,Parents Strongly Cautioned,191,Minutes
8765,s8766,Movie,"Jovanka Vuckovic, Annie Clark, Roxanne Benjamin, Karyn Kusama",Canada,"June 22, 2017",2017,Restricted,81,Minutes
8766,s8767,Movie,Rob Cohen,United States,"January 1, 2019",2002,Parents Strongly Cautioned,124,Minutes
8767,s8768,Movie,Lee Tamahori,United States,"January 1, 2019",2005,Parents Strongly Cautioned,101,Minutes
8768,s8769,Movie,Alfonso Cuarón,Mexico,"June 1, 2017",2001,Restricted,106,Minutes
8769,s8770,Movie,N. Chandra,India,"March 1, 2018",2008,Mature Adults,137,Minutes
8770,s8771,Movie,Subhash Ghai,India,"March 1, 2018",2001,14+ Teens,171,Minutes
8771,s8772,Movie,Ksshitij Chaudhary,India,"November 1, 2017",2011,14+ Teens,132,Minutes
8772,s8773,Movie,Sangeeth Sivan,India,"May 1, 2017",2013,14+ Teens,147,Minutes
8773,s8774,Movie,Kedar Shinde,India,"January 1, 2018",2006,Parental Guidance,151,Minutes
8774,s8775,Movie,Abu Bakr Shawky,Egypt,"October 22, 2019",2018,14+ Teens,97,Minutes
8776,s8777,Movie,Christian De Vita,France,"August 5, 2015",2014,Parental Guidance,90,Minutes
8777,s8778,Movie,Saratswadee Wongsomphet,Thailand,"December 6, 2018",2010,Parental Guidance,111,Minutes
8778,s8779,Movie,Saratswadee Wongsomphet,Thailand,"November 8, 2018",2012,Parental Guidance,112,Minutes
8779,s8780,Movie,Kirati Nakintanon,Thailand,"November 8, 2018",2015,Parental Guidance,107,Minutes
8781,s8782,Movie,Mark Risley,Japan,"December 1, 2016",2016,Kids 7+,96,Minutes
8782,s8783,Movie,Kevin Smith,United States,"December 2, 2016",2016,Parents Strongly Cautioned,88,Minutes
8786,s8787,Movie,James Brown,United Kingdom,"December 31, 2017",2017,General Audience,87,Minutes
8787,s8788,Movie,Kenny Young,United States,"December 19, 2017",2017,Parental Guidance,85,Minutes
8788,s8789,Movie,Ivona Juka,Croatia,"July 1, 2016",2015,Mature Adults,157,Minutes
8789,s8790,Movie,Cathy Garcia-Molina,Philippines,"February 27, 2019",2009,Parental Guidance,116,Minutes
8790,s8791,Movie,Dennis Dugan,United States,"September 1, 2019",2008,Unrated,113,Minutes
8791,s8792,Movie,Jason Reitman,United States,"November 20, 2019",2011,Restricted,94,Minutes
8792,s8793,Movie,Mu Chu,Hong Kong,"November 1, 2016",1973,Not Rated,81,Minutes
8793,s8794,Movie,Raja Gosnell,United States,"November 20, 2019",2005,Parental Guidance,88,Minutes
8794,s8795,Movie,Mohamed Diab,Egypt,"October 11, 2018",2016,14+ Teens,98,Minutes
8798,s8799,Movie,Chandra Prakash Dwivedi,India,"December 31, 2019",2014,Mature Adults,131,Minutes
8799,s8800,Movie,Avadhoot Gupte,India,"February 15, 2018",2009,14+ Teens,120,Minutes
8801,s8802,Movie,Majid Al Ansari,United Arab Emirates,"March 9, 2016",2015,Mature Adults,96,Minutes
8802,s8803,Movie,David Fincher,United States,"November 20, 2019",2007,Restricted,158,Minutes
8804,s8805,Movie,Ruben Fleischer,United States,"November 1, 2019",2009,Restricted,88,Minutes
8805,s8806,Movie,Peter Hewitt,United States,"January 11, 2020",2006,Parental Guidance,88,Minutes
8806,s8807,Movie,Mozez Singh,India,"March 2, 2019",2015,14+ Teens,111,Minutes
